feedstock_type,conversion_route,moisture_pct,organic_fraction_pct,ash_pct,carbon_nitrogen_ratio,lower_heating_value_mj_kg,contamination_pct,temperature_c,hydraulic_retention_time_d,residence_time_min,oxygen_equivalence_ratio,ph,pretreatment_intensity,sensor_coverage,data_quality_index,collection_distance_km,seasonality_index,local_energy_demand_index,vulnerable_population_index,sorting_efficiency,net_energy_mwh_t,net_emissions_kgco2e_t,operating_cost_usd_t,material_recovery_index,reliability_index,exposure_index,carbon_avoidance_index,economic_viability_index,environmental_justice_index,ai_circularity_score
industrial_organic_residues,gasification,51.93156155753696,63.09029913212787,6.429603655917431,23.70312221742007,14.041246427706582,6.949596527487134,551.8999483290384,8.396989874314142,54.33350322514738,0.27462214882928515,7.194534422438811,0.4640876844165626,0.83464524476174,0.8504886506097894,34.79114010493801,0.09005414349677486,0.7542918700872779,0.49945959577080556,0.33003444262699794,0.3608217535251522,202.72407222810176,111.86211739724118,0.40098844971766456,0.8682580240526082,0.20664830229473738,0.04487253966726815,0.49063279947426414,0.7933516977052626,42.953016723520406
industrial_organic_residues,hybrid_biorefinery,42.2705957349957,74.77915895653395,10.486924376000115,24.20278728200957,16.566240303217164,7.670786646324046,728.0750597532679,23.33789534744446,48.46943278427981,0.22419017580869782,6.639995463050517,0.4915165254894174,0.7283444209112896,0.675121553287295,39.87561805285481,0.08239186835245807,0.596776677320378,0.7042507717699149,0.4539043038048425,0.672861923135874,60.5696001832489,130.29574565560478,0.8391018914660956,0.9374391532418404,0.19107990855494764,0.4141049345889639,0.4622625406919725,0.8089200914450524,62.2493785362301
industrial_organic_residues,anaerobic_digestion,43.68030911612182,67.52637704276505,11.742327394319952,20.41828712888502,15.001382272633808,8.442239976717726,40.23265588014972,26.326925544863933,6.8181741858869165,0.15036911815690923,7.122098626182761,0.3067003333002744,0.8290648548034557,0.8357378057841163,13.862277731529137,-0.009144849965062873,0.8312554647423313,0.08413524750349592,0.48450071646825116,0.5305958233764954,114.66123846248334,65.6539963978479,0.7465655259440607,0.9255893334132765,0.025294505885709473,0.2736071728247186,0.7711837316804717,0.9747054941142905,59.11606739115142
sewage_sludge,anaerobic_digestion,83.6977784394942,56.08853302058801,26.86745817387731,6.0,5.823770078175371,5.220272175783425,36.05095098422116,16.116569262218455,15.621811361772853,0.16444441120308587,6.63521779692407,0.16908810857672096,0.5667240153873324,0.6354744091074644,28.2678787140982,0.21472217625210613,0.493582324491354,0.10388990033019425,0.7061232181627739,0.1464207966376812,161.46270155803896,82.1268429802513,0.8135159479963472,0.8513158500575269,0.03379864189728974,0.15204493101808061,0.5999660332589672,0.9662013581027102,49.00032685564145
industrial_organic_residues,anaerobic_digestion,48.887597599346314,72.30580270376184,10.313939796333928,19.398667675138352,15.645647094656486,5.63504955897766,31.871971181163758,16.610312128401905,10.071055012665434,0.29053638794873043,7.2059970647507035,0.2548334023597709,0.6171321053867188,0.7526985925461087,61.98668462092574,0.18059118834722915,0.6110262821955222,0.41924264682991397,0.6832475631319085,0.19743463808302342,183.22592301245308,92.88781957553128,0.8117532160589152,0.9024542547579716,0.13385531922928223,0.09551708308453745,0.5545523594544162,0.8661446807707178,50.8441927115171
food_waste,hybrid_biorefinery,64.6384085696256,72.43816547978619,8.162725418238681,23.037463982958073,8.297444268389913,4.091894477783252,594.3205151666384,21.361634528190194,57.03309390365525,0.21766808059027482,7.61808933760496,0.4493148115899116,0.7411728314030501,0.830878148064179,9.307852306248968,-0.015222833697698057,0.7368089006462614,0.6547722002098699,0.6826093701349885,0.6782342788670512,15.072610714017154,91.6316275114712,0.9179542661164573,0.98,0.1551073440935694,0.532278933210345,0.666939817606166,0.8448926559064306,67.29336193474639
agricultural_residues,gasification,38.930240939633094,82.4109165710314,7.197498834740561,39.974630737665834,18.81406419474223,8.186092933216777,536.5114359807527,2.7736107702894515,54.32805091274093,0.3004336252126633,6.668345375069465,0.45562852988475117,0.685114394490728,0.7110086990124973,16.292796015398505,-0.02851257196712191,0.662488412285572,0.6228682779229014,0.4027117395100134,0.5514588767022951,176.31634756114101,100.67128990994058,0.40982556673576603,0.7849039396999924,0.30049066134701713,0.11346403230872464,0.5914720586116597,0.6995093386529829,42.36291019755373
industrial_organic_residues,hybrid_biorefinery,44.6517858794254,72.91041578931616,9.426261683709237,23.839093816563576,17.160199927523607,0.5,622.7622195813863,23.882562106862235,48.551927876245195,0.15396597930750971,6.535147376132496,0.7695183893137203,0.8742495063867485,0.7576562813558761,33.08590886682542,0.12650406070210193,0.7590187685728939,0.4941910278895835,0.6241433947734725,0.8295053878701294,22.979378608964403,122.5198084374663,0.9540973198384658,0.98,0.09127160965122175,0.5117418737429497,0.5376500882921322,0.9087283903487783,76.17090686797677
food_waste,incineration_energy_recovery,65.38153889680063,74.17807767642458,14.105007931325542,21.506435959937328,9.18283085366296,0.9588479006788031,653.76994068077,1.0,36.94631667124103,0.5718406630085872,7.2043592126373435,0.4966262925555752,0.684885678194713,0.710215308094152,40.292947342437344,0.1292443913654807,0.7219180436246904,0.5395296895106836,0.45548932514722024,0.13275410927593126,346.15832999266144,88.70587351631856,0.32689049938649944,0.9313006990959237,0.26752838470431245,0.0,0.562332885533765,0.7324716152956876,34.86397211068419
industrial_organic_residues,gasification,54.47193937408292,76.926214762906,13.417421182752346,26.04764075728251,18.15037296431684,6.384514933401867,419.5949364123509,12.021271807585705,39.50760682851809,0.2775516311040123,7.258342739701185,0.3902263744766385,0.7365623615681599,0.6410138616021027,38.042758364471,0.1556799473315603,0.5607725073641143,0.359538817984568,0.4815199598269826,0.42811928126714566,216.48336808660832,106.31542158848167,0.43690649538106363,0.8346662812667156,0.15729394254262125,0.009134108865952409,0.534631391413079,0.8427060574573788,42.50761497996823
food_waste,hybrid_biorefinery,63.15718030274309,65.27934497653904,6.98741280664059,22.121886448502572,9.309513376816291,4.5933702458255565,775.2600121217412,29.638430661338457,44.170344783286325,0.2747510122698578,7.1822443304519386,0.5591120520772858,0.41448799311818774,0.5441010865479328,6.7487665795438465,0.01571646481250627,0.5710998716944284,0.3580767882916869,0.533398772694862,0.5798346920685802,13.670801084142372,109.62296803571344,0.8859250656191194,0.8922269525738347,0.10734115271805134,0.5359199971840458,0.5506006425934379,0.8926588472819487,65.61496834007062
mixed_biomass_stream,gasification,42.644624024178064,70.34349287869725,20.778568894180914,31.381596243230284,16.284578038794315,12.228720472399157,552.7489812317551,5.665351863091276,44.68964582455372,0.2919735748020288,6.5083209179177075,0.2936259407719832,0.5161851667182366,0.6459636169441227,36.431849123634734,0.1724902062188428,0.8714932758921845,0.059022153015314674,0.6583170263825483,0.38261354089164956,205.78948164969486,115.35215815841345,0.4324682885506016,0.7398618701515024,0.03609769954005582,0.036910437273519836,0.4770583571097763,0.9639023004599442,39.95380160562142
sewage_sludge,anaerobic_digestion,85.4236411569994,55.998765743626194,21.355186110471756,13.49681068619783,6.188829703194125,10.806641376395447,28.842969578924382,21.32196315940677,3.0,0.07534574188409562,7.627351780434869,0.8230127526785972,0.5985366091417568,0.6955596911982955,24.510103089371093,0.2849747282262307,0.7420361407224895,0.3635617248428344,0.272982699622647,0.140118063716277,193.2207630840766,94.78940071056319,0.7184402054851815,0.8370663191988246,0.13914799522124663,0.06955645952187897,0.5319343913304062,0.8608520047787533,45.28594338429192
sewage_sludge,pyrolysis,72.92449640272503,52.923219247640226,23.093693462194295,6.0,7.687131857971295,6.383686047146771,781.9984559843598,1.0,35.561210698749974,0.01,6.510819686772616,0.5269925199564838,0.6435670559144563,0.6812963644245649,24.495475550576227,0.17850905571086495,0.5443650355356721,0.2902370262571644,0.7610671970778694,0.09125393474842972,210.27983813440133,90.05435519387649,0.6677403985359586,0.799343840655841,0.11567017304249584,0.02524717367687966,0.5461055751505678,0.8843298269575042,43.436901486793175
agricultural_residues,hybrid_biorefinery,30.309863305367312,64.07673700313184,11.122992022348184,33.99847633108216,19.400417249500215,6.7438499551782956,620.9605065551591,24.817271689195366,16.0809364104015,0.09905566378142669,7.047177377946755,0.09745307247667973,0.5926402431664648,0.6054785416813431,40.269109071227746,0.23051513528782153,0.36050682926441696,0.3018712891572894,0.40425610350991853,0.7362621805781736,64.99653220825435,112.28215956042683,0.801653321989366,0.8949780880224504,0.08729513513637252,0.40260640984869006,0.5710189451986359,0.9127048648636275,65.29223489813894
msw_organic_fraction,hybrid_biorefinery,46.81158866355464,67.82417358932763,17.113841902543335,21.623127592339067,15.57845644791599,10.678042735290774,653.6923825066575,24.344567238393005,37.56400879045664,0.21297954053799506,6.963291678492347,0.5527168201935319,0.8940430617383813,0.8236130785177257,35.67741537195595,0.15856142659930228,0.41100698843252487,0.45923388162143686,0.8426854281598689,0.6024627931102233,100.40709223233779,127.90531944714452,0.9201424035084143,0.9497778056136125,0.12035777775003632,0.3106309292666551,0.4593559226571727,0.8796422222499637,65.64161384433785
food_waste,anaerobic_digestion,67.77863231821628,77.4646899877274,13.268991893771934,16.219145626423696,7.988754374266746,3.9473115205676623,33.48788452603743,21.28829530668059,7.020946763778548,0.06060434487891378,6.584519581237763,0.9262279933078263,0.9300660634846808,0.8317172902691428,32.17027763085765,0.310286189189053,0.8270196560961425,0.5495618173048255,0.6331181773413516,0.3116277067313025,115.71605328903459,81.20053862065203,0.8647466031559904,0.9667688439886727,0.12991589934758924,0.2708673940544556,0.6411868395827179,0.8700841006524107,58.710335776441845
sewage_sludge,anaerobic_digestion,73.09823102411887,51.240059848263265,14.229772311570281,6.0,5.5700622552106145,7.3966860364435085,43.56482945830132,21.774696744046487,3.0,0.17601318211505296,7.517210767504473,0.19846539690586776,0.6911098983977338,0.7833460131886605,37.72376167164106,0.018269158006323394,0.4959895493034807,0.7471432606621959,0.4315945373136771,0.37260785521015977,134.24774881221308,81.2636835284359,0.7319990638257843,0.870072156902842,0.24075948069333938,0.22273311996827772,0.6542701306281514,0.7592405193066606,53.11164551148724
food_waste,anaerobic_digestion,74.03126961928936,79.96633537588148,12.283989983186775,9.090704030845266,7.185604887055241,7.005236192954522,43.93862546630968,17.896884902433314,3.0,0.18693243747050406,7.475793379222686,0.7512946985284791,0.8880421378509825,0.9065501658689072,36.82558271757813,0.3382984718308443,0.9049397480678799,0.38906903984569996,0.43277821916366416,0.7714634022704582,111.51030595531861,95.61729651102561,0.7792614773225127,0.9259921308352139,0.106324680760455,0.28179141310306854,0.6664730194941029,0.893675319239545,64.2105358707309
msw_organic_fraction,incineration_energy_recovery,48.54510884897242,66.10134781457641,16.620490413406756,17.835413357410445,13.46993907472609,11.760811308429574,856.7195341641336,8.471066642567047,45.137345269097594,0.5674151116860758,6.8154743323364695,0.4280484897528871,0.5020358183134962,0.5287666290870032,26.39751804548392,0.34560533492009793,0.4849342110755491,0.2768122240830822,0.6287361058473654,0.24706740880343378,297.7283562754165,98.87769759452983,0.28910222648306527,0.7864921030558193,0.22653090210700763,0.0,0.5339458952287037,0.7734690978929923,34.556634372152025
food_waste,incineration_energy_recovery,74.39033446180166,77.41479335731647,6.073343919597043,15.353173818740233,11.82326195038075,0.5137614617971389,406.5847383683889,1.0,45.34931935892003,0.552164209462289,6.758836200601207,0.5730081820684866,0.7555552915993015,0.6081438202304658,67.07846280569628,0.2892837899786087,0.9956643848061946,0.30485463691689263,0.5839823270040283,0.1905948605178332,336.2305785017523,110.75719764372764,0.368239906083906,0.919557509733713,0.14084195539071914,0.0,0.4589982501364095,0.8591580446092808,38.885049550396374
food_waste,anaerobic_digestion,61.673148899347375,80.39901143109988,5.941195301510406,10.067354754423238,10.487450800217047,4.251943009943362,34.532469177138594,27.155159288339874,3.0,0.15151393758592085,6.94529405277345,0.6148062196632776,0.9713724703732793,0.8585122635719082,43.10205424512701,0.40467202986870954,0.46904511327785703,0.10424782666269083,0.35029490053492746,0.37698196047104693,130.60571623228006,83.44683351390943,0.7669946216371906,0.9585087870591459,0.02404093584574122,0.23219294485122063,0.643742170704107,0.9759590641542588,59.78050897622719
msw_organic_fraction,hybrid_biorefinery,46.15315432448529,66.25620618064119,16.635827904148318,24.18906630545008,15.69348987787232,10.133377664115846,886.934289610269,21.872842753859505,29.675802660357263,0.18489437066963776,6.773314179888431,0.23394138295678557,0.6164535501234467,0.7284001223815779,27.659754876787773,0.42718960751312846,0.6500915884490482,0.5941057104472226,0.5379902365899092,0.6357079842657773,71.96117415572381,121.07066519639476,0.8222792261352092,0.9056622259324236,0.1886693577961994,0.3845164307643537,0.5026417291890249,0.8113306422038006,58.914981419397826
agricultural_residues,gasification,30.83631325390203,72.9650647375276,12.112269131475323,48.60168442042627,18.50997450072169,1.932905053286896,688.6217445472977,1.0,49.59462883662059,0.014611102234965145,6.1967878074081035,0.7204878705638305,0.5457478440307265,0.6388693568828506,24.16382125155714,0.48957964285366545,0.4343465026037183,0.22501958286697138,0.550652676829089,0.6222125016002592,125.96416680985469,106.09120270780251,0.5117718634793704,0.7831278328246689,0.09500369565925815,0.2442489173770008,0.5785119992583596,0.9049963043407419,51.762714978811964
msw_organic_fraction,pyrolysis,46.27840402743543,65.4451362551232,18.667786097142567,27.059125484384445,14.40131428196135,7.787192705727753,688.0696178245624,2.4869012026477675,39.20651809530426,0.14093889265938087,7.31774607873598,0.7158905054558374,0.7852993411246864,0.7886543523613377,25.845638985579942,0.45709236592989544,0.8006142635963942,0.2579693312441236,0.9079603060616712,0.27487153721752394,163.22419192511254,98.39057275343329,0.7097509680117905,0.8649545179829139,0.09724902628264287,0.14746963136334407,0.5426266184329431,0.9027509737173571,48.86538158983716
agricultural_residues,hybrid_biorefinery,31.915352654658975,71.52744512763847,3.850316939045131,39.995589612545466,15.182699055270735,3.108179780393386,649.4672081942003,28.2276613739484,59.251612712653454,0.19419425337766572,6.974873622911085,0.5247763113313829,0.5528655610233398,0.6630201134155691,14.797152129842358,0.45511934708963114,0.7776670033925528,0.3625164690971257,0.8367684875478574,0.9911229727346141,-46.930313747354354,106.37092911930777,0.9694169683307213,0.9090362899649362,0.09423647097804981,0.6933254902528685,0.6582000586368373,0.9057635290219502,80.2161369500835
sewage_sludge,anaerobic_digestion,86.00300440985457,50.89792404614652,22.10734431200861,6.0,6.8808115046449245,12.335377870779602,37.613219100895726,22.015571506480452,3.0,0.1639495142513384,6.592522009097466,0.14838444277981414,0.6281383837230726,0.6863621525892345,9.821543785049833,0.3779990552434645,0.7975840789906209,0.3160245970716355,0.43393921350076065,0.22199786010728698,191.6359040972813,74.2480283296639,0.6940079137021181,0.8098189552142706,0.12399620459904798,0.07367297637069793,0.6580604327516879,0.8760037954009521,49.64746108825945
sewage_sludge,anaerobic_digestion,73.0498575064521,58.65962718378176,17.313888167717632,6.629702996812198,8.864169070532686,10.520660488082592,45.43699144842931,21.64162808156354,3.0,0.16316939620507598,7.185710954034201,0.516112461275112,0.6194175966620532,0.681249517629499,24.328755983755016,0.5105886105419909,0.30245882763017456,0.2903668010574707,0.5664206777272957,0.41207959847994746,141.17154920965885,90.36348166568666,0.7692495429172547,0.8239532359925431,0.10863785876592912,0.20474922283205493,0.6150602397409218,0.8913621412340709,49.04507823015078
food_waste,anaerobic_digestion,77.62956612213723,78.1550707003664,8.651891384889037,23.604740312829694,11.2207480983439,4.5521734938146965,42.81328786243421,24.363226317160645,3.0,0.22884717873000032,7.188714592902538,0.8844634248854225,0.6438430404558265,0.4806034099859285,20.02058654084877,0.4652936167353592,0.4731432805061071,0.13320926404772188,0.3515734346507597,0.7215377514747987,53.222952318771995,81.37904522603631,0.7867852181968209,0.8959757244029412,0.040152784948883025,0.43318713683435844,0.7304275409768961,0.959847215051117,65.64234026142483
food_waste,anaerobic_digestion,71.10622926123746,78.13832036941983,11.516800680580591,17.2245665640557,12.100202153956149,7.022532312959677,36.716729418001236,26.750609060684724,31.20552182225824,0.31723392205481193,6.720200041712126,0.4440619366811435,0.7049274253384232,0.7537796668332792,30.604229389207603,0.31356734022643473,0.5919660557385937,0.80428156562969,0.5624550095269056,0.39690383009446506,146.52560536759648,80.56292454982214,0.7869809811255002,0.9000853093122703,0.25340193782243037,0.19084258346078836,0.6633034502532973,0.7465980621775696,55.78131278590744
food_waste,hybrid_biorefinery,70.40002427299433,79.16569991124129,11.331802041089183,14.977460583784545,8.730513683611177,0.5,659.9481373209682,24.635049343946573,35.489690034505024,0.1818609738928269,7.349687962648471,0.3661637566918657,0.7331979323156266,0.7294209733317207,43.52500134053457,0.5812212582488987,0.5365560219265958,0.5124324701217536,0.6996582301887659,0.6857906710637227,58.427385874637665,114.54350250760534,0.9407076580825409,0.978491627696451,0.10561261591536537,0.41966912759834374,0.5480134081203066,0.8943873840846346,67.55332558468614
agricultural_residues,hybrid_biorefinery,33.783480363076315,71.26509504548173,15.607464110690279,49.97139640679967,17.44973031798995,4.119156955302534,578.2859207353056,23.11677658057278,37.803006610573625,0.2934049216395236,7.2772943526200375,0.8183389653924186,0.7707839314553575,0.697651092523744,19.671290542038392,0.5881207280019147,0.2967443799439969,0.6695149036684626,0.4415138635047005,0.7923901676278821,36.60958189529813,119.80433597462273,0.887011484420451,0.9146853025510496,0.15527930895983882,0.47633874832390094,0.5437767001695933,0.8447206910401612,67.45323253959221
mixed_biomass_stream,hybrid_biorefinery,25.480398601893764,60.223951050880906,9.49801743899946,35.4251366587166,15.242855218945666,10.211862062206835,715.0279482044457,32.1811291986501,42.564696675895554,0.2063231058735828,6.630230582305398,0.7142723563644224,0.35109741418811274,0.3802128338486598,12.64354579444685,0.6713638394578738,0.7286171781555116,0.3745300189361741,0.8768719343157347,0.7507932494614388,-5.0683175724302245,110.77693937065645,0.9448767376526397,0.8002412598490044,0.1406818515693894,0.584593032655663,0.5821379918780616,0.8593181484306106,74.7836060116765
food_waste,hybrid_biorefinery,73.41846287562993,74.86211573836044,11.470196333907875,10.894647524725706,10.306185530055103,9.738864423195256,703.6104311526907,21.118939481082677,38.9147366348611,0.15127620186584234,7.061113062683277,0.7078953805353442,0.8811480086364888,0.835097561011398,25.43152205504408,0.6479168078118515,0.7800935492881672,0.23816656329037558,0.18,0.5222346848351661,121.90594615877744,117.6507771163738,0.7734595794804607,0.9296701165193443,0.061306153824595436,0.2547897502369417,0.49567701426176913,0.9386938461754045,58.41009796326968
sewage_sludge,hybrid_biorefinery,77.07976523698673,57.144681226094185,15.866090290454178,21.24274658767184,7.728613864339093,7.4525004720492145,716.1878486499879,15.95090285526095,59.19036890103189,0.15732106571524987,7.078575669733048,0.26089903330896147,0.7200485743121022,0.7311945292576316,14.871404865621649,0.7297225492680238,0.8591882509301573,0.5570231047710265,0.62391410839898,0.3615595632465346,112.4051778718655,110.53266140059742,0.8646829464601175,0.9366260328010617,0.15095360774167105,0.279467070462687,0.49779225443740904,0.8490463922583289,58.20080534535281
mixed_biomass_stream,gasification,31.667279852018368,62.65136066956828,13.31632788627582,28.580067625086603,12.195165570357021,5.258047590917493,778.8966749113642,1.0,49.3271001318821,0.17265201990173207,7.303546918825731,0.17237222862252366,0.7635375747786373,0.6468374458524496,79.09981399478463,0.46251854461422404,1.0,0.5377308737189174,0.6589914909611982,0.35963117721826654,207.46708771339996,117.37431398252835,0.47173131789367906,0.842303581218295,0.22157341529147578,0.03255301892623386,0.46135931171155364,0.7784265847085242,41.63822885351025
food_waste,hybrid_biorefinery,71.84599884622713,75.43832510913879,16.299495943032763,9.98574147894244,9.42661703800573,9.117558041633693,701.7475092548531,25.816565367582122,46.375013244286535,0.2030960477060085,7.422163335597488,0.5403958909062302,0.7593345246585294,0.7851357941440948,11.943471767638048,0.30955050257325867,0.46733376777281244,0.15632772838131992,0.886295280535947,0.6782053423135096,39.829263121818784,112.39238300138754,0.9409825851150494,0.9073823506655017,0.04343839483029425,0.46797593994332787,0.5576663174069324,0.9565616051697058,69.55396046204335
agricultural_residues,pyrolysis,30.518859775783568,64.98410840844977,14.724423827892906,40.26654085563127,15.191075913885259,0.5,333.7872577424838,2.829372313585437,42.7393904728274,0.050287610315267156,7.1776076636604085,0.9164358243967211,0.6386931956444553,0.7055915868775589,14.062208541974721,0.39284750914584016,0.6330380318598471,0.5206114977419145,0.7299887650728595,0.489363840747034,75.69933788601196,82.5183590187161,0.7323120572199525,0.8576396337205662,0.16577443475356343,0.3748069145817871,0.6733528922342626,0.8342255652464365,57.69372330004034
sewage_sludge,hybrid_biorefinery,75.33416856729336,58.83093281342613,24.35589662353345,10.198042480511512,6.589353670251218,8.41977293611734,556.0938626426089,17.265839589162795,33.7173454928914,0.135563078521998,6.742784170072706,0.7582781949855141,0.7185175978323224,0.5837159605768527,31.434935876849288,0.5330723371407886,0.6524553422828817,0.47632356954174415,0.40274897851029123,0.20524927139483642,131.20675620199583,126.04134636977065,0.8424110896735926,0.8848084940289654,0.1334013795386637,0.2306318020727381,0.38177933249754475,0.8665986204613363,49.13242053444164
mixed_biomass_stream,pyrolysis,43.54536060477008,68.40521217627783,10.76096796929487,30.697858235883952,17.41069581520379,12.79361942801411,486.49718032537413,2.4382227917206505,61.29745315040712,0.11556553736393457,6.868342061017921,0.3582938744150923,0.8406198673011656,0.8539249922264558,35.636604142374104,0.6605487059998203,0.8171338593276435,0.41051114112260795,0.6082158419509923,0.4021833698215138,170.7155962101857,106.07346222813717,0.5711621344448568,0.8318373268992738,0.17269366758867752,0.12801143841510207,0.5301989612126426,0.8273063324113225,47.76233056096377
mixed_biomass_stream,hybrid_biorefinery,42.457021346135576,59.584528986686415,9.41528231727513,33.76676767607276,12.352813140812657,10.945182033716138,478.40782892060594,23.26728956308737,43.569973952064956,0.26186767031057184,7.087470690845139,0.17876985481602642,0.9317318889963871,0.7353283775602596,12.404770740921073,0.7522905894962545,1.0,0.5268596239862499,0.6422206255964826,0.5939499932709328,51.37239578324279,106.77303541402723,0.8382404705483897,0.9304848483111395,0.13481004331937188,0.4379937771863824,0.5687056542352513,0.8651899566806281,60.48156477797951
msw_organic_fraction,hybrid_biorefinery,54.11322211676638,56.1675952167495,13.424348696949027,22.042037595035733,14.392202018798596,10.081489827337574,723.6245708228073,20.3084189856921,47.9753707302225,0.17010231484993385,7.45556981003246,0.36490929541624995,0.6046091741796916,0.7193811636594049,18.98818286984683,0.5615077493108641,0.26143315252262844,0.47312180158045325,0.7784860272948261,0.5656881992492303,63.477206901233615,108.37087436400742,0.8932438216656435,0.8978225712401741,0.15121479637404311,0.40655270934744514,0.5540783808663705,0.8487852036259569,63.33683297400576
mixed_biomass_stream,pyrolysis,34.31975211437797,66.49099626121856,9.243391883740006,27.35514225404605,18.65564352265034,12.382064284927267,661.2244591369756,1.0,38.64873231960128,0.08512927202099875,6.8131331313188594,0.4596138250109705,0.9045463028457262,0.8211989340642865,34.31484361259418,0.7343895569753233,0.8008210420904658,0.20204283479572915,0.7670202484363313,0.5386755762947328,153.3249117291017,110.41771322207312,0.6218497181154696,0.8501149212878543,0.07970910372977424,0.1731820474568787,0.5373627677212984,0.9202908962702258,56.26146230368437
msw_organic_fraction,hybrid_biorefinery,49.12805862529851,60.18172567123478,14.440138898446783,19.18564819223949,11.823059405264527,11.567146864439236,510.0773818855632,27.210634795688165,33.98695755098983,0.37666982790674747,6.992015442162462,0.24438615601661284,0.7334773579688445,0.7757221266329399,13.528678564585114,0.6828939141122201,0.8983190645101681,0.5043342432748908,0.3023859876578133,0.43766370431262314,89.98639914697026,108.86018986058268,0.7541773613447077,0.9056127567697234,0.153927477626967,0.337697664553324,0.5233376472614998,0.846072522373033,56.490237523213615
mixed_biomass_stream,gasification,44.83804927251276,58.89082224391564,12.931025892848034,31.507947210399518,12.872472795213678,10.431105381679375,649.9352438308597,4.198467632987809,56.52881169113357,0.13330291289662263,6.109158145549363,0.4620822019569968,0.7255879850705691,0.5224974810047854,14.583223037454806,0.6822880133420296,0.8348953474330603,0.31875358925542824,0.6315499314951218,0.32154657572645073,230.82971953435816,94.51536181235505,0.4518363213585846,0.7738500894423835,0.16027562018536443,0.0,0.5732909739632136,0.8397243798146355,39.4437970142067
food_waste,anaerobic_digestion,65.80149485065633,66.5472378732739,9.394699463343283,11.849318005364008,9.1571306202338,5.984134569675124,34.792286396085764,24.156410113716824,4.407945106979335,0.22704800205675058,7.316294823571804,0.19723247299762803,0.7923668979430453,0.7931876742144977,37.58210844579269,0.5197735466403027,0.7224025767151809,0.6025389460113824,0.3484726683773832,0.43171559753070565,101.57706523308232,80.97959472026363,0.7210078229464303,0.913279566290491,0.17160697782673756,0.3075920383556303,0.6687690381922098,0.8283930221732625,60.260712509933974
msw_organic_fraction,incineration_energy_recovery,57.10668726765253,58.11366637141421,17.494166420699475,16.413383927961156,13.503233287880816,15.073538026280069,559.9343159027558,1.0,19.127723489400225,0.5313510526147377,6.596442123001438,0.20489119266608077,0.5665816678785637,0.6635969858402768,19.282399769684837,0.4707094561852142,0.5395219781639988,0.9038134642377605,0.18,0.1354358811638361,336.5327608979992,99.40016323728186,0.13587652922932597,0.781593890912663,0.7782057726839314,0.0,0.5066371399756131,0.22179422731606857,20.51664733424623
sewage_sludge,incineration_energy_recovery,76.35909068184087,49.805151039944526,24.589875176839335,15.02835295369561,4.331805659293658,6.789223644441998,550.7336488304081,10.467549842296851,28.798810582482947,0.6622960373279511,6.788346841169072,0.33961119097015957,0.9820845980735466,0.8558007160251242,69.87973097100479,0.5805565986428204,0.7241667816191598,0.08009749188764666,0.7423267579514388,0.05,370.0223848162806,114.63906361483481,0.34522601925437846,0.9320287076832341,0.03910613318146797,0.0,0.40763650729034306,0.9608938668185321,35.8951040720589
msw_organic_fraction,incineration_energy_recovery,55.91319193790332,61.374652977657945,19.344600494559156,23.702911659022003,12.619937721770853,12.314070089664378,845.1074685416478,1.0,54.23828271666426,0.4174780187133327,6.8760456053800185,0.6523316840643235,0.8602046723301736,0.8603858004351057,32.223652781697766,0.7640236279444765,0.7216988799625732,0.47075786141212833,0.28577668132445627,0.1722164552624259,357.877013595941,107.24005264614416,0.2174322144286093,0.8905199040509294,0.30322250243629195,0.0,0.4734662904411855,0.696777497563708,30.14012429545421
mixed_biomass_stream,gasification,49.09641782618938,63.20066443188561,10.408286517076142,40.77450562141748,16.314098498713133,8.969411653124862,832.8751626465046,4.796488919148203,44.66300309875162,0.2237789918784608,7.003647653757477,0.6583384602269887,0.9331893368211406,0.725329205834767,18.987352272414643,0.6136603562706687,0.6085555085771975,0.45248915173702525,0.32448697288062545,0.5181930888502502,178.36631157902346,96.00759033395366,0.4010029384664414,0.8179049492546643,0.18436204150812877,0.10813945044409491,0.6086993725262463,0.8156379584918713,43.816807784784686
msw_organic_fraction,gasification,49.72810284979323,67.85608823866184,12.567349854007933,31.37422270307295,17.30627120346546,13.099353439714651,717.0574356006405,1.535701155522203,23.277440146958206,0.22780964458788444,6.417486665615438,0.15238313981614368,0.5373557356644638,0.6663150729781167,5.874302715391272,0.7705766076362524,0.690169404558782,0.1480145484648926,0.399377144216382,0.4146651077604424,218.9146003111305,97.07656142580761,0.3503394631613845,0.7385411914585075,0.09154696648165069,0.0028192199710896123,0.580297053045152,0.9084530335183493,40.48464092246278
sewage_sludge,pyrolysis,81.81239408152324,57.60202850398914,22.512615906063846,15.50320172691093,6.927648067711099,10.35406614839506,750.1446185921635,1.0,23.30227143755105,0.18804449992101874,6.889830555749292,0.08894142249663206,0.8619651164920177,0.781096030859441,28.94580495150035,0.8255532008330967,0.633342333323285,0.3486283144004767,0.7727098157469411,0.05,236.22378201568364,107.2467825106256,0.6078143046977004,0.8372604571633783,0.13419262434996052,0.0,0.4465432499440758,0.8658073756500395,37.98828505035308
sewage_sludge,hybrid_biorefinery,88.0,52.069803541342615,23.43708551142415,6.606568403088599,5.826857039087563,8.746801731189974,747.3249671653889,24.59547417011787,60.109378192016834,0.17335242825851296,7.033741014556348,0.8570526891127868,0.6998894150090049,0.7677591533309908,29.37101649415175,0.7920560807627014,0.7398558163575754,0.31557809779411555,0.5753577692349431,0.38614560453583124,176.9363601068111,117.75246425749029,0.891176045319429,0.8904778204260517,0.09052939841508163,0.11185361011217898,0.4652022211163551,0.9094706015849183,51.68005123391487
agricultural_residues,pyrolysis,28.319315750209668,62.6514361635362,11.488101363630205,42.28434076785738,18.279990201929902,4.523185354914758,719.3457881440678,2.1329553158805883,70.45372083160402,0.09641017815374685,6.148130336581321,0.25163362035220876,0.5879580498496344,0.6072687567921782,6.591658518674397,0.6616356670443317,0.6825329749172309,0.4030422738570422,0.46551739535823694,0.5120920926046985,121.47222482955185,79.1614439077722,0.5848477409833326,0.8014765164641195,0.15605466382273023,0.2559162991440212,0.6960210819110747,0.8439453361772697,52.62964952271829
msw_organic_fraction,hybrid_biorefinery,67.73028852529083,58.24949622467954,17.430988696128576,25.062027331402632,12.305666554879936,10.05221124116959,479.1603696284268,23.46339723014502,35.77973208542505,0.18601954365233375,6.872084760405402,0.21909107896792082,0.8315970004627443,0.8018228184920035,25.208780742380206,0.9563634640537173,0.5175488288402076,0.4278696398485929,0.7777058260806348,0.37468807473320054,101.31641746085054,122.6349906345217,0.8815882641494053,0.9506832718502962,0.11576286730136255,0.30826904555623236,0.4369840573122425,0.8842371326986375,55.285616150592915
industrial_organic_residues,gasification,53.88523533785013,66.7769283119398,11.756647345954697,24.356757322859092,15.996710129234934,8.652773142680621,376.61159345105216,1.0,46.65846155223936,0.25635140797161493,6.9671637554148695,0.6067484633734905,0.871709340971857,0.9284533339478079,66.536217718595,0.5257869781927305,0.3228542198367808,0.4219984950005838,0.5525215445701996,0.41151808836280657,212.4455053142662,135.10250150340997,0.4561008512136648,0.8707730694554587,0.17924776504112155,0.01962206411878909,0.37946818205344923,0.8207522349588785,44.039969953294744
msw_organic_fraction,gasification,62.6425180348272,75.85118574206248,14.732120345746123,22.209296829797662,13.181372321596543,10.529333549883674,547.6476137771856,1.0,39.78360631532239,0.2958550641789933,6.627372354072931,0.5456118446996258,0.6094045298777627,0.7019315072264256,77.02143400176118,0.9612698867249896,0.7555036807135848,0.5656968752181193,0.4490375510472329,0.29470779293764715,259.730517609565,130.94739106073365,0.41220300048859254,0.7835057642507736,0.3095692772570668,0.0,0.3756389193897895,0.6904307227429332,36.319733683018804
food_waste,anaerobic_digestion,88.0,79.13262773684528,13.75839553876262,22.641652903543456,11.495595312534341,3.4297849812977654,27.72619346162353,22.057069334969952,17.740828519958022,0.11211397234194483,7.0882719173287345,0.22385806139970782,0.7642567707529082,0.595977868456122,57.91530775694042,0.8413299800537395,0.500355753207102,0.11825850188389267,0.8390764898451738,0.05,178.86608786086947,85.70698869617335,0.8636692725041857,0.9345045012591152,0.031324138426463394,0.10684133023150787,0.559910585809614,0.9686758615735366,53.55151248180486
mixed_biomass_stream,hybrid_biorefinery,38.689554524109155,61.11799076026,13.657022683510663,29.494628023002274,16.734797839790595,4.401405364941878,590.5433641302486,26.420189565586906,37.63098269586758,0.06738353035110195,7.383994370139858,0.8955414315519311,0.7158591348686687,0.7520710485371123,19.582205158368243,0.9011517633539744,0.7306111698158263,0.19147086588782206,0.42788638760957753,0.9005964814614732,-7.315831452301463,126.43660549357148,0.8878050738719557,0.9608174639410287,0.046745529344080945,0.5904307310449389,0.5326754075343058,0.9532544706559191,70.17824297060727
msw_organic_fraction,hybrid_biorefinery,52.7705141130004,60.617929756915416,18.610478974620623,12.200951116800795,10.66746635281811,11.157799797447865,828.2374151048496,20.8213495591663,46.211241500821856,0.25936524907948083,7.8874096566473515,0.15569562574126716,0.8077348594915128,0.7074587021015499,23.87312999045039,1.0126286704232035,0.7828113319323885,0.1389414025396541,0.42694838985135336,0.494711613415146,89.75597493370114,118.35578662341253,0.7810881489400047,0.8957980141622317,0.03960472175514819,0.33829616900337367,0.4859113621965294,0.9603952782448518,57.01964099585167
sewage_sludge,incineration_energy_recovery,77.50289342437706,45.58784621589647,15.742032775160581,6.0,4.5876122383611895,7.536167724140273,513.2787823362754,1.0,35.7109693802154,0.5191644497406405,7.262876516033093,0.6289070136741778,0.8909661512183084,0.6456279614175194,64.55984097746602,0.9782766004544738,0.719139274754587,0.37459170692891336,0.6966261754062959,0.05,385.8287989892003,114.57249655058455,0.3517159308765263,0.8657843181577344,0.202963788607118,0.0,0.40798686026008135,0.7970362113928819,36.13896472563523
sewage_sludge,incineration_energy_recovery,76.64548603519573,61.02773678863086,23.602120020240573,12.369024792712663,8.485202374884137,9.453360317745267,790.0383965568807,8.597118383234928,63.260405432843505,0.5751157258734378,7.116840790522884,0.1954438960077665,0.8779041597085042,0.9180261881368457,63.60312564603842,0.6043511358327078,0.7778302002597038,0.16246301245963246,0.42965084052615965,0.11651233878494033,394.59877850754725,114.70938799467655,0.23687469958794438,0.8942432256882333,0.09466488073984976,0.0,0.42189909350807353,0.9053351192601502,34.78677439965072
msw_organic_fraction,incineration_energy_recovery,51.27673279421071,55.7882357423121,18.530045032966456,28.471810804369312,13.497980816295087,13.223185108854116,613.137856491182,7.937413521927626,44.45330247894551,0.5159020507429376,6.69083804071061,0.6584839229960794,0.9756944483734192,0.7906866113332573,55.81950536573559,0.7714968083817866,0.6882904649438808,0.4316426373087637,0.8615910307436774,0.343959830461049,330.6391137055533,130.4914230708464,0.35551417576362687,0.8886216311046493,0.25851649646485997,0.0,0.3888741991706603,0.74148350353514,38.172501841493386
msw_organic_fraction,pyrolysis,50.73308747558641,70.27287578779992,20.92814987095218,19.548915264269574,14.947748552603494,11.739120073181937,689.0779860663995,6.301093197175318,56.93220561749182,0.08579027413042323,7.293556698355677,0.6406889425987607,0.9573198968703601,0.9645396281540877,18.369220194540624,0.7861683121852316,0.6641895778513341,0.5400888265829018,0.782005258390385,0.3326370463965009,156.26942198876836,96.8288175050077,0.6445825894932236,0.8717298701714257,0.1998426883791187,0.16553396886034194,0.563554794917716,0.8001573116208813,44.84649397179432
msw_organic_fraction,pyrolysis,52.58422440858991,72.08014264847529,14.438631943054133,21.24299509128154,15.722524808832636,12.634380457091751,586.5171561636687,3.224334344097033,61.23688293050471,0.18263419737379774,6.51412238725541,0.6112763103549583,0.5387112619971596,0.6587168028390282,24.483520179438994,1.0036266893742956,0.5077693916816637,0.3922536315074563,0.7790119281615048,0.3227460284251985,192.85381935629493,98.64659605950224,0.6352144236691305,0.7681850943033084,0.2039346974151568,0.07050956011351965,0.5518115154140582,0.7960653025848432,44.737585168807506
mixed_biomass_stream,gasification,41.434172352028014,62.93434284462043,10.845120181523761,27.149537836947612,15.25959514045505,4.713553697321165,601.4054869781442,4.593982699514509,40.20541270093886,0.25100364549477927,6.793034415182695,0.17178495721099163,0.7270574595072624,0.7219955528801033,22.568465464012263,0.7855665247899541,0.5557792025926498,0.3254476956377877,0.8823570265072285,0.47952380052784266,152.7206527774889,100.6070159141795,0.5313371773224383,0.8526664301670349,0.13508429364861563,0.17475155122730154,0.5759846260414965,0.8649157063513844,51.999587902924986
msw_organic_fraction,pyrolysis,51.88155030345036,68.13552774350703,13.035535901223074,29.594573466462272,15.073585018026604,12.63259380626426,629.7354982193727,6.001549541548366,10.66177955879192,0.1011580752939823,6.7603261007560675,0.4438342665040658,0.7048485870749097,0.7444910536399123,7.366894694394322,0.9542013860408152,0.5746318696448522,0.3217340645987234,0.6580846886397563,0.2936023961822207,163.6804575596137,87.56216580910376,0.5915997568364145,0.8021226057161062,0.1493599731674945,0.1462845258191852,0.6037390229016477,0.8506400268325055,44.87772955983301
industrial_organic_residues,hybrid_biorefinery,44.34213788909354,76.69049948418095,7.556234021922272,13.229977986345785,16.791366838475696,10.480278539930652,770.2960088705084,20.650673753902137,42.998691191976164,0.23248358875606862,7.287023613071838,0.35129435154969696,0.5220589647104243,0.7163843025823331,41.8586449009865,1.0811764987022443,0.5550722017056245,0.05624837936808093,0.7306014306888476,0.7606837956470389,84.61543787886919,132.23549245621268,0.8773919560166731,0.8590644242841439,0.019208335196191237,0.3516482133016385,0.47137415895701873,0.9807916648038087,63.381528827816695
sewage_sludge,pyrolysis,77.55842412578865,57.300753233049235,25.289049621467463,13.11622699312746,7.059807572780635,8.032406254568045,643.5092738579826,1.1165075553624888,39.60619884276355,0.18357132615556548,6.7620121785601945,0.17984965799308397,0.7235927035289765,0.6280895612232462,13.543608037719157,1.101512093947342,0.6995663875064138,0.5921129747440103,0.5915519748379585,0.05,224.83295508757053,79.86492555841636,0.5860491225669601,0.8108960017454676,0.2356564913942046,0.0,0.5906582865346507,0.7643435086057954,35.74921670844289
sewage_sludge,pyrolysis,72.04750534491764,56.73079033532734,23.765507605828038,6.0,7.110456004007655,7.651200064068902,861.8473257353503,13.622480185062866,25.02772328003759,0.25457489040095926,6.479670997596337,0.7568093701550639,0.688631346545935,0.6390824577301581,38.635265442179666,1.0287226007819168,0.4918526993482747,0.19299904514229504,0.3865830338547329,0.05,281.3428204577354,108.15688921406166,0.583632107627606,0.7917704852851157,0.07779265297329896,0.0,0.44175321466283335,0.922207347026701,38.86343873162467
msw_organic_fraction,incineration_energy_recovery,60.22153153233602,59.26527220793001,26.801576509406637,19.026595295631367,11.11723915032861,13.530416146840324,825.871050081239,4.322948284716109,51.86690904224729,0.42095168077789036,6.562870959007881,0.2273048303934746,0.7484368430532117,0.7057957754905269,25.770778248795473,0.7576004971850901,0.7720724663454545,0.4376611961453948,0.7326596903019943,0.08053211700513505,365.9806819789874,96.13061646941888,0.2866363959790943,0.8342105892568277,0.31824964279393086,0.0,0.5117664527441883,0.6817503572060691,30.636771888448465
agricultural_residues,pyrolysis,36.594776879956164,65.38693290177295,9.521261755329682,42.22649011192048,19.000830108426193,3.060111872598935,512.1015304932985,6.719385020560901,39.18012330885931,0.21215467800706267,6.799608097300738,0.025173974500418105,0.7608641789217122,0.797644329548206,42.057320762673406,0.7710759827004275,0.7298275512795478,0.20875339245553923,0.8295025288245826,0.3902495729233639,163.98232216345522,89.0992862123247,0.6679687670579866,0.8619320246171839,0.06765616501424455,0.1455004619131033,0.6169112943993259,0.9323438349857555,50.08157989881693
food_waste,anaerobic_digestion,73.2748782026002,75.47750367972635,10.390664864969903,26.800260047257844,10.435849616802338,6.178087099117424,43.84635054535086,17.151619994877905,17.058342709688514,0.15938018717368718,6.269366681479532,0.05945684921127397,0.9227229147423555,0.8489050536705293,53.79958630204927,0.948530234057517,1.0,0.3669240871811193,0.48042531685095535,0.19136370898472457,158.52930355991475,83.70721352676681,0.7416162674558188,0.9670898753514511,0.09465186807801677,0.159664146597624,0.6015357342568141,0.9053481319219833,50.106542304221435
agricultural_residues,hybrid_biorefinery,30.46301601354984,69.85939692659055,6.29478577141263,39.54110074472675,18.249756342514257,7.7580114928796,675.5280194327712,29.918601805964997,52.688749322435044,0.293918093762528,7.129335223943231,0.8436658443900422,0.9120853391893053,0.9273386283912141,19.374346461419094,1.1364843744987407,0.870858896860345,0.1329480919069014,0.4004172174144527,1.0404777749651295,-3.5357677055742514,122.55533088887229,0.8532914914546594,0.9595240595884688,0.03129790769708478,0.5806123836508422,0.5838770531824744,0.9687020923029153,71.4759849995391
mixed_biomass_stream,hybrid_biorefinery,38.641116319572866,60.05666240825926,13.974413168943988,35.0465334815409,13.88493494795278,6.477152583988626,681.3899118092897,22.50082709752275,51.86231019164052,0.09393448218482814,7.274995036694963,0.5943372024233535,0.41619521460070374,0.5020743488923247,33.92416514963637,1.004466220561363,0.8400169724728367,0.7214711016593264,0.7796541500712185,0.7223166096615368,19.993805253533846,121.2566134786501,0.9371204456237525,0.8548858583385072,0.23107832040677126,0.5194966097310809,0.520716951606327,0.7689216795932288,69.37900156730711
industrial_organic_residues,hybrid_biorefinery,47.400695808199394,73.22860874861838,11.190809121429298,25.39389676444085,17.868273851503766,4.464038605067294,748.7902966904396,24.03875298807062,26.146827089152588,0.23394891474663343,7.593668246281367,0.6137890148475783,0.9352740899141289,0.7677538126186846,14.316899880907403,0.9815907661946587,0.854493762334677,0.4420654520838576,0.6242589276213482,1.1031225704760457,-32.14219127557314,102.63183120355716,0.9139195828576722,0.98,0.09091512462242257,0.6549147825339562,0.7025194328544292,0.9090848753775774,79.5769519793726
industrial_organic_residues,gasification,49.33116269905414,76.845272147296,10.888313101387332,15.885723273638934,14.243033041602152,7.705359829454995,789.7804778972347,12.079912120810238,54.354353049257405,0.2901103532725455,7.062084860093867,0.4551660291608344,0.6610309997160718,0.7072371724378224,16.24140819017378,0.9572540666479193,0.8003151833514818,0.3265135272291885,0.2920076525004921,0.4812526134607593,181.7810530330971,115.47020387175806,0.3854776766518048,0.7991324784711893,0.15770863538915048,0.09926999212182573,0.49813765984685093,0.8422913646108495,43.15358118900207
agricultural_residues,pyrolysis,36.26086713230545,67.52954866415016,16.49854686739166,43.315321065484035,17.996625828840823,0.5,698.1273935732942,3.329863895953172,37.70112324795256,0.025646791429614527,7.7351171829148395,0.5138598549767033,0.6849603113324504,0.7575848350603172,11.597584335867088,1.0147429890587438,0.8039501061761998,0.4236134877917434,0.632087933857258,0.4452533921802861,87.24592274115159,73.81765468072048,0.6756307718624508,0.8631396790061168,0.13059059272286772,0.34481578508791794,0.709441774275871,0.8694094072771323,58.769587849651636
food_waste,anaerobic_digestion,70.40096518379892,74.58139748396201,5.161485600461458,10.17871528622927,8.86955719485513,4.258761508675017,32.09702830123255,22.42098245014117,20.702633793701786,0.08887541838105428,7.077743984556312,0.6964256879527578,0.6304015574031264,0.6312422711274532,26.433010177439584,0.8563685310762348,0.8067466654951613,0.15469973071248558,0.60624018274739,0.2516698841524989,92.44050016805832,65.39579594743456,0.8374627701623429,0.8791775951546932,0.04655325939497303,0.33132337618686153,0.71117897479021,0.953446740605027,58.95279002862453
mixed_biomass_stream,pyrolysis,46.798531693341864,52.99232973072191,12.903518199769863,39.304288757161736,13.578754631634952,11.60928356149487,594.2559624218657,6.728968799249763,58.16793008643441,0.13188972368895152,7.118205860774856,0.3511397856826013,0.7095792892245378,0.6363947358444205,25.12434010640646,0.9703187394294157,0.8539033425807392,0.38950882788732943,0.4544879918462988,0.32042111155512154,216.1012608165781,95.0469026740399,0.5404481958857187,0.774901116833949,0.17495729786158612,0.010126595281615313,0.5702457883629695,0.8250427021384139,43.22366445295616
food_waste,hybrid_biorefinery,70.10898685261118,81.79853339993377,8.46146956143431,17.02387382098527,9.854754059929174,0.5,519.8215593911495,27.80546743060108,19.680592237440337,0.1263579255269006,7.010097980298583,0.7706532356360287,0.891681748520287,0.820157590864741,18.971454922384076,0.9437413959604647,0.5750611009404679,0.47933762808969,0.49978788366367105,0.739709666069764,29.13960603863492,113.50815073925656,0.9230992297668001,0.98,0.08725992109785648,0.49574128301653264,0.5653248068550504,0.9127400789021435,68.04958890202498
sewage_sludge,hybrid_biorefinery,80.35395260753181,55.26280091876897,25.49755241485168,15.747329062872764,6.516828405315058,5.990014709365333,780.5565941401167,26.86945590454933,25.72491818045541,0.15807922427642035,7.207930411705867,0.5263447397289265,0.7866259708877904,0.7891450518143397,21.74557475209515,1.0621874940184397,0.7678384467448258,0.2154594659136768,0.9069667113783356,0.42751185770133543,91.74105291699107,116.97930810125185,0.9669191540573406,0.951614316023883,0.05284136912157808,0.3331401222935297,0.4783720397403367,0.9471586308784219,59.63593074468406
industrial_organic_residues,hybrid_biorefinery,44.64226686205261,71.7028343148213,2.0,19.581959178322244,14.499437186280977,3.941246475497671,669.0453972767549,22.72027283977366,17.889433469068663,0.19508555785112294,6.825086554223841,0.5197858099687508,0.8048590795821638,0.6967552913762611,36.5478321705832,1.0864299567904254,0.5062977095396882,0.2792087949623484,0.45779695237750034,0.7250623896385012,4.875755599648048,117.07441358902797,0.8684433775633915,0.9703454609263593,0.06266323503379238,0.5587642711697454,0.5433326015676915,0.9373367649662077,67.94947360264399
mixed_biomass_stream,pyrolysis,46.2684200352629,63.303985584250434,11.421007275104346,29.568742531902835,13.146609045153275,7.516980149451918,695.8829185807698,8.124689448070514,36.44343501970423,0.15362984023692638,6.269507827470285,0.09506601522153654,0.9733567675832174,0.8466782049834278,43.032713444253204,0.8642814885953785,0.9011109863001893,0.2499428812475077,0.7911313229605599,0.3689717036262366,175.25961298569945,89.5332089296886,0.6327692509116994,0.8973139878361194,0.07993195111404239,0.11620879743974169,0.6099463593783585,0.9200680488859576,53.53208093976464
mixed_biomass_stream,hybrid_biorefinery,45.841089653565454,57.075841377377,14.612597324257388,29.437455470515694,17.737249780137553,14.946780900436769,655.3490145746953,23.319888556844273,40.51868440380582,0.257420440405195,7.034878045383318,0.45247179435097284,0.25,0.5028359279947917,22.48258872790784,0.8387117327569003,0.6983277103585938,0.27918286653061203,0.9132699869620543,0.6387925167965992,26.947550009053533,122.69530277992519,0.8998877739855341,0.7746440661996438,0.12702217055465165,0.5014349350414193,0.4947696022219613,0.8729778294453483,66.49137454427463
industrial_organic_residues,gasification,36.59101871340286,72.95860762414172,13.471012597750299,23.10116818564226,14.883418949408167,9.668038761317048,762.0964587349569,10.550198464334752,55.49210914135665,0.34569623557560025,7.056517995103137,0.5273012884236095,0.5769538724921172,0.572817751146538,35.96433019755453,1.0675069655894953,0.9179844609341259,0.45054194657302726,0.49105105867031795,0.4894287001786501,167.85330900450316,109.60401366541258,0.4272705964122489,0.773231182598427,0.24538279761318985,0.13544595063765413,0.5308110842213422,0.7546172023868102,46.732076915154764
industrial_organic_residues,hybrid_biorefinery,47.49706835667022,75.43253963769232,10.182558225017091,23.069181762935084,16.1402563723258,4.817896778022604,654.6386866387894,21.438659026966736,25.972759504796933,0.115568097062549,7.698872256472342,0.7773209636347017,0.6887162064296468,0.6682945629198,41.31326273114331,1.038729750984182,0.7118688825517843,0.3727918181553808,0.3694592899769778,0.9774852729430779,0.8350317451283793,121.76115818818893,0.8608252221388624,0.9503367751330783,0.0942465206899558,0.5692596578048613,0.5741985590570091,0.9057534793100442,76.23248088713203
food_waste,incineration_energy_recovery,73.82511492743488,78.14274690392165,11.551091944753352,13.455112527441004,10.94701534863055,4.340111614075671,505.5536988201756,3.150627582101304,61.57534818670711,0.6673616358771988,7.0510719601630365,0.14502586773939993,0.8141764633362785,0.6558739213019105,10.314330247603,0.9669982955993884,1.0,0.33972816120652055,0.6180173210931634,0.16202869240625345,311.79129490917774,83.45343907525385,0.31572561839391317,0.8988312538830119,0.1750133227634254,0.0,0.5964176856175134,0.8249866772365746,38.84167470207
food_waste,hybrid_biorefinery,71.60399694070885,67.39696502184967,14.047692868618622,23.325350758042116,12.643840380228301,0.5,817.6896428600976,23.350677591830635,54.67320260160164,0.06465560012268701,7.663828637932855,0.47421971955653364,0.9518423511233904,0.875439733897303,31.13253081853202,0.9471288833960219,0.5209834719042257,0.30451065049630915,0.39936547403772826,0.753961317940439,35.9696896433815,110.72460420559572,0.8742789460739547,0.98,0.0526530374006316,0.478000806121087,0.5831104151806034,0.9473469625993685,69.43340380526823
industrial_organic_residues,gasification,51.13479837055477,66.17890949113068,5.578053801199947,32.15626832311549,14.5327073657111,5.057769382895148,618.4909470368447,1.0,62.077141794139436,0.24248629436897795,7.278590534708448,0.4104410253032804,0.7505062888964908,0.7991155973605266,32.431144244622196,1.1596155461849025,0.7366543350061259,0.3347578199181098,0.28079946183329324,0.4647840015983822,161.5329303903075,94.90424651744368,0.3976307618023197,0.8496308960621465,0.13828701082212327,0.15186251846673374,0.6027564460493089,0.8617129891778768,51.34835515084563
agricultural_residues,gasification,31.41351159522135,65.32064806101432,12.36760727454393,42.75225764524185,17.110386031785534,0.5,680.7940327116388,1.0,50.12977250545006,0.453853943632583,7.272559517941704,0.867810355685978,0.9086622109103956,0.7832450142574557,16.075494601936917,0.9173359873799893,0.7740248384902044,0.2584015650857137,0.4871077187592557,0.7024905566014283,112.06738932110623,90.07329479656134,0.5177017581446922,0.8831622612008788,0.07857826259899711,0.280344443321802,0.6804779498388336,0.9214217374010029,59.38561974200572
food_waste,anaerobic_digestion,75.58503809195612,79.43525640675736,12.771599939870715,23.011754028548562,9.892451478423409,8.160978189726514,39.142303408661604,26.16188096282899,11.385054690018556,0.19729046952389218,6.892486803412389,0.6202531744576567,0.4278455868048463,0.6001429594246562,36.674693337735185,1.0336932615832528,0.613997817142906,0.15077194964041435,0.5976171968636405,0.5240274671297286,106.50987224581208,85.31914903840486,0.8018977058444371,0.844212578979047,0.059197874712761285,0.2947795526082803,0.6662378899348305,0.9408021252872387,57.078855768987545
msw_organic_fraction,gasification,61.585501922203264,64.58840126088732,18.96830092966661,24.64224880004655,14.51753953735286,14.774097590309376,701.3062154884826,8.637728886567714,54.00508265284292,0.2392375540657177,6.329635380908033,0.3587606319665537,0.6458936922772588,0.7533614270859008,21.099155809006806,0.946622084130876,1.0,0.15156671321231224,0.6867371976474653,0.20278124404321968,260.37802539846797,107.44606249786409,0.426966466837025,0.7671255890214518,0.09129662344776665,0.0,0.4791062815954868,0.9087033765522333,37.31194107449611
msw_organic_fraction,pyrolysis,63.21167279313678,49.81733275606505,14.498947882015848,25.87502933203953,11.999022703072818,13.210128727580175,680.7671329045537,2.475660685032964,38.677761648153876,0.06281489571851494,7.20205982243796,0.2800116148867848,0.4950302339817312,0.6128470966666244,29.482679371109423,1.0356798607394406,0.47745976813162977,0.2172252042086324,0.6555191543483572,0.16687514907615267,213.81198556753924,93.19620860211242,0.5738098166849709,0.7587494149196654,0.11801747790659928,0.01607276475963834,0.546206171733004,0.8819825220934008,40.658159065505394
food_waste,hybrid_biorefinery,61.22437647757228,76.63212271787111,17.82763204982519,22.765014292417717,9.317757945816716,5.77331954329167,564.6684561376799,16.23096240226571,40.819567641191135,0.18640685074672028,6.494745574148312,0.27957537077321537,0.8297270170318911,0.7837488700301214,26.068152929416463,1.0091996033856594,0.5917750973169118,0.13476458828534899,0.603637714178569,0.40468650755466223,93.39495975971815,119.1146242544001,0.8728622214034578,0.9771946778131267,0.031715701018104496,0.3288442603643684,0.4621119566388672,0.9682842989818955,58.27813302191231
food_waste,hybrid_biorefinery,73.46188516508762,72.4937580833573,5.783485109948156,10.225654719910409,6.674318163386969,0.8309606094896265,722.1617981172622,15.007507339933586,28.58252584496034,0.30536289998630406,6.927226382553111,0.3980692609523519,0.3390870308025939,0.5812266635664877,83.11697091809037,0.948284531736062,0.44232383356800625,0.05546968113702155,0.6028306793094971,0.327638418740429,142.91317066747644,142.85310001522404,0.916736486437135,0.8846053098445877,0.014963121979613381,0.20022553073382743,0.32022203099013624,0.9850368780203866,55.77882032807145
food_waste,hybrid_biorefinery,70.10532284550645,71.11024713090615,11.922071825398845,19.932203217933548,11.186316484528017,5.189460452232755,673.9947019154374,28.998648901720852,50.63672807682058,0.1847670674406403,7.668158561875741,0.6098757969785519,0.65932630120923,0.7387533777357884,24.80443667012098,0.8245522368592577,0.6846731804180309,0.6513182048099496,0.7992314851403003,0.7116794070634813,12.98824012998297,109.83631473914093,0.9522717118777299,0.9425699041713854,0.17039942100342245,0.5376928827792651,0.5784836025058557,0.8296005789965776,68.61426715361657
msw_organic_fraction,incineration_energy_recovery,58.676161106068356,71.8098709036561,14.795125276568367,26.62855324292799,13.902403614045934,11.2384873166234,735.5983627062128,7.876145934253572,48.92893314237048,0.5321052206466543,6.674864462005913,0.26481889759602767,0.8961095317135509,0.8302271193029179,16.777237840802584,1.0214336314711663,0.6357702607408042,0.2268499569003372,0.42241214133310295,0.22547860020530106,319.62494343290496,82.75054604708242,0.22811913592459412,0.9007232265571818,0.13747212592093047,0.0,0.6140761023236798,0.8625278740790695,40.460601585930384
mixed_biomass_stream,gasification,53.77919142629407,60.552441446834,14.327230384526274,39.29795792827418,16.405928120444052,8.037060478848833,650.5964415957873,4.976904579693993,49.34175533525979,0.17503801043426204,6.260130387269454,0.37318992222813124,0.9038717194413264,0.8891502180869886,75.90411250040042,1.0756912893999122,0.5552263496943599,0.3548993586652981,0.4164619604071466,0.35538647428173464,262.61489733835776,133.59223610534332,0.40771126052809536,0.8423846204487048,0.14386929173383697,0.0,0.37506799220859577,0.856130708266163,41.24160594229578
agricultural_residues,gasification,34.39616483061932,70.12695830161223,13.490422651706389,45.92403254344468,18.618473247262486,2.704747774026659,678.1680111101139,9.317544642257632,37.175105167166464,0.22601145549121943,6.863500989282627,0.5252759385358422,0.4415599509338845,0.6533443070482312,19.143683645250224,0.9261220278213842,0.5882041082598339,0.5348840963958646,0.8285999589474801,0.6339079205875006,142.39749720298855,107.49945499719351,0.5602388304015508,0.768569402373902,0.2486714399638737,0.20156494232989988,0.5736731372808632,0.7513285600361264,50.94941656135815
food_waste,hybrid_biorefinery,64.78802265461923,79.56868369465491,11.856078272772281,20.399536992780753,10.123136636774223,5.694821960640444,669.6579126797545,19.109380790697042,67.20494786850031,0.15538244342726384,7.421513305157468,0.023166170221660582,0.8720143766519868,0.6892871388606592,16.463681339915073,1.0549121777890123,0.5637926115576191,0.4396574408676963,0.6497400159155787,0.5398674305090922,70.40366508601241,96.42861936169659,0.8644245438721444,0.9682841523358188,0.09972267357427397,0.38856190886750025,0.611251785439913,0.900277326425726,64.83092813385943
agricultural_residues,hybrid_biorefinery,39.21837190690051,68.87081796062037,7.731637502971132,43.679305580417804,17.425303730019692,13.362139206732545,682.7892417543613,21.096875764668177,62.04033501344525,0.051127468289500794,7.183012054733385,0.9141072369572834,0.9256207822803172,0.7192974752140597,33.39127410961879,0.9128557727050319,0.44097214748118063,0.4891770961720566,0.442090126134931,0.7992183099105725,61.48095979554501,137.96924075190023,0.8301161360431876,0.8836266698334927,0.13492102486208452,0.41173776676481816,0.4496741294861142,0.8650789751379155,62.6511220966187
industrial_organic_residues,anaerobic_digestion,51.32252247073254,62.394688273715786,8.051959633080617,29.624791533833857,14.53839913072411,2.7489732606910424,49.779105907990754,22.855291338426177,12.612007511760895,0.20796673292315943,7.021341586843935,0.19565686579197958,0.5957512644386681,0.7631810201220863,15.330502450863136,1.0321188221776503,0.7773097105304736,0.7064629023795661,0.7603023323201519,0.534320743041335,70.77842302521653,57.80194169062153,0.846485319518559,0.9257163496035035,0.20535763176339447,0.38758851162281427,0.8133298177289803,0.7946423682366055,63.99319998694935
msw_organic_fraction,hybrid_biorefinery,67.6327438936026,60.65715167737971,22.57515223029415,27.98383493944553,16.82133126485876,8.422554219652566,570.7252959950057,25.093989141002737,49.7668086357479,0.31650972889225126,6.916068860845163,0.4837223905375816,0.7700473961616205,0.7215228227636254,14.909789486856337,1.0369029604578206,0.5446334743425875,0.3753388930091166,0.5654175235613469,0.5387546978758114,50.18528183918953,107.15718629873822,0.8610942925957753,0.9377350727840237,0.10118128945447401,0.4410771900280791,0.5545408424866879,0.898818710545526,66.14348683121537
sewage_sludge,hybrid_biorefinery,79.48677817656299,56.10012158300651,25.55541758035144,8.432659465760642,7.931577627569689,5.986553614607985,595.0757362666844,19.003317678375133,49.11176639033764,0.26105783367958846,7.085560473758993,0.16835832129224915,0.6549960708680276,0.5761034840874296,39.96759710735912,1.1573469385954644,0.6061386683387098,0.7161933603713808,0.868679547215303,0.3915703977482391,114.04160099477058,121.29940339103645,0.9287326772049498,0.8888599743360395,0.1933491511213802,0.2752166207928037,0.4477275749202102,0.8066508488786198,55.7166851468644
industrial_organic_residues,hybrid_biorefinery,46.37829327894262,78.77044836946129,8.007361515571498,19.72899960924302,15.522455084779349,7.000810312264539,679.8553050088697,33.45834544697744,49.03497895622844,0.013536222607443943,7.264204630201046,0.39140721637521547,0.6323023705347323,0.6910533157489689,9.061261123489713,0.9495351737829316,0.5120194008759198,0.23822015661038182,0.5689866873565144,0.9429169324980872,-4.298977834444756,99.63445651181111,0.8645535769632942,0.9180002605429349,0.06765417409707328,0.5825947476219344,0.6830498487716259,0.9323458259029267,75.24127854234531
agricultural_residues,hybrid_biorefinery,18.769786918753702,75.10733780142264,9.67894644497973,39.3335978027377,17.945535634243168,4.075378729100304,547.2180210961357,11.724122207629783,49.885557638499314,0.21633720985697752,7.080128861362829,0.4805438218977759,0.7229400708798842,0.7700372902736605,17.737642213632302,0.937953111933797,0.8543732957462405,0.461960028435566,0.6035850396159516,0.9892714818566984,-80.4769278243461,98.86254955460254,0.9008121145521079,0.9419374889312375,0.1108419249838234,0.7804595527905094,0.6973105178263551,0.8891580750161766,80.38073139145189
industrial_organic_residues,anaerobic_digestion,51.70513393855854,75.23767089923078,8.370808859384844,26.972507809479012,14.633829622331529,6.149970478877502,41.055009799126296,14.855012174698501,27.164334318211793,0.1927672450306713,7.5983304730731485,0.4304015613469204,0.8906352249438756,0.8637261137938844,24.565734952946514,1.1968420170822076,0.5840146071171146,0.6895656308568158,0.7154977463096606,0.5012164436581016,103.29396773988532,74.84140148231621,0.8302567681330263,0.9633804751536298,0.1825874239908235,0.3031325513249732,0.7163655045399602,0.8174125760091765,62.06435051521519
industrial_organic_residues,hybrid_biorefinery,40.8314244660109,70.2550904451357,6.829129188064217,27.001435314941894,15.45677764244715,2.828462699108216,628.2944155037088,15.529438321406108,44.36212214316288,0.06412392472089705,7.335089622684615,0.382564127220356,0.9162168049948822,0.8077659255986156,12.615432277850099,1.0505589213236506,0.6834789362601302,0.6955124283056604,0.33455808448599467,0.7786168766011609,4.726261944589389,97.93017266444485,0.8344454124053695,0.98,0.13657832383849472,0.5591525663776898,0.6558737514604404,0.8634216761615052,71.66964491948293
msw_organic_fraction,hybrid_biorefinery,53.767051318768004,68.62950613395212,18.411545697589865,24.933835440555793,13.083358408226198,19.28000327619411,556.0440051646609,24.489665884842072,35.997371157094406,0.3049934524034914,7.460389215079721,0.2802751747731502,0.7727113197099174,0.7690052288567427,61.17297319579633,1.0840401066552094,0.7569745193983541,0.4411436417719253,0.690280084755925,0.41883482827080254,147.47118996842642,148.0349116338252,0.8000320122374746,0.863818948719665,0.160351490943582,0.1883865195625288,0.31301254835733866,0.839648509056418,47.575658550191775
industrial_organic_residues,anaerobic_digestion,45.134538489082956,81.39709381035048,12.655288649017816,17.455736710192845,14.504923994577977,8.81657561567293,36.68810934644917,22.15328746489317,23.266866341265175,0.12759177886410303,7.18195282026141,0.62160853994852,0.35118968966881686,0.5321151742942559,11.607116733145203,1.0439948228155573,0.7139679734140192,0.16617715220573387,0.767151688266273,0.476762520771563,79.16677920306829,65.20741943127092,0.8398005759527394,0.8053297563694775,0.06971327909533502,0.3658005734985239,0.7616908101946337,0.930286720904665,63.3702773283385
food_waste,anaerobic_digestion,68.5046001708682,79.34318200239635,9.49306566778298,6.0,11.881893503180123,4.409969518761497,33.90462667999977,27.97477798783332,3.0,0.13180835176770497,7.275423427854913,0.6502239633487712,0.7133830106097031,0.7036610845906339,2.0,0.7204254055826272,0.7955875314138673,0.6577624177155982,0.6114898466598004,0.3422973662621384,82.177055691989,65.24266486995452,0.8340205921015214,0.8887642448524303,0.18774691811217648,0.35798167352730137,0.7319229738936992,0.8122530818878235,58.353956087804406
msw_organic_fraction,pyrolysis,55.721337436402095,65.88036713792627,18.404899078333255,33.25881029947156,11.054544884077309,10.624775176340528,747.579352119678,11.72948239889324,47.88085815170496,0.05951070849049592,7.064991429036056,0.5329446795135746,0.8625276317611,0.8148274840165202,51.04137572579542,1.0914492747268936,0.6022198831184578,0.4434127700042967,0.19591606909365372,0.13603379587247655,251.54756808431426,116.45559230688735,0.49724116540011576,0.8419902171641901,0.1720042456053005,0.0,0.4170032650556956,0.8279957543946995,39.617623295491086
agricultural_residues,hybrid_biorefinery,35.49354452355379,64.66925295380139,7.467997239012796,32.32050120423955,15.47986794128417,0.5,514.5541767143998,24.566182636873588,30.607178090111574,0.01,6.7846308788936875,0.18876180471673032,0.816672561340205,0.7666229412383048,13.916673147251814,0.8659493346764242,0.7568312864038567,0.29716456881585007,0.7818037807871091,0.8061402651536768,-11.796873065728532,91.50809371592412,0.9470518895741158,0.98,0.0574802766397932,0.6020698001707234,0.695729312460524,0.9425197233602068,81.48559112351981
mixed_biomass_stream,hybrid_biorefinery,54.38029347728566,55.71456660445443,6.524655039756693,28.546309154059145,15.586675039751794,9.454550915243935,681.6793502612951,29.60455001334936,49.58469089355,0.2359239049313715,6.821153040351534,0.22529756257477068,0.7995671367393361,0.7442220550850539,30.52857211862849,1.0197198836419443,0.5462383266401989,0.2635956664041736,0.6051095916062842,0.4841276348494826,87.04655422682214,122.6259314085924,0.8431193465008451,0.9352929877305504,0.07178871521926829,0.34533362538487755,0.46110844067429463,0.9282112847807317,61.157657166709846
sewage_sludge,pyrolysis,83.93684665709763,56.417289348423566,20.40196524215464,17.101833040556315,5.517436112252998,6.249429863626879,838.1888994192915,8.342909688669565,40.70388832930773,0.10011664967504855,6.854177285583344,0.028503262789256596,0.8102442531018283,0.7992402642243721,77.25709169080379,0.8207740758859227,0.6100998974361238,0.2633629579526732,0.6218795779482971,0.05,268.4927647587201,119.05141028877428,0.5940041464648266,0.8678146532533492,0.09244090569737853,0.0,0.3844136300590828,0.9075590943026215,40.72109526548142
food_waste,anaerobic_digestion,79.4408882951254,76.89634540234228,11.588900465741137,10.137759689000923,12.069300466543616,2.1734472755639267,38.84102903555628,27.27192330339186,3.0,0.14175729490411332,7.212710121110306,0.6114777855775707,0.605745963701891,0.7805672318051157,37.102930038842985,0.7007824665561935,0.8087010459788433,0.22624092172122104,0.7205815042414428,0.7258517210656942,37.32184313567296,70.92171712070095,0.8738494679776189,0.9082385707088562,0.0638360309368484,0.4744887191281222,0.7864151832623424,0.9361639690631516,70.56553356408347
food_waste,hybrid_biorefinery,55.56516640386743,81.2200546527125,8.470375174823134,24.27696283230703,9.677388884838953,5.050637493575579,747.3099482482043,20.762681808967592,39.88697315722722,0.18176839817688734,7.339936721296115,0.5171292935319995,0.9196502780895263,0.8412261719461233,28.55665340868521,0.6962796233073285,1.0,0.5617618536053771,0.6258368678031758,0.7002582432298152,15.169829842340395,115.10598014740496,0.9024750979783248,0.98,0.11964118468285023,0.5320264159939211,0.5482358653663226,0.8803588153171498,72.36097737569953
agricultural_residues,hybrid_biorefinery,23.593907828158116,65.05448711778682,5.013355378318661,37.96218739361932,15.333081192279298,0.5,788.0483459896731,25.017940351405514,47.249612066070334,0.10980550106046197,6.612370264334347,0.15042033613842112,0.7898095963458057,0.8574988725139356,49.02005978312994,0.662162670852131,0.5641254634520749,0.5269165926176331,0.8181363566969642,0.7876500594909472,-1.0818849773470545,129.6708106790574,0.9530677160653148,0.98,0.10406966449196889,0.5742386622788235,0.49080506214560105,0.8959303355080311,72.3944463531163
industrial_organic_residues,hybrid_biorefinery,41.128631441715996,68.50409380491877,8.634641325059611,28.15332947574061,15.880140716232365,8.568985984741985,523.6236749570876,20.293428222821756,48.26401328259826,0.13601760102281107,7.052571745894616,0.48151266899124606,0.62418928638781,0.6906175199751041,36.345090865615575,0.7258418115018961,0.7354715159705149,0.27946630105375714,0.4436696562397706,0.6974090563778614,42.89110854606369,124.77179851711766,0.8294555256860485,0.9094030014520237,0.08405191595792463,0.46002309468554886,0.4967363159972471,0.9159480840420754,63.603500397241035
food_waste,hybrid_biorefinery,81.57902911475905,75.98522933986357,4.545923786162749,17.71761427910267,9.989489987375705,6.918377084307222,611.1902136404391,27.139691337236037,47.24570384124259,0.08794617736736943,6.65469162928112,0.5710125585525625,0.9196048424448557,0.8939149457447083,7.794850289063445,0.7494152688069726,0.5083572533550752,0.46755849137277855,0.385914877686945,0.4401233994369529,91.73103134909076,113.88474580741018,0.8337310845157907,0.98,0.10633306029720872,0.333166152340024,0.4974337488897603,0.8936669397027913,57.68849009160083
sewage_sludge,hybrid_biorefinery,88.0,54.36041312311543,15.599967600310347,14.34889784117367,5.234506805777544,6.00995167500662,722.0562848259655,24.272770627563624,39.14269469593678,0.13452760571788347,7.194042619327292,0.41855331607446045,0.7951817185654322,0.6992898083132546,35.81037812011294,1.0064785719406293,0.37192291246701986,0.5956369154495885,0.5197870119807948,0.3366587482081473,118.23741658930581,116.48554364891673,0.8613613565561092,0.9394435850878086,0.14522308423223024,0.2643183984693356,0.46098311592728325,0.8547769157677698,56.39667739250537
msw_organic_fraction,hybrid_biorefinery,57.36028034095881,58.947516526533256,16.042567318676536,23.35282760064612,11.92884571076869,13.285448785967501,676.9843115860473,15.04675150865291,25.181688057127708,0.2097279117244028,6.864649749921913,0.7195680161942116,0.8976628131561126,0.7374709431249513,46.30830109247786,0.9568238588410047,0.4921969669488834,0.3055659161239643,0.5168543452739973,0.4291517743810991,128.10719488601936,148.01783539520636,0.8337808861122638,0.9243463325625979,0.08611630788959931,0.23868261068566402,0.31537215144170305,0.9138836921104007,51.235986228218586
sewage_sludge,pyrolysis,73.35484953056287,55.15926773070132,19.02998501023181,13.0684044243269,4.61563117011365,1.618707369152415,807.8245549265113,8.519000647007172,32.40843796903431,0.07979002495706224,7.156827471070463,0.3580174533811611,0.7856203613046449,0.8289292181225048,13.598464798556689,0.6561539498590747,0.6268495149103908,0.3179012697558687,0.7523068454976978,0.05,214.91475590396647,78.21395242925155,0.6853871560608503,0.8941028239098167,0.09541082638049801,0.013208426223463725,0.5993476187934129,0.904589173619502,44.854290996295084
agricultural_residues,gasification,24.537261706079118,65.84413811162855,10.545936289541046,40.78549667947319,18.885980775839332,6.91419509946456,537.778591217974,1.0,27.765126980245753,0.4121261093531373,6.906634324692639,0.5238649887817998,0.35198496839989046,0.36073690822068494,23.78942546685812,0.7629852638106972,0.5330221472845902,0.5511316235169058,0.5825247325101045,0.8004067447405282,139.32033389881454,106.98735255857396,0.46914101653381823,0.7012213523538584,0.3152566104292931,0.2095575742887934,0.6129981545872638,0.6847433895707069,50.16570375496675
agricultural_residues,pyrolysis,22.204946118287765,67.583256193409,9.844976830773417,39.19248173134336,20.06616224940219,4.4395171107066504,807.9151155571944,5.317126308260798,45.976654037100936,0.014438152767282553,6.8041753366187985,0.5362289190198944,0.8565501888907999,0.8281097725043843,7.721349208491993,0.8564743783707057,0.9653470185533517,0.4181131059499686,0.4073003446761887,0.7067978878372463,65.96737660115735,84.18031712268157,0.5936467799156921,0.8771427639839986,0.13254697465762058,0.40008473610089,0.7124412346785016,0.8674530253423794,60.086689488589954
mixed_biomass_stream,pyrolysis,51.77362229542694,60.742048405181606,11.692120933191905,27.157521719356506,12.772519017708948,5.701614339658489,766.8771682921804,15.158930727461957,53.716758158387506,0.07355702229652795,6.648814218521129,0.2871482067078956,0.9095324305427986,0.6469115371767716,29.448714124260068,0.6487286793889324,0.6797170391955447,0.37053409921691083,0.44790872340355653,0.2644645134519014,161.82578146113406,88.23893747107269,0.5750377370099113,0.8856787389606334,0.11768884895476615,0.15110186633471673,0.5937667325853515,0.8823111510452338,47.32010135993917
food_waste,hybrid_biorefinery,67.12440808141812,68.37415855820889,8.604378151992286,9.916840068613322,8.410541048447245,2.8182943814670924,496.3695094199851,24.898760942493485,53.88267676326825,0.14154010861572208,6.9970404423365,0.6659305285061529,0.680554001642893,0.6945167547351899,26.55272583712332,0.7042500675437939,0.7460859878395171,0.570230353749575,0.8244447326549724,0.5717933646365352,26.23144568061015,113.99955661919213,0.9796575647739657,0.9350312284035305,0.1343869762074327,0.5032949462841295,0.525796873803237,0.8656130237925673,69.10609106928582
sewage_sludge,hybrid_biorefinery,87.22620845371797,54.724608298292765,30.0,16.79993533098145,6.8792770722548475,5.372226757754794,638.8382005244738,30.13163488450017,65.51441538751523,0.28348303703081607,7.424817307355367,0.4025768039273288,0.6157782550343066,0.6959304309687179,5.729932764739998,0.9051474641881876,0.5444376091176275,0.6031064568308676,0.5030370156288224,0.4092008742469071,142.49081086332518,91.6276936735159,0.8603598109171084,0.9215988924774632,0.1636590861065548,0.20132256918616837,0.6077731730000253,0.8363409138934452,57.2834661209848
agricultural_residues,hybrid_biorefinery,32.93844885387928,63.64047600367836,8.197041120171328,47.099877790402374,19.849417508562365,4.440923451672561,546.7966171112853,24.69469261231034,74.12966453205132,0.18716959675032382,7.66164430078776,0.22919575862736555,0.4694746210065828,0.6298286163641664,52.347531542553554,0.8319946121236237,0.5031580534398337,0.2060872219685979,0.5488219557623867,1.012239196958706,23.727369883731626,116.19467855872402,0.864454685469078,0.8636200050717252,0.059416474596021805,0.5097990392630347,0.6111416835481573,0.9405835254039782,71.32752380330197
sewage_sludge,anaerobic_digestion,88.0,49.88856223463359,24.084983201579437,14.073388186782733,6.667784425874019,9.196938904217703,39.51871251225664,31.4378506040321,21.229598172416694,0.10578922716812128,7.428502378308193,0.4245387779168186,0.9761207126533482,0.7347886162591133,25.34809515743445,0.9809923313220024,0.7333105252331733,0.23789153328237647,0.6153617467835838,0.46177510542614564,175.58906797355638,75.3700027320238,0.7834249665997176,0.9161140210462535,0.06472610388233858,0.11535307019855486,0.7049062982883636,0.9352738961176614,56.77602289449804
agricultural_residues,pyrolysis,31.208402306125897,77.41280894483457,12.961063715134516,43.68909599420332,18.280090524798933,1.1278756803623682,658.7160282459006,8.486807295100121,44.842662828039956,0.057836403645669957,6.712226113037779,0.7071493613216803,0.5935768890238509,0.6657232955635088,9.626820321977553,0.992645083238517,0.5649550103541571,0.1700421406388567,0.5880150040456177,0.5867259957433062,63.357880438168834,81.19329566994183,0.6756805701546023,0.8324561193273949,0.05735142112197713,0.4068626482125485,0.7017465839585704,0.9426485788780229,61.81200897441485
msw_organic_fraction,gasification,49.94484079271428,66.53189295762422,18.98433495629532,32.07943633379448,12.815646394323446,14.781679457066371,806.5036825598611,1.0,52.348139041181405,0.33709578776460747,6.709445764764396,0.40497716715613585,0.833417835570907,0.647979668574271,30.909711716742308,0.7675789186147313,0.8633860237772137,0.2690030306782513,0.622560264986398,0.29050931239721417,238.412028383155,121.64020230746515,0.41456648341962576,0.7686725907434977,0.1410356435189638,0.0,0.42370045763546527,0.8589643564810362,36.376001159207334
industrial_organic_residues,hybrid_biorefinery,49.871832500099885,72.01190440412773,7.708481168501208,32.66771556674452,13.676657231373317,4.82381722711528,715.5539325496626,13.719896550566052,60.29508798457608,0.2236935179952149,7.464730875133888,0.7173071267358765,0.4692303475819533,0.6216326128530227,33.7118825663381,0.9081811501261202,0.7284534419889784,0.1391586657481805,0.5714357190120086,0.7815759139641554,38.38811917714823,127.85908979575842,0.9064767793020653,0.8956966162931616,0.04069681175613197,0.4717191709684461,0.49900412319970144,0.9593031882438681,72.7279695482119
food_waste,hybrid_biorefinery,72.56760916250803,64.42183819553989,8.964610100695609,15.004860974577984,10.32222247768405,5.05725813703012,580.9198878065263,25.94980422681452,53.679156717885235,0.12620179471460125,6.977441510616154,0.11305414844239693,0.8588216470688737,0.8190600586079287,51.21803231710699,0.6545673384211651,0.5684083404992869,0.2855173416608132,0.6058859011301344,0.4456864483130772,117.08292094266035,122.40233047103705,0.8651150001987145,0.9720621573180961,0.06398143304237087,0.26731708846062247,0.4538282266760504,0.9360185669576291,55.43636280388135
sewage_sludge,anaerobic_digestion,80.0224374535696,51.00277760927212,23.953539484829232,10.761021510200907,6.720750954767727,9.071425773286617,32.22707192786837,18.52858489058974,3.0,0.2195319580943285,6.725726491688632,0.37522783206631605,0.45332858043362795,0.5471383878779786,35.318639731203795,0.7022362385841882,0.6488720396888128,0.3318261861739994,0.34085819537696566,0.12419150388508746,184.10311641199291,77.80534041475539,0.7117327949965404,0.8045489431251676,0.13209860667035345,0.09323865867014827,0.617820339198112,0.8679013933296466,46.895777883006446
food_waste,anaerobic_digestion,75.4244147072209,80.2889390798517,8.671697233279831,9.399019197729414,10.883593961927884,7.374387895513714,37.5870426912742,25.026200456532155,3.0,0.12079590436918738,7.509248988191527,0.307542611986752,0.7810099186152873,0.7486556281293085,42.82444131108597,0.7027569751740939,0.7630063504447705,0.529959255103116,0.3674027890957987,0.6488251292854359,104.6353137914293,76.10688250471983,0.7248333909642939,0.8893161509028837,0.1596871939801872,0.29964853560667715,0.7421789889442704,0.8403128060198128,60.49726426737079
industrial_organic_residues,hybrid_biorefinery,53.96615070454315,69.22193758517221,8.512465592158321,30.979711738587373,15.720667358476554,5.827687173600037,637.6707155704928,22.486430266625508,45.378889467376595,0.2130878164567029,8.03724746113494,0.7795092919235554,0.746551514726935,0.6279479115261754,33.21289647098951,0.7619279741490771,0.7454996606878832,0.7633950778699414,0.4550302387200583,0.8971829997377574,26.68543567720379,116.61763669286333,0.8753244928186987,0.9369517358889202,0.19187536005703884,0.5021157514877823,0.5836032247167102,0.8081246399429611,72.07138750833992
industrial_organic_residues,hybrid_biorefinery,36.45344442950229,72.42241366420444,9.846304138692156,23.92811177375504,15.999902182124892,7.732725229691717,619.6004748144479,24.430974712771583,57.02438391972298,0.1733151348683249,7.261158211791087,0.3320880533936608,0.8178993284502282,0.7301462547211466,41.0339525693524,0.6725785885688996,1.0,0.44454654618761436,0.6779802064731185,0.9864932072969246,-14.11222014826319,122.85702336532371,0.8819330192819305,0.9566384581682165,0.11291982779083405,0.6080836886967875,0.5704125931562513,0.8870801722091659,78.33449850525724
agricultural_residues,pyrolysis,27.891799460816607,65.70963162583568,4.484202206030823,40.46772324956588,19.325788098767976,4.796502517968207,652.3354207544467,1.0,47.72247621615285,0.15089695936367614,6.9507517397644945,0.3465448798032122,0.948605946939242,0.7818368449529367,28.191051551930755,0.7106200807152985,0.6830151276329136,0.7499112783588007,0.7728507021476909,0.6302809906510739,115.07316868909966,91.20600044419031,0.6673607482954023,0.8807376761874414,0.22291692342287994,0.2725372241841567,0.6586302366580241,0.7770830765771201,56.494264096732216
food_waste,anaerobic_digestion,63.7013390126878,82.57655512247106,11.63529263348914,24.2277376840104,11.370746285675182,5.961048126433956,40.6036044935087,27.34236160750598,3.0,0.07492583964649396,6.89239723493358,0.3686895057855286,0.7983860890860893,0.7225592154249714,67.72330060465183,0.7474168772794989,0.7038534894490505,0.29280153372755224,0.738691988211461,0.7261575187435624,97.59845012236033,99.07478057062319,0.8324408206306698,0.9376042471490755,0.08293793970765462,0.3179261035782848,0.638308440593988,0.9170620602923454,65.18269864496668
msw_organic_fraction,hybrid_biorefinery,46.76496870537995,58.33946319036973,14.681288426635492,24.692346532667674,15.47170489428319,13.607978414775673,545.1109713281737,19.360097573179424,61.49698419876785,0.25886272440404345,7.159852468578471,0.5366874299768187,0.9408930721838005,0.7765019924045815,21.346442060567966,0.621758250043686,0.5069182295980708,0.49369083667837976,0.5122832658856399,0.5234156277509636,94.61905159926783,121.97135685077929,0.8157499619661257,0.9363251497273757,0.13530257623184508,0.32566480104086276,0.4731969283642684,0.864697423768155,59.98913545054407
food_waste,hybrid_biorefinery,74.42154671454809,75.02492882379967,3.6718861430593774,20.792139728887946,11.076561696215407,11.585069425626852,605.0122871181239,20.30644051725466,31.686947634729105,0.1946049334540905,7.220811363195424,0.4131619631715308,0.6126917950459586,0.6400549283184449,54.704917539946806,0.4825388664859478,0.6733927047885809,0.4442512002496689,0.3577433972194614,0.5686019816370094,130.13356610959352,146.60957727723272,0.7813933203791998,0.8752365232395874,0.1477321463946723,0.2334193088062506,0.35346308186944353,0.8522678536053276,57.224609572080794
sewage_sludge,anaerobic_digestion,82.72840880288322,51.344082090992266,16.859408179794727,9.418908773692902,8.150588262219088,9.38222603035539,48.08904685802946,23.886150726340556,37.37363304311489,0.1924264857861936,7.157868103653808,0.2661428707594988,0.6879240293079724,0.6535581742343698,31.826276592436304,0.5726861894214302,0.8414949952459511,0.17119700364384657,0.5644126934686626,0.4402381581768554,170.87634923107458,81.32237173373021,0.7567190208154378,0.8479487075464454,0.0589642213240972,0.12759389810110497,0.6688399119898019,0.9410357786759028,55.20415687689579
food_waste,hybrid_biorefinery,74.71920698080457,84.61296342273475,8.968876257741663,18.289366417512593,9.213549785393791,6.149893199419465,807.1681055526025,31.12248922978378,47.44037429634852,0.2202047998295465,7.096257387240487,0.5221262705785656,0.8140305856054775,0.881046574770227,24.257868304991984,0.5958284591660575,0.786425529568689,0.4997493041376559,0.7886107732730777,0.7272780779384526,28.209221623015168,119.09937957919817,0.9358735425686184,0.9711842873700273,0.12066149923246716,0.4981578659142463,0.5331623372559429,0.8793385007675328,65.43095564598285
food_waste,incineration_energy_recovery,80.20596400551882,66.46693716194456,12.709001854435872,13.112784563836705,10.51204763343685,13.624482741749485,388.5845725360706,7.476885739303242,23.302047436875124,0.5798738245552253,6.727629742756837,0.35147200433909837,0.8417393767202489,0.8382512422302233,56.746804065531606,0.2681837062249965,0.7117326717973627,0.20242852732846087,0.6304891401385126,0.0654040498594575,399.5798207483906,115.98174659960272,0.2703686661895096,0.8481720363961603,0.13732515135148257,0.0,0.4039586457080137,0.8626748486485174,34.46818660001931
food_waste,anaerobic_digestion,70.93031323151513,77.23037472858445,7.959874849377268,6.318687940614042,11.264031970492635,4.7290526840445795,36.430287726260744,18.169073139637813,3.0,0.195672489494764,7.714704336078876,0.4415019650020713,0.9213781773014365,0.9254751661593116,39.2674673622495,0.5684229277681796,0.5238277465591313,0.4062565159463796,0.8563567143619419,0.46138588890827725,109.12065658450067,72.42217309677805,0.8763059670023391,0.9446870750249327,0.09961742301683638,0.2879982945857126,0.7203355634715154,0.9003825769831636,62.92534765354405
sewage_sludge,pyrolysis,66.95072510863517,57.37734573502773,26.529728761266295,18.91968726505364,7.819227373324375,7.094957671607462,576.8827059970224,2.4853710304717898,51.52568697501487,0.023492933617840862,7.065098336317633,0.8862126941285157,0.6773367892882727,0.7698481419614045,11.52027075892946,0.6763330382832811,0.6626512735594724,0.6383672391844362,0.8256720537029857,0.09314654095525246,229.47331777051062,95.44034420817422,0.7076503252547754,0.8410967386916525,0.25459573225477117,0.0,0.5181746379145017,0.7454042677452288,42.601741290670354
msw_organic_fraction,gasification,48.917388387018356,57.425880150580305,18.991341018936208,26.595275504150653,13.149659696755158,4.221850453793194,886.3798387411412,1.0,69.62175307126749,0.16855309635440788,6.515659594505212,0.4707396579209399,0.884350670665788,0.7964593465569605,44.60759074580525,0.4439894139538312,0.5282937910008301,0.5769406788602153,0.4914667382873421,0.3029925668796418,281.6230007297934,118.44848862798587,0.46097290402895835,0.8913436430370695,0.20802585468255594,0.0,0.4432452666714903,0.791974145317444,38.70911766500221
mixed_biomass_stream,gasification,37.59342828720199,63.18660835383233,18.526353436885906,23.7750454004771,14.39290271118902,7.550524334108079,599.7685105875996,13.992329373729653,57.02051064017807,0.3361025646482785,6.70747200727031,0.28414382154269485,0.8526374329172235,0.7883648337372401,12.796929465839833,0.5627450759345629,0.6554347318618965,0.5452123988830272,0.6730586821706993,0.37508396954528,151.9275585919241,99.58692025061119,0.46814250592733386,0.8596755398061802,0.2268845799769568,0.17681153612487244,0.5583767877704291,0.7731154200230432,44.69568089902769
msw_organic_fraction,incineration_energy_recovery,66.2008159938467,73.17282897460585,11.995266797125668,23.050536022130448,11.962811932696876,14.965013223634559,682.9582579388016,1.0,45.87087696709223,0.5165806965014604,7.364986133031214,0.9385252455179229,0.9850967216441945,0.79267144336547,31.34032467375821,0.5062069157775794,0.686148429837342,0.7025838462641829,0.6577768059004531,0.24374267749804232,313.5681860498702,112.74936931752721,0.3147711285511052,0.8802155684995225,0.4375833423688169,0.0,0.46020565579942607,0.5624166576311831,36.15724116395044
msw_organic_fraction,pyrolysis,54.53051869258154,61.35893345039093,16.282008133972756,29.666235469295607,13.78658311613797,9.753953074413971,665.7204083826294,11.452208070502621,35.02361161443234,0.09016167462779089,6.73239376307148,0.252755725111992,0.8919130871011439,0.8122646845881213,25.672703103620766,0.5799431037145897,0.8427316908740468,0.28118251701119146,0.7224561029134934,0.2993372213548257,163.45270414435285,93.3893959293593,0.6125568122164349,0.8623579959723257,0.10366538811833818,0.14687609313155103,0.5743310522277496,0.8963346118816619,48.50861895202177
agricultural_residues,gasification,29.3591291890215,67.46285147285188,9.920653670274334,34.758472142380946,16.535142408604813,1.40799933078272,780.6204326177649,3.8343697031899495,39.184269724611525,0.3558574321924617,7.342911996512291,0.7119284745290395,0.6459323564447771,0.5925362258691478,25.988579041121362,0.7182377047850224,0.5029555105531741,0.3060930716374805,0.5640646671966095,0.6606885423731729,134.5415224938022,101.9986727963289,0.5181144494459964,0.8328679868745564,0.11825754500085275,0.2219700714446696,0.6085163593414196,0.8817424549991473,49.2653920138354
mixed_biomass_stream,hybrid_biorefinery,40.79421479154177,64.45449781717507,19.304775277810567,36.362323144387744,13.014910920082052,10.69019651298824,945.7719667027926,26.112205233797326,31.144777040739005,0.19972807370930298,6.701759462030627,0.6233219491034431,0.6595256049677554,0.7382026409064888,43.804914461874034,0.4715515605749236,0.9626978481294226,0.38781174191911694,0.8140824365027933,0.5048393379505712,93.61310649881639,142.604930718354,0.9185549894630561,0.8827990073296793,0.12159919950685597,0.3282776454576198,0.3605123874104203,0.8784008004931441,58.81837530070496
sewage_sludge,anaerobic_digestion,79.8841029431243,51.94738251805389,19.050268791720384,16.373302827357918,4.777854210355354,7.242277886026393,38.51344885477233,20.48498743640623,11.357843180229487,0.35951593228049306,7.107440493378711,0.32605762853885495,0.9628203368886672,0.8854939362549009,26.263650497818933,0.7049706941660013,0.5281060864632192,0.6240304591213767,0.5524497254274693,0.3463482921090317,134.15907507296984,85.98985352764518,0.773501096437791,0.9519506208704096,0.16121817854020537,0.2229634413689095,0.6236184478026966,0.8387818214597946,53.7972718442677
food_waste,anaerobic_digestion,78.17416770579538,81.48032535928661,7.2187125223645054,23.91599470703374,12.4456938312428,3.223921062274429,38.17353033571061,20.38276678759923,3.8427649737788006,0.29979959592527433,6.798517915854429,0.1975612238418544,0.8065743353884232,0.649469080473085,20.29702717693518,0.5527583473870543,0.8109883241658971,0.06959027787531749,0.33132707768788666,0.3990016737764175,119.26741666260386,62.27125488911215,0.7360692198933991,0.951992110783576,0.0177033191694748,0.2616430736036263,0.760036921446011,0.9822966808305252,63.476316183207516
sewage_sludge,pyrolysis,72.75504237574063,58.7879064089882,25.10569061673063,6.0,7.218208997772514,3.855262479412766,629.1597199748699,8.18461392812063,39.78049801036626,0.06256757058393381,6.404571610596381,0.21587866806248343,0.9092831257516889,0.7704414041791915,25.255626896139713,0.28846817597489793,0.19893423520050785,0.24077720173798012,0.41367696395509584,0.05,228.62516383960852,94.78693780813906,0.5737026970778832,0.8718917547446792,0.07148378052513352,0.0,0.5121213799571628,0.9285162194748665,41.2721489946174
food_waste,hybrid_biorefinery,78.48129435503398,82.81881381567204,11.871848439075823,18.92208305599686,11.719113138150213,3.727311579753584,653.823349379636,31.607884586484573,64.46308953546277,0.1794276935153674,6.991256947943034,0.6177537292182438,0.8622569191686067,0.7565413922372126,43.58113794246855,0.5561449341406797,0.816047870753907,0.2984092453735219,0.7566097233405511,0.7370331126936809,22.83100501089231,115.55145434073907,0.9524815481143222,0.98,0.06346568009264623,0.512127259711968,0.5539817356308252,0.9365343199073538,69.32406725130004
msw_organic_fraction,incineration_energy_recovery,53.6152413012307,62.63364792847426,14.563246550859473,23.121674020902297,15.40937916708403,13.98643584447181,585.5654106567127,3.6582610581901833,44.660239972172796,0.49624311963818946,6.53080442378965,0.774875408444011,0.7566679900760969,0.6846854469075011,88.0,0.3440373437428914,0.7093526374278862,0.5107754971830306,0.7326092959361521,0.2791850372218155,323.1362669482745,135.956782421933,0.32723730574825627,0.839794975868482,0.37381015800077094,0.0,0.3458586954417836,0.6261898419992291,31.23751337714592
agricultural_residues,hybrid_biorefinery,35.7352376327714,71.90519010408714,14.216851341423077,45.346179053025175,18.17663524039673,6.298055226862966,755.7324710501115,24.880476837769955,60.25286245032171,0.015794823024762206,7.048337889050843,0.20603014783686907,0.9460557633603925,0.7911675541206282,45.425162053566474,0.41986293830506305,0.6728751113049593,0.35947607470243786,0.6862401367133202,0.8815792552294187,15.654850564300709,120.34044652538431,0.8839560594172389,0.9471474636434654,0.07822164362938473,0.5307666219109072,0.560576664964239,0.9217783563706152,71.67277104096804
industrial_organic_residues,gasification,44.67989481646905,79.73328378873772,12.125365862879372,29.435365223208102,14.307229357974778,5.88584007643772,507.11727394239796,1.0,60.0252650941031,0.37412434045457466,6.398153346818439,0.27860198654109253,0.9257216993248685,0.8562237741422211,40.92816732626861,0.4330944353593183,0.5635370080487373,0.2022728747079279,0.7970020449402233,0.40981344039751555,168.20255252747978,114.63749335873615,0.5103377896232792,0.8841249533781013,0.07481806029738616,0.13453882460394861,0.48680372868357896,0.9251819397026139,49.5876874348649
sewage_sludge,pyrolysis,83.56204510251698,47.593500774170494,21.711986820894058,10.680788096518125,7.003705693486429,6.1146871964536,362.50796673052446,1.0,44.26742417146911,0.08447189578523322,7.389311842918744,0.5455250131059137,0.8628960632179996,0.8929962119166512,34.37140817990254,0.3884616302902282,0.5837952880917319,0.2937155618631022,0.4461285477190997,0.05,260.074321284998,104.28820949447851,0.5923713276030729,0.871577426095378,0.09839288902450982,0.0,0.46211468687116575,0.9016071109754902,41.174023143105
food_waste,anaerobic_digestion,69.14615675025004,76.56655793566284,6.941192248224557,18.528314265145937,8.835951518917282,0.5,42.097030604323976,20.627927023170777,3.0,0.10343070010917929,7.298062591155641,0.6843771854663713,0.25,0.48306210521388626,40.25184352675391,0.22034243571204104,0.5160367014440079,0.5204847469575283,0.8181957074909886,0.7349792249061017,84.11102005897942,83.40453537535781,0.915799101710057,0.8529576172363923,0.16969103962682816,0.3529583894571963,0.7227241906616696,0.8303089603731718,62.660927114451994
msw_organic_fraction,pyrolysis,44.61939797721812,68.52715276269475,12.754744113640175,33.21315859169165,16.174136849113015,11.255239402103468,700.4818536480913,1.0,52.48411591774937,0.045126530359594096,6.419467637444076,0.44083638260780494,0.8844247388156097,0.8085470311307206,40.03900388033707,0.2972204982805384,0.8942944468920155,0.4039263300614002,0.39018217460950744,0.41018246373938827,207.80871614460528,115.12251492992874,0.534025778446277,0.8398733199388199,0.15682302548146293,0.031665672351674584,0.48433216870725093,0.8431769745185371,42.930194449213026
food_waste,anaerobic_digestion,78.77297477821102,74.63022472832691,15.798809764758234,8.501689829329438,10.841198335590779,3.6984734895574047,36.3447473426396,16.150782673939275,15.148974880540596,0.22732961693438003,7.774794730688062,0.761000555808931,0.6575709055644734,0.6648976443101906,37.233646715582275,0.0350156509109269,0.6135416075356142,0.6048311551065488,0.6826842290118519,0.5845012894683633,127.10541003941256,88.89359627221816,0.8656617872907757,0.8875165224213012,0.17488378208723376,0.24128464924827905,0.6607292506713653,0.8251162179127662,59.22306361470558
msw_organic_fraction,hybrid_biorefinery,51.0182740691655,73.27971145264902,16.398345122293883,34.72633930682615,12.0268350535779,13.554554648353506,888.1744989099108,23.14875372329431,41.831946092786445,0.0982573657681106,7.528820069052337,0.5180239451533252,0.941239911330445,0.9387009359468053,9.37600484034702,0.2542532147654012,0.8139935720655888,0.4004184365214503,0.5814962677420352,0.5691700761017165,89.05329503606258,112.89523528296536,0.8319341000093003,0.9311032033131266,0.10954461301024565,0.3401213115946426,0.5310319678846652,0.8904553869897543,63.53828151951145
food_waste,incineration_energy_recovery,70.43976489561021,81.82435098716044,7.093236680002592,22.278638210151485,9.827680650530978,5.048673845896181,596.87080472926,4.2498798735329775,32.103675579698795,0.5673289889282156,6.815465742235855,0.32144518326049365,0.36294984421244697,0.6336134495501013,20.18132577572293,0.360752166464536,0.6374110055993008,0.5822352355757552,0.6977079061281195,0.14148042690858764,321.59048708874667,78.1193793572088,0.3448018742715961,0.8405766592827121,0.41666590513834373,0.0,0.6199710657240535,0.5833340948616563,36.45223118688051
agricultural_residues,gasification,27.291497792331622,55.506853490826835,2.0,48.99832188156227,18.89701051450747,8.66202283876784,647.9842514475496,1.0,39.96499388818798,0.2707997160752919,6.447536621500212,0.6179848332944861,0.5577206663295876,0.6471073787829691,46.16335003248568,0.33954333358411265,0.8885841549141222,0.5200609811268341,0.48129223755749156,0.7298053188007257,154.37072467983072,124.77701502170234,0.4391276861815569,0.7311251308648122,0.27787323297955874,0.17046565018225787,0.5038360384429894,0.7221267670204412,46.85141112609042
food_waste,anaerobic_digestion,66.55900915711533,76.49354864909624,12.508984601874635,12.218532290031003,9.690753398869694,0.5,42.70690975245172,22.538208965810604,3.0,0.1864585920100224,6.728739924786592,0.4205743893463051,0.8114002356358421,0.7233912570345036,36.648125809122824,0.23190692857529563,0.8033088134570926,0.7791708662491807,0.7926505002982179,0.4815722397537727,82.69403637490352,79.21716056045383,0.888308576222259,0.9534434067006077,0.1765609116975193,0.35663886655869215,0.6890134687434414,0.8234390883024807,62.703458740144576
msw_organic_fraction,incineration_energy_recovery,50.106481058360494,65.01763697384605,12.020680380200648,29.47169655288192,13.57245757663272,12.56950918305743,815.723829497602,1.8110225081406703,36.290199663201314,0.511656546015719,6.73261570066686,0.8062757082653108,0.5829966077487495,0.6330638839443694,65.52875281782433,0.20270576670727836,0.8071484263564255,0.375048565118331,0.8799241460317113,0.276957992335278,329.14187201632336,138.22787160206974,0.3764965288877507,0.8111811696270163,0.29815947816692046,0.0,0.33341564461865725,0.7018405218330795,35.528655365361125
food_waste,incineration_energy_recovery,80.12652073074545,76.63589080397358,14.566579900938699,11.572508127058454,9.335346426242117,8.332751189207137,435.288079197079,6.802288874794025,51.386113918141845,0.6878458071775515,6.2459656030972175,0.7430813199297653,0.8282093551420181,0.7969154796559553,21.800234555001243,0.5012061061915204,0.8053173431304952,0.6971555547136271,0.7831589244285975,0.07967747683999736,304.7690358874399,99.96643007938722,0.37690697837708065,0.879943460388867,0.4080349341833684,0.0,0.49138993922381397,0.5919650658166316,30.06937911668751
food_waste,hybrid_biorefinery,63.83403933340111,73.85953264009008,7.90836175092897,15.836861291378199,10.325528846811995,2.015263346729314,819.9511745009514,25.44102319866786,35.31463775230414,0.1866158045357301,7.193405361511962,0.5199746697260728,0.8252504352689943,0.6984493486075908,20.099269959383033,0.17559455329679366,0.4616535946642327,0.32541887913045303,0.9245918490507987,0.6602452645163649,17.016090610823266,110.86962913373297,0.98,0.9798395444444851,0.06664074396666922,0.5272309334783811,0.5617295943318479,0.9333592560333308,72.55937893317403
food_waste,anaerobic_digestion,83.3398630682776,77.94444866881078,16.45382681703976,22.955933621307107,7.322574305896136,11.833308035163524,35.12827945761391,30.477720076008676,8.32152131743326,0.25427631803218054,6.9090323811969725,0.3331721012781662,0.8257656509422598,0.8172144158889114,48.31003505015506,0.24205507127617992,0.7860830902949014,0.2689186887684293,0.5827555700043767,0.36868001653115795,151.4612266889213,89.52121581308172,0.7495095043572029,0.9022394596705013,0.08994295007657278,0.17802278782098363,0.609945309883793,0.9100570499234272,55.70827870888086
msw_organic_fraction,hybrid_biorefinery,58.86498382514603,60.5569091826672,18.000490009356444,31.81838798888018,11.168753751257054,11.864587858461466,630.37017318483,24.898714378139804,59.869919981045214,0.08693837297363143,7.349429282047018,0.6287364465881135,0.6824552135634615,0.730138851138826,24.090694587350256,-0.03937652732257782,0.47397195719837293,0.23800628293587486,0.3542515456757646,0.4837215911172776,95.33146328472748,120.05238313999627,0.7958096871367599,0.8875454349555326,0.07603019891933772,0.3238143810786299,0.47456410194055754,0.9239698010806623,56.77535897638174
food_waste,hybrid_biorefinery,69.85340370308617,74.6547113637257,17.517389498776495,13.761011666759853,9.235776384286847,13.881562325104445,698.4165297829635,16.10009667048152,55.11224644772716,0.11629727775591965,7.468171527731784,0.21531129429892543,0.8704041141451281,0.7477987766602819,29.166898626147304,0.12291281158290276,0.7047026832141725,0.1412508757836828,0.5114342045832525,0.4291767051897543,90.22538823802674,133.7494479003148,0.787912518413996,0.8923725542619155,0.041395771815917345,0.337076913667463,0.3904744125085101,0.9586042281840826,56.41353157083508
food_waste,anaerobic_digestion,81.48879237992224,82.41111821153662,11.49649851044466,17.40874915063101,10.785357148855116,4.221390945308118,37.04888540838451,24.69052960753165,3.0,0.19765849848024028,7.221477323967573,0.43659903359928914,0.8615446317858543,0.6655074401719077,23.0379429063465,0.07013877872471694,0.8299312173720833,0.43387432874601795,0.3578784456283696,0.5881047875759396,96.1570011055735,67.82942487771251,0.7548477974778787,0.9383037048187591,0.10974743896844545,0.3216701269985104,0.7723860802261145,0.8902525610315546,60.24087549316562
agricultural_residues,gasification,19.11673941808131,61.651643345525144,8.76727336228122,41.53197766266297,16.783863451160027,4.952218282971684,642.4621476949593,6.884426552993251,42.80507051774751,0.2149017655355026,6.8399411498985145,0.34047398408124,0.8828993312489933,0.7248946264900668,65.15762734888871,-0.002645392833787147,0.877778172025335,0.6011243624752775,0.6037260910411539,0.7336806035022685,142.9537740185002,119.11902474250807,0.47350391350598586,0.8400546114933154,0.22293768432881433,0.20012006748441502,0.5344674972836145,0.7770623156711857,49.49474514605609
food_waste,anaerobic_digestion,82.23116515326679,71.82448768930378,14.56414443128034,12.273184200283374,9.466866883471384,7.549316225644208,43.65678576126659,20.898710511498823,14.66083664085614,0.20948253585649582,6.9610212874925415,0.47271152346666845,0.7298430721939139,0.7255714849278125,47.64996382339534,0.05781553504558207,0.5994645540458582,0.7898869068364813,0.6575169043356986,0.5751476159142341,106.15219727114892,88.70661796169347,0.8093509343817487,0.8843761855886404,0.2487536291186964,0.2957085785164963,0.6596555388606395,0.7512463708813036,60.100478099971504
sewage_sludge,anaerobic_digestion,76.6908619135846,55.109423010453796,22.062590185530635,11.901344229918221,6.068363849505679,6.33448482695074,37.40706205587585,22.776211793821023,3.0,0.20267577494602126,6.514833387963682,0.44753895597296117,0.8167298161513323,0.7980165139769395,55.1543710394027,0.050396044732743936,0.9174270804647416,0.649046457042702,0.4136259880678583,0.33252105896347256,176.69437090470663,100.50253311053115,0.7548682197061463,0.9150360690808661,0.18361545871892604,0.11248215349426849,0.5441939323902212,0.816384541281074,54.07620243399816
sewage_sludge,anaerobic_digestion,70.41635153535296,58.70202612979651,20.89160679197078,11.28801477754575,7.987150008866718,2.4278394988552563,44.433830019785276,21.254529183300413,14.388815674854289,0.2234498987459983,7.6297787962673445,0.4129020542305361,0.6873194531405957,0.75600794779094,49.57685611437698,-0.06374422971803068,0.694237967698248,0.16958118658242544,0.872383357180036,0.5879388542256692,89.74715047685253,76.93885696703924,0.8941331271414651,0.9194293077125211,0.04568705749910267,0.3383190896705129,0.724405195471546,0.9543129425008974,61.32082554159361
sewage_sludge,pyrolysis,73.3526887639726,55.52641096229833,20.279366787291824,16.998154730556166,6.776495002955079,10.088992644205145,673.3695826638897,1.0,43.912101891153895,0.01,6.762157706624078,0.5478132254124525,0.25,0.3658244103806362,14.257943581540257,0.03469106898626445,0.6308424888879246,0.0516490514087809,0.575302731008106,0.05,201.3576472541447,94.10213443097483,0.5970277922755867,0.6995241308146192,0.0295399942655384,0.04842169544378001,0.5157256082580272,0.9704600057344616,39.59871478737761
agricultural_residues,hybrid_biorefinery,19.484143869384617,71.9042262486736,8.915434707695017,41.0837093079271,19.83553109755664,0.8416933304493144,805.3861977727851,30.222376496865465,54.03341324837246,0.11135654324628046,6.384797364030574,0.7294705992950286,0.5369250424968668,0.607646544364328,47.215916004614186,0.0506212489266559,0.25938655225567014,0.3830103594365313,0.7507914159576619,0.9794398471716244,-6.458011266273293,125.57305907537886,0.98,0.9158063067661627,0.0916924065987669,0.5882026266656449,0.5545659291389212,0.9083075934012331,78.13258407950791
msw_organic_fraction,hybrid_biorefinery,56.0867784702331,61.51189367285207,19.49141072050355,25.819271976832923,14.04561633264666,12.582312324146496,693.2865257210312,19.838041215753222,37.43073953770532,0.26570775359501436,7.372428655582117,0.7442259387689651,0.801164628328765,0.7209544662030336,22.726864212257997,-0.18265555976531594,0.44021886270622484,0.6435753302826528,0.7087285634279135,0.45276550539928045,113.42345777949353,113.81053989169824,0.8886440296894701,0.9147846532796818,0.19219195580539997,0.27682218758573107,0.5006055696525878,0.8078080441946001,56.349607492683276
food_waste,hybrid_biorefinery,67.70214800586004,67.39402074425632,6.821608864819599,13.881831068091856,8.632074417027393,6.910175770622811,510.43568051399865,24.504896372190792,46.89956444661499,0.2472318554230169,7.103403844892075,0.5055668913302991,0.2523185498054898,0.4810002477993349,35.963303649577824,0.019051760322894608,0.62293466843783,0.13413750506964187,0.6112573673154109,0.4988662004520556,61.34046677700074,121.00547044099665,0.884888462740917,0.8202041667320524,0.04787147416099393,0.4121026836961019,0.4728796670415751,0.9521285258390061,60.12859095495124
sewage_sludge,pyrolysis,80.3219898852337,53.44688063568012,24.44054054871206,13.590870011671651,6.986706741543888,10.05499421830048,665.4024955322456,7.351107284957957,54.0373476105333,0.09139031145229622,6.72286192727636,0.6154641537986693,0.7372807618586673,0.6378736085758474,35.203471372013325,0.16528175581354312,0.795434668656319,0.26976816333070247,0.3892639897065143,0.0865845432399274,271.8794348866851,110.97827278831684,0.5561681702024186,0.7991682401235052,0.11333199424671687,0.0,0.4349524269426954,0.8866680057532831,34.35446296593232
food_waste,incineration_energy_recovery,66.30197113087573,70.77047209301365,15.639542514403624,12.736593132390372,11.361745606302373,4.355260964309563,601.6861932885803,3.7758555783489673,29.386866041624266,0.5490371934273539,6.421040890136414,0.3312504078578282,0.8752635935528431,0.681850435037552,24.57960781940972,0.04286504072444233,0.8923938331023661,0.36356124898497877,0.5167989831417777,0.17634667404943463,304.37730830107586,86.83960983474998,0.3052129516639037,0.909545117939085,0.17843054281923745,0.0,0.5817456902132441,0.8215694571807626,36.00067563103903
agricultural_residues,hybrid_biorefinery,26.023600541396394,67.40283102985985,13.590997690942851,31.855266534039313,17.500371862078595,1.5547360579062393,760.4081608509841,22.782267153175535,66.55313574782843,0.22635493673344706,7.006421952033668,0.3591297284820945,0.4230246821752929,0.6707607222693733,8.807838126657195,-0.26264922599881757,0.6681383531944008,0.6459497412639804,0.7519551401443927,0.9186365425056104,-50.414758722219325,93.69200256967353,0.9458360109093221,0.9218915737993298,0.17104453749358123,0.7023759966810892,0.7089842363529525,0.8289554625064188,80.23459678905446
agricultural_residues,hybrid_biorefinery,40.96447988231763,68.77125478095932,14.996519868885269,47.69842872816134,16.76133053991581,3.0799025414286976,502.50736758404145,21.975288668191826,37.48571557049131,0.15179798299770556,6.887536739016882,0.4069743578914205,0.6064759076489722,0.6590316115546766,12.051948071749125,0.033746450820362026,0.827244995670279,0.37316822700408203,0.7228946909271026,0.7895753007607569,-2.570130577297972,99.3413218462043,0.9317223035730884,0.898144330343017,0.09352078298994713,0.578104235265709,0.6508575038189228,0.9064792170100529,76.5863979619877
food_waste,incineration_energy_recovery,67.96734944437758,81.71967735915332,14.128069214065164,14.145640639945821,9.475815218660053,0.5286140542182549,800.2228194497199,9.605022034581513,43.72821840013456,0.45227305625851844,6.342668102090312,0.26566730797350707,0.9440141472574455,0.9072236680914134,13.58876872199057,-0.2031214630155017,0.6014327938942972,0.4481969751054887,0.8387902173645995,0.17882885506350527,279.0001334211198,64.10378354786937,0.4072506405995026,0.9794720562173652,0.17795723433723037,0.0,0.7019540136515008,0.8220427656627696,39.628514675924684
food_waste,hybrid_biorefinery,73.26026252524531,65.97951304776186,9.62069768354688,19.712861555900353,8.996815694111037,5.575962904159155,675.7282782075134,20.291728703005525,21.76572767688612,0.1893389157099576,6.816423622169508,0.18286184372824324,0.7514448909267711,0.7963277705651765,24.422836120603012,0.044677297217654954,1.0,0.15585770860103695,0.6264850017939688,0.5136961356156874,60.305638336187926,112.26400931422772,0.8722184576176376,0.9600016879669305,0.038684589536971646,0.4147905497761352,0.5221499429184632,0.9613154104630284,63.123392528391136
mixed_biomass_stream,incineration_energy_recovery,38.02913820883925,58.92263067169571,17.650335339833248,24.418149353285166,14.85943351881258,6.304678599737754,815.890995311358,1.0,51.74759813671364,0.6179113031384187,6.748856981004607,0.1215512115827865,0.7163916470569304,0.6251705182470412,13.011771153980547,-0.31472967201129076,0.9307079328770544,0.348537168112795,0.3556122319656387,0.4458885890397412,258.71174728523226,88.8675290133905,0.23449440471986832,0.8914993651215943,0.20745202331187618,0.0,0.6303716526761615,0.7925479766881238,45.30991802539779
agricultural_residues,hybrid_biorefinery,20.867860007332062,62.77057112652449,14.063933524711034,43.506936600801495,17.627549491928498,3.033369908643483,375.60523067813205,22.047188427714993,35.96343912968132,0.24426501435305575,7.498260772434403,0.7915378803487658,0.8450556760011124,0.8180621106860213,12.392816414224512,-0.0027986246449178964,0.4956394512023525,0.3083667390021023,0.5221255169396376,1.0088393015126487,-23.338474314011304,105.49791447624324,0.9126208203023064,0.9646614395644889,0.0647420650237773,0.6320479852311982,0.666692464878871,0.9352579349762227,78.3813238413974
mixed_biomass_stream,pyrolysis,34.801605985935616,65.0111243487362,11.884381651898615,35.68423930275978,16.13682513483651,13.56286120017319,517.2822114807659,1.0,37.605393048293195,0.01,6.316042786950103,0.6260874171778092,0.8062598743409599,0.6806294884044479,40.95746795651058,-0.10059757743435675,0.5861595502036394,0.18519005019307244,0.33463507471667164,0.46800775776721404,150.98976570400873,108.70630908392631,0.5188057336521803,0.7886573357607579,0.08179131008759333,0.17924736180776954,0.530823237846017,0.9182086899124067,47.63127739668827
agricultural_residues,gasification,41.266474102016005,67.59859692168409,14.632612227011025,37.43514972661124,15.2961660276541,1.9430950598696262,466.2620024444622,4.073365835845516,35.634550505896016,0.133201002927179,7.407608801051062,0.23280273683069436,0.8860745465421412,0.8456307258573004,38.911469594901895,-0.10975041052974448,0.6543215396124268,0.12720622960983094,0.5388388255994295,0.4972886655353488,176.1320170727338,89.83914651448221,0.4697322599272256,0.8881586724955605,0.041895102544883954,0.11394281279809405,0.6365658931836599,0.9581048974551161,49.70017486938955
sewage_sludge,incineration_energy_recovery,64.13936295723352,48.16054424050819,27.773430943904216,6.0,8.759116525435749,5.197739787747214,629.0175703812953,7.12604129799952,35.157666641029515,0.6614550595031339,6.826504925323944,0.4211807316942015,0.8245354475528582,0.7899857163043335,14.8605012856954,-0.2204368736062444,0.7063321182995332,0.3647593488718106,0.29126335263099135,0.06448730843501765,341.96452329209296,93.79478617764538,0.25012611817905345,0.8897421820999564,0.19233924764724317,0.0,0.5205304384996756,0.8076607523527568,31.05316829462782
mixed_biomass_stream,incineration_energy_recovery,46.86289533125333,66.33011517223517,12.90008292169829,32.06709597221695,13.28462235608128,9.297279025565787,558.6912157993293,3.0680878701974175,24.77553762219966,0.5783410600703354,6.206200956548537,0.6176689294174271,0.5550900704131677,0.6450369530719406,14.061848047487103,-0.17348863887885013,0.8500912745304584,0.49849765757609454,0.6051276143834988,0.2360921129007602,284.2122106688999,81.6197702891177,0.3156144647703084,0.8277225039689516,0.3659724629691342,0.0,0.6223625264743899,0.6340275370308658,36.7303828193812
food_waste,incineration_energy_recovery,75.850806924426,65.5933207872133,8.121786803359898,20.004836126000676,5.486761257587365,1.069574520775086,776.5986669388483,9.014984502253625,49.4918187284412,0.6117538347960225,6.875286482047512,0.5173793153250456,0.6517770266861356,0.6011931022228802,17.299029069592986,-0.21503542659494612,0.4846499492608518,0.28497136443546156,0.18149115634498955,0.05,351.75963497062804,83.13147610844759,0.25927611266682543,0.9093710596630996,0.14531448300346053,0.0,0.5734659152186969,0.8546855169965395,40.80563219605805
mixed_biomass_stream,pyrolysis,32.5043214201925,60.41581434229692,13.41514712745898,36.69794210362257,16.683766897552413,10.371194742530587,603.7204490413084,10.075020095409716,90.0,0.12838974692460411,6.834885272641393,0.22490301273102747,0.5297347513807089,0.5660183401442944,38.24994828583077,-0.10012712818071443,0.24333648711175965,0.1625913359215824,0.5658820626078538,0.35322838959073816,157.20816157854424,106.77739027708571,0.5668643934727315,0.7548051644374846,0.0795443013061536,0.16309568421157342,0.5157239810937219,0.9204556986938464,47.34231315352313
sewage_sludge,anaerobic_digestion,85.01526331236362,46.58398511503856,26.255437434996182,18.262775891153108,7.204701333940292,5.936577448968656,33.9173808163732,21.949721135009003,3.0,0.11268142008724821,7.375657002028166,0.44861118367380287,0.7175551694062754,0.7657278212093629,22.26110240288779,-0.3590781290255766,0.7941883378092353,0.545526702574891,0.6802233512227086,0.2355169318452425,157.0977808698965,68.14763377744612,0.8243886903568007,0.9147032075741676,0.16404633614548714,0.1633823873509182,0.6931419682825528,0.8359536638545129,56.726631746351316
agricultural_residues,hybrid_biorefinery,34.40656519546047,68.08978087387433,7.091308613618375,34.5086580287855,17.205690962777194,0.9389977982582751,567.2521054698148,21.368432722643778,43.77303488537176,0.21396483633517074,6.7167713231881505,0.3421620363707767,0.6937943204053167,0.5895559427971859,37.235578993722086,-0.017825695887391246,0.7881458988253587,0.7015586945775294,0.7686118925454661,0.8844259455000768,-7.716285724970639,103.25132903237126,0.9529529514582207,0.9545746175145112,0.15162788219991946,0.5914708720129108,0.6511456604712207,0.8483721178000805,76.1428814187906
mixed_biomass_stream,incineration_energy_recovery,32.173631020356304,61.80513230816776,10.676729547565895,37.97919827788219,15.973894461029785,8.544970130720138,718.057117177066,1.0,29.53015613605783,0.5785846105609146,6.415115252196917,0.18271832659371726,0.3723935481114426,0.6066470564446799,27.43113392549275,-0.3389485507324311,0.6624573574075802,0.43153746522496084,0.4813463273378357,0.41943509002227203,254.19834891639405,91.797984918117,0.2551392570469153,0.785506387166279,0.34611347216119714,0.0,0.6091284307621787,0.6538865278388029,40.47891941635308
food_waste,hybrid_biorefinery,64.26327566881481,83.40365372917714,9.810265045866432,14.317985327341985,10.421152200775486,2.418891303809153,800.8420473339359,21.988799552764704,46.86438895338711,0.22016085196559043,6.89073168868241,0.7563789729683141,0.7283626874768663,0.7905009659335093,33.8441694161584,-0.28618618628269366,1.0,0.5147285568755559,0.5159514780917802,0.6800865979095647,29.19378394531924,119.66362178064009,0.9125659482337461,0.9674369691368665,0.11534591441772168,0.495600561180989,0.5198105158525248,0.8846540855822783,69.72227635186889
industrial_organic_residues,hybrid_biorefinery,41.334305015165796,76.03786385799201,9.452424874878327,31.611837020814413,14.991884818983268,7.53583552268435,719.7582131193342,18.63020574938559,44.12571533487666,0.16133905807638038,6.97016528080791,0.4598224031834754,0.6860541832697048,0.7310051262298344,27.71016848932735,-0.23792737509275627,0.5347462229559283,0.21262710957608916,0.7062131705029266,0.6280824081482066,50.3844976591883,114.86256573078985,0.9005882362216192,0.9233629564749237,0.05921527648791538,0.44055974633977063,0.5336383101568694,0.9407847235120846,67.23181461890016
msw_organic_fraction,incineration_energy_recovery,57.782775645066096,57.43548275110635,24.074960943338713,37.30871749242857,14.85906386484,15.82643695732353,640.2769388031313,9.832733528736043,43.84588202068647,0.44125377204282856,7.32612049491074,0.8050288930295603,0.8538620264483467,0.7424848842604678,40.79603624972836,-0.4386118784398426,0.543683363814712,0.02,0.6390760610219942,0.17543504355732908,360.40651475860733,118.28189429099675,0.29338626799659867,0.8209079721107273,0.014255089636341913,0.0,0.4160594238405242,0.9857449103636581,34.84086470616686
industrial_organic_residues,gasification,47.17776709103306,70.86788383447144,10.76646372942599,30.611794113927076,14.827862103914736,9.759413020575977,443.91622157335973,1.6481849317970267,45.332263452912876,0.4046331475444522,6.114016770859038,0.5623599454327952,0.5241830319382667,0.6944281984122205,11.861430527570844,-0.4789403070962604,0.6105419397040558,0.40892385208886844,0.6036279442021669,0.40717188054044146,197.5347450431216,99.82348422451877,0.4575798905411335,0.7681515974860413,0.23113368367479306,0.058351311576307525,0.5641910546424826,0.768866316325207,38.78856893131738
food_waste,hybrid_biorefinery,75.23598754626471,72.11463859124211,6.834454080752284,21.604453057969522,9.238821820165384,6.8092878383994915,629.5068915707524,28.11704888724144,50.07965381050922,0.2001582495599904,7.019096080440904,0.4908992641838424,0.4661403919065659,0.6348448439204805,30.807649512847448,-0.2829660359213871,0.8148597614439654,0.18567960744630466,0.7065853178930718,0.594779138824735,80.34789642629022,124.15741479578426,0.9082532557391789,0.8914522254740314,0.05835861207899111,0.36273273655509036,0.4773913326688929,0.9416413879210089,59.89053444817523
food_waste,anaerobic_digestion,64.3671033857301,79.37469888116202,8.327923046510252,19.814974446994274,11.379188713625101,2.300674336009614,32.419460036578315,24.92909233935989,3.0,0.19022670500126787,6.6798357470632075,0.3104733138073301,0.48319412580731674,0.4682482737782908,8.05786408951198,-0.4547331812891982,1.0,0.16952364182363594,0.6315859594140849,0.22524102836023124,95.4179201643248,51.56017412261023,0.8266296346060403,0.8774504116741916,0.05204674125156382,0.3235898177550005,0.7781836887518286,0.9479532587484362,54.34561432128759
food_waste,anaerobic_digestion,74.98650748003786,73.93592277652469,8.967458521926147,23.41552818583294,12.3532497232843,8.46384380739046,42.02622314864011,23.175752896952545,10.516626971207883,0.12725448764002217,6.643141367544071,0.26783468539317284,0.9039805334592061,0.7483599843020892,5.828682932510464,-0.35436770154131775,0.6973028940906151,0.5779301850105852,0.6005665457450856,0.5114608513050208,82.83533764411888,64.77474589603574,0.772321504615992,0.9352845536321616,0.1635481177823055,0.3562718502750159,0.7716016720448112,0.8364518822176945,63.4112032909757
agricultural_residues,hybrid_biorefinery,27.316439516173762,65.93471532753723,11.407482144894347,53.15755210583526,19.44422044160109,3.91175406667391,748.4204267821889,18.65412045634674,41.873854149603375,0.24634948909288387,7.670508517710367,0.11675219316137571,0.8381452314458739,0.8725020571194091,42.40703035927783,-0.40173944464029276,0.5911906156640222,0.5972388104916599,0.4222368784968255,0.9138998707297944,6.0278084489919,110.08891236659973,0.8275171166103991,0.9383905505164954,0.1304242710587688,0.5557719261065146,0.6216426433152931,0.8695757289412311,73.09039215860024
industrial_organic_residues,anaerobic_digestion,46.38909395885869,64.27520473301779,10.420988133256662,32.01738208661083,16.886982147408098,1.5822772924635364,39.492048008154775,18.055143518097726,3.0,0.17205710319269482,7.5799019049265945,0.4367918930955666,0.637403754964677,0.6747205652346926,28.143077488045662,-0.6640717700903737,0.7523146903648609,0.5118671343975394,0.7205049526102896,0.5140138044345751,113.70658701538676,66.34782242542819,0.8639936485529731,0.9260021894139292,0.13796284891271052,0.2760867869730214,0.763883971578616,0.8620371510872895,60.86182374135846
mixed_biomass_stream,pyrolysis,37.617656109939205,43.344537746086175,14.063794280702806,31.097936418176545,16.117471048822978,12.927182844838207,628.4135729399433,8.081145408369776,31.78117463466232,0.1337139639887273,6.599633470302898,0.11347054349787423,0.7178851378708194,0.691413139787157,16.095891011238912,-0.49531970697700034,0.991698186978571,0.21436879134359146,0.6477839075586768,0.3968361567761989,189.9489902428618,90.00767753290101,0.5605333404556316,0.7922547636317714,0.09940793911650989,0.07805457079776153,0.6135793358965479,0.9005920608834901,44.26256734158611
food_waste,hybrid_biorefinery,60.68476830163334,80.32289849053939,11.22463330426133,15.975249063583806,10.975549604919722,4.564364932586502,719.2782293864449,26.023749519698995,13.730536949673287,0.1631650729062324,7.331266465862347,0.2677618747757343,0.36788545396002204,0.4795578292510363,10.184836619388307,-0.6066908677567814,0.7075167280016004,0.4865270967977965,0.727759305192216,0.7696953873179071,-14.422812806981359,98.28013156549004,0.9114102217520074,0.8625362370494851,0.1497407639952212,0.6088904228752763,0.6520691348652552,0.8502592360047788,71.24054635824905
industrial_organic_residues,anaerobic_digestion,51.68959756104664,71.20970628956027,14.432568094525617,15.498016027126248,13.102498340002368,3.35859494172636,38.04605846316045,29.01189058288878,3.0,0.1466314616524894,7.074393715641732,0.6279841111741822,0.6586789672132449,0.6544930499228148,26.66295783341621,-0.40931414049284753,1.0,0.31539073454783545,0.7077780003042682,0.6547030701474255,57.69585611967341,75.88697681501847,0.8636730643779171,0.9067591507796336,0.08994093186739543,0.42156920488396515,0.7446295343007574,0.9100590681326046,66.97968558845493
industrial_organic_residues,hybrid_biorefinery,53.63777561986089,69.9256361558607,12.45321839690055,25.37700993563133,14.779114996630723,2.4202127999058503,500.3163046222819,19.095090244242147,19.33194331713682,0.27856215109339305,7.2786961302129,0.7771574111843919,0.7762766902307163,0.783260514600782,54.00290210027681,-0.4063901876836675,0.8764169163055093,0.2193430252013788,0.6372971940809292,0.8586792183110099,23.439282380710385,124.6378659766049,0.9445554018156427,0.98,0.047426802198615725,0.5105473184916614,0.5329206597305016,0.9525731978013843,69.1408955308562
msw_organic_fraction,gasification,53.706937348213266,64.3863175996,16.47827936369938,27.411228618603033,13.46729925900822,3.870810771657151,612.7830973024236,6.125515670317155,64.68339372905999,0.38805203316077486,6.32289732024516,0.20442035107440734,0.5541379931764142,0.6912885796926049,40.339695730323825,-0.6542429083806659,0.6167751946098365,0.659409261977797,0.7351969606926438,0.3491206791511663,218.6243167753518,113.27553616436492,0.5030571928575136,0.827709264954648,0.29885393543036504,0.0035732031809044503,0.48061951696923066,0.701146064569635,39.33838766190432
industrial_organic_residues,hybrid_biorefinery,35.30191612092426,77.91509348129192,11.10908540627019,21.47611881128803,15.719212257075505,9.284399245566972,519.3834500076617,24.020839337262615,53.39411767750494,0.05524081458149306,7.389728301995707,0.28072283116488245,0.5678377901966769,0.7249847947505195,17.98991844308743,-0.5514121048323626,0.9131843060623674,0.8850219988360721,0.6853067079171706,0.8764469047272089,25.845768068121615,102.77610220693435,0.8687937087535145,0.8975174769177098,0.2827692914524558,0.5042967063165672,0.6518914653192788,0.7172307085475442,66.68037623242279
msw_organic_fraction,hybrid_biorefinery,60.969263702081435,65.42773879455918,15.826699459097103,18.698238402552665,15.726229937145824,11.926644543760178,810.6927271839918,27.4681677230472,38.74918126004119,0.1440941219507153,7.656210214276872,0.5843020465068495,0.8721159139352389,0.7794539698867149,57.96347399362486,-0.6870510532052053,1.0,0.17645431818060064,0.7692804031343408,0.7588977264247984,90.70553347571001,150.29969563811977,0.8955777526978119,0.924110922573477,0.048865341267018615,0.335829783179974,0.375906470139141,0.9511346587329814,66.7179402131478
agricultural_residues,hybrid_biorefinery,17.859375066163643,62.438684600337865,11.701378482936441,50.93742326497542,18.255465625391267,5.997911099106618,420.48268634072474,20.502275189094313,22.51262631428089,0.2346287670760062,6.608469035693846,0.12138492759661129,0.8186140818878012,0.7466275679689793,11.776339810546613,-0.3063910127201728,0.6797514055588986,0.37377708161109585,0.4589430146860134,0.8326152250205408,-26.71163592796225,108.39162634063143,0.8224611701854859,0.9102804386233445,0.08944528561854476,0.6408094439687331,0.6126931056064588,0.9105547143814552,75.52624173728825
agricultural_residues,pyrolysis,32.87074209552375,76.32665048135911,7.856889858820187,51.63588507564631,15.351177688569708,1.8958481585121372,602.020773040189,9.761685124621515,60.57962959127736,0.14679565588033766,6.327307482938937,0.8434945820160235,0.705429850024975,0.7166568928108941,66.51810113831539,-0.5824388625859934,0.6196320586987759,0.48603694347673515,0.653056458452562,0.5618861752553029,134.77393422149424,121.13316670051675,0.6974727440648374,0.8299445362559815,0.15661379166201686,0.22136640461949547,0.486071975921868,0.8433862083379832,49.08398420263471
agricultural_residues,pyrolysis,13.269456590665696,70.97413305603214,10.83646100089229,49.06069099009285,17.787345882788625,0.5,535.3713635424072,1.0,53.84050653335969,0.01,6.643075238974582,0.5314006360306118,0.5010258552294914,0.6443997765494505,88.0,-0.5644889003787728,0.5657096506169221,0.02,0.36612771134778194,0.6452942270977753,152.1787018002998,122.00938454871572,0.6105439787193945,0.806896384781926,0.01,0.17615921610311744,0.49981007444195413,0.99,52.38472982083384
msw_organic_fraction,hybrid_biorefinery,55.52643233521132,69.31361315365223,13.348209051246545,27.888365095166492,12.528947841137098,13.186359789889673,729.1791787832067,23.24934422000737,73.88790865769752,0.2799585838375917,7.562035866490184,0.8013423070665014,0.5106710235688701,0.5466949139765898,41.124581381078556,-0.3458314264378926,0.7554777275346584,0.2746470856522689,0.709434241593286,0.6212992548917982,73.80702587694712,143.8986457056612,0.8891614264344139,0.8391320132514104,0.1022218413657382,0.37972201070922823,0.3793245428885049,0.8977781586342618,62.7623545206914
msw_organic_fraction,incineration_energy_recovery,48.4439907250523,68.71489054374771,19.317332816753094,33.32087671114445,11.514812514632188,9.2784506531968,744.6612114772397,1.0,50.9040740854602,0.6241863097451957,6.598268663357346,0.4476374633745727,0.7134556889343693,0.7627146753979873,17.818193277628943,-0.4891750758687681,0.39715407539400327,0.1004569200776249,0.5732141752997353,0.18415185295319011,307.36728326272106,97.89811040038198,0.29416538632252204,0.8630217275198423,0.06610659399045289,0.0,0.5252601950161124,0.9338934060095471,38.617662833791336
mixed_biomass_stream,incineration_energy_recovery,40.19307224933085,63.36125499041732,9.634742570871495,31.963321795621756,15.625266260351678,10.634032191516336,745.6049108672004,6.387248020623025,41.36167975944297,0.61533310146048,6.494428028291412,0.15956843703269785,0.9555169826595638,0.8489857628240436,25.30328556581314,-0.7280686959641094,0.8515034641607564,0.447930900709885,0.5211934471238104,0.3735791258955086,245.77015979019853,93.50896646212182,0.24862561140295408,0.90379058911499,0.2533299116958788,0.0,0.5900349526332129,0.7466700883041212,41.115096459149484
mixed_biomass_stream,hybrid_biorefinery,41.936833437517485,58.561702431618265,11.077653288673451,31.44537943642494,15.775225039926836,9.287422533467696,629.2845175364799,17.58674137938621,50.07225949570622,0.21295981460894667,7.220287743911586,0.5692779098782351,0.4347125804606944,0.6544681407782785,47.19676649547268,-0.5120727634551424,0.4895527277517277,0.4125819511352998,0.45450042243724426,0.6829833175471207,47.61737687258909,131.8607226210359,0.8341553806652959,0.8611326795005179,0.1433578044111781,0.44774707305821015,0.4562525265917565,0.8566421955888219,65.35077755038328
industrial_organic_residues,hybrid_biorefinery,46.966486730845716,70.12751158694377,9.488874999725025,27.82022763605437,14.305853265604092,1.1037227453929432,500.37528990532365,23.049777928601404,22.638922218325387,0.15919877078918754,6.662766219314603,0.8254365150268025,0.3234875380589792,0.41600721001124796,19.62372157707981,-0.7619349535553228,0.5610060806268354,0.7262554109891654,0.39126993216469,0.6939133611296636,28.05840018114048,112.70991138846544,0.8961263450255661,0.8916384481373946,0.19996499105647203,0.4985496099191156,0.5594508795092342,0.800035008943528,64.49073908183638
msw_organic_fraction,hybrid_biorefinery,46.49174640137294,58.53078712441296,14.980091599266988,27.378611980076286,13.34890562822601,17.923034329981952,395.7979034222095,25.346704831070944,45.077042862292224,0.23709692396603768,7.400762821508644,0.5416132678306941,0.774521333202736,0.7321647034877361,36.63573705629361,-0.813869807462398,0.5134710699595004,0.10709555404154167,0.4701122930115824,0.44555967006395325,168.57187031498756,129.5351857634136,0.7753958943694774,0.8651307261060424,0.037612146814903734,0.13357955762340892,0.416258991817156,0.9623878531850962,47.750267047104934
msw_organic_fraction,hybrid_biorefinery,51.36428164095232,62.91198640818666,13.872498779017924,27.3796088391883,12.849871145819614,15.310994612264292,629.2571909592448,18.176762885667053,24.747473377879373,0.167952339798614,6.705778400023083,0.5058457150065867,0.8974336365332733,0.811411398216167,8.04258774246072,-0.6854240891624015,0.7429149081697486,0.5058978158852285,0.5076258258684188,0.38612612128506935,97.94717595654015,116.21873795076341,0.8001971513817816,0.914407656653017,0.15067400528828265,0.3170203221908048,0.4732701785208026,0.8493259947117173,55.63629028466817
food_waste,hybrid_biorefinery,64.99392375133682,71.69884176167271,8.479456686438498,22.037145992946982,10.209946525593486,2.406573374927233,584.2952033451963,26.17906631094384,16.239170766633116,0.23581554924396364,6.4940944787743815,0.12614526814801438,0.6017952657340789,0.6103485647140208,26.95999554885434,-0.6843093769795925,0.6062655507951752,0.3958016548285175,0.5590116004413809,0.43675385590349963,65.6736036127518,101.44666223195759,0.8729985079376957,0.9467658626189445,0.0968865337444003,0.4008477828240213,0.5621560470779404,0.9031134662555997,65.53849614012597
industrial_organic_residues,anaerobic_digestion,37.63722203245267,71.80516420351087,8.85761326022024,16.142633495495645,15.935541522449999,5.483161892161522,36.22266666276298,20.156400704383223,43.50908708771719,0.13361693948781908,6.4259630661399605,0.0769271718764419,0.8575784055323042,0.7840016360398028,23.235417271619536,-0.6880803584082124,0.7252184835133146,0.4720279554524083,0.6708280986959745,0.24875899754584632,108.12331339340497,63.06922279391959,0.7954790651789785,0.9374440134509939,0.12543963083556223,0.2905887963807663,0.7227837015973515,0.8745603691644378,62.73438696578894
agricultural_residues,hybrid_biorefinery,26.15934116970383,81.75019030187461,7.22838627504819,38.01870039845005,18.75791566736639,0.5,751.6664803581347,20.327352819683526,52.848115681792045,0.08695676077399514,6.517608974246022,0.22045639102535272,0.7327201114415655,0.7996667263223028,38.20794209470978,-0.8211974269864212,0.531175813208419,0.23022335486791087,0.8062198685193197,0.8723583467115149,-37.397400897666046,105.48399983119089,0.9556914784118582,0.9786518067299786,0.04746585979176142,0.6685646776562755,0.6367398897965812,0.9525341402082386,77.03381719968486
msw_organic_fraction,hybrid_biorefinery,55.46280778364322,59.64805590071666,13.91293081013603,22.838671247355023,14.230135344417086,12.644628520831198,638.535704062941,15.834776150156605,31.287498481635488,0.09051130419722633,7.607397928285321,0.6269491654919873,0.6917893582539253,0.7163464981418648,36.023322124547434,-0.8470333575381365,0.9734496891311053,0.4173928577854259,0.4107277845714358,0.5303083038636256,70.7819781564197,136.97950224666957,0.8043254797363996,0.8929240620679713,0.13545741635678354,0.38757927751579296,0.39572307818331576,0.8645425836432165,56.4189215632728
agricultural_residues,pyrolysis,23.761412906568744,62.58225391789443,8.945327896684605,56.157129939003546,18.821687627097862,2.205808743319185,579.6558758391028,3.786833021717833,46.560609026323675,0.05066512049979695,6.985520718519895,0.22043892938724127,0.9733765212686255,0.7966367612755776,45.80998567393701,-0.8218640422765322,0.31626682450854493,0.11143909858198095,0.7440905348933218,0.6177009416983962,119.7153674846022,89.89364015226624,0.6682170868710754,0.8678309923492313,0.0293319970819434,0.26047956497505925,0.6627697853196143,0.9706680029180565,62.34805372593098
food_waste,anaerobic_digestion,72.31133366280197,76.72015650528526,9.935328784266185,15.7844643088905,9.240928737420004,2.8912587195087105,40.315804355636395,26.195588865166755,5.227620939504819,0.24642562460217313,7.122359036643883,0.6024309157673148,0.937152071407423,0.8639633623349013,32.45981805748596,-1.0922074638018926,0.5670376515075494,0.4466832418888847,0.8280269524841278,0.7072918788508028,79.16713699683771,92.93928762045759,0.8949624003458562,0.9788113922981835,0.10076018856961799,0.3657996441640579,0.6664500679763472,0.899239811430382,66.43496881036191
msw_organic_fraction,hybrid_biorefinery,50.44781405004849,61.888984332078394,8.133098152409051,25.677782765833502,13.001151399418987,15.8136931507707,650.6313968666808,16.72626260842914,41.90281352424572,0.033624200980436,6.726178757680126,0.4129990819868735,0.5476190746535518,0.6763936190028892,12.93521590633685,-0.845754619065126,0.815494382869701,0.11606937640594188,0.4943233941720919,0.3927336457914874,103.50717229688746,118.83589157891066,0.7859249230465779,0.8438183479141367,0.04529634398376123,0.3025787732548378,0.46094934113249214,0.9547036560162387,54.556415921278564
mixed_biomass_stream,hybrid_biorefinery,34.51813431974526,52.7013281311079,13.590377313884495,34.612859311822156,16.477495896404978,9.324652804891597,759.9208609043015,26.65615200940121,58.35540275630715,0.2489011858834293,7.6994923686375385,0.31706907741856094,0.6044523536153013,0.6527528456682812,29.159085205011884,-0.8280462501758277,0.7649120459930243,0.8272040839760054,0.6259139297238387,0.7767361310140113,38.62225142671743,122.08441872636706,0.8565714389902034,0.8798858188832711,0.258269162104452,0.47111103525527936,0.5283323765790453,0.7417308378955481,65.25797826192691
food_waste,incineration_energy_recovery,72.22911631700633,76.27862975714189,8.458540242224405,14.883239337394905,10.623878815607098,6.34134454183021,519.9908904019039,1.0,56.45411946745218,0.45374067330579837,6.991620391837869,0.5781786656740441,0.9195390480603982,0.8256659538826399,21.836735866331814,-0.9191082038078533,0.5815202066334227,0.2985270639404095,0.9057556825683531,0.2845032986736439,291.39857876645004,86.86306227259753,0.4083038021032004,0.9219268446255998,0.1516172490353209,0.0,0.605416713747162,0.8483827509646791,43.0261104015474
agricultural_residues,hybrid_biorefinery,24.973606408679277,68.54870726426635,10.324791230622303,48.29497076619342,17.114365869569042,0.5,687.1398586835052,12.781709569134357,41.386756858373516,0.2630812002901173,7.352682866228059,0.5483952702691512,0.5730768873490987,0.6923485210893622,29.989463747644958,-0.6318277594984628,0.6427632068430097,0.5066517549515811,0.350335448068537,0.8485655101264846,5.639675444913322,114.87305058507754,0.8679554836386665,0.9156132123802021,0.11673607467773457,0.556780063779446,0.5820894091484712,0.8832639253222654,71.29675687324547
mixed_biomass_stream,hybrid_biorefinery,41.49438847839107,57.99501832363627,8.44738951164436,30.128181851884396,17.03714777976752,5.210242146561906,918.6395347039357,18.81059202731669,46.044130249508996,0.0946607307506674,7.164563622043605,0.14556505360159677,0.8844545185222353,0.8637362449978245,25.751245871448226,-1.0523648819437683,0.6330317677888426,0.5173882153411659,0.5607968038548328,0.7468099003833161,47.8098152499316,89.8617396173159,0.8553727102259026,0.98,0.11415942236335469,0.44724723311706077,0.6913416537826669,0.8858405776366454,68.87839763135989
agricultural_residues,pyrolysis,23.156372234335475,56.46566269524743,11.479395700269585,31.641693793252472,18.96475961566071,6.548174582152227,595.4478163432526,6.6063796522704425,42.394815311273895,0.09693358765104063,6.398459201864897,0.8457792615828894,0.8241966766726849,0.7781757418170556,35.61043175198435,-0.9629048520179011,0.8124771388758064,0.08762993695488502,0.5893827518966565,0.6831277497252488,89.40829018928125,109.1362689577486,0.6491708068257297,0.8684811687271566,0.030739312532817736,0.33919924626160713,0.5758866893724568,0.9692606874671823,55.979653105318114
mixed_biomass_stream,hybrid_biorefinery,42.57795804018181,61.73066329977754,8.862785186091326,27.301833854182867,13.653165866961558,3.9157245011844193,663.531265255407,25.801491717800516,50.28727104858827,0.22218387704158254,7.145831202189964,0.4641171496200702,0.6634321628219391,0.7457331907405698,20.864144463950375,-0.8723775339105249,0.5990600229407742,0.557627233829849,0.4787895897657567,0.7308042154820346,-3.120519447564096,112.61872721588836,0.8694166979027539,0.9610994163880404,0.13877765211626267,0.5795338167469197,0.56804678416453,0.8612223478837373,68.66283162050556
msw_organic_fraction,hybrid_biorefinery,45.113011411014895,64.3074660216873,17.371496964210387,23.264639993143035,12.824705299614159,13.690596632092241,707.2215015898324,21.26855179836421,25.151206016871722,0.21194647297656166,6.881435482295519,0.8168087360282719,0.7671240759913396,0.8431910684980919,29.486247697278163,-0.8584752826217971,0.5921666858574137,0.6629646963776196,0.20288551724565035,0.4705277077100522,114.78157117259192,136.6218457875394,0.7602319017690288,0.9116276966195244,0.20962715554511746,0.27329462033093005,0.3844537494460041,0.7903728444548825,50.379100819662966
agricultural_residues,gasification,20.39950095427885,69.43400820356489,10.92603027812901,38.5624777459029,18.404941616023848,4.823818601218319,875.5669597328194,3.3687781028260955,44.50443221591325,0.37692166421856577,6.607791949595667,0.11538741881121507,0.7389696156419778,0.708323660430707,29.76527562622914,-0.9707342656724668,0.7579088428628187,0.17643361371159821,0.5458972402810081,0.8210371334422323,135.3913409097506,100.35253400971418,0.441938573366621,0.8236539979755904,0.07288719579763439,0.21976275088376468,0.6524569377272165,0.9271128042023656,54.84964855949103
msw_organic_fraction,gasification,42.0883610981129,67.85675596001592,15.271100571473928,27.55628374155289,14.164676749112926,12.542809729991312,644.7429391663313,7.93299867330227,42.613289557379204,0.16813618063829117,6.999134462230876,0.46361480567075364,0.7921746266168853,0.6716768786858083,44.71148443075796,-0.8389494347575741,0.9920341469195799,0.5930169116188979,0.4912716422357574,0.3655511858553296,228.00812595604327,124.50815841522896,0.4021074269026605,0.7938992097203279,0.30182668552084857,0.0,0.4251151639659148,0.6981733144791514,36.910081046747685
sewage_sludge,pyrolysis,82.22549735046981,53.58081164833479,15.263950106713306,10.184866524839334,5.583678216911807,7.610824942968236,572.824547337475,3.89630072267199,32.528692449221225,0.01,7.227942018899812,0.16643521246543763,0.7018687214672974,0.7641561811361122,17.37544071667454,-0.7119687852214829,0.6686276309300424,0.40570240192251233,0.7389903441320456,0.05,236.6045948643441,75.2071393454533,0.6247866284294687,0.8184317421280923,0.16176698046995977,0.0,0.6151729508134037,0.8382330195300403,37.165890868416795
industrial_organic_residues,anaerobic_digestion,45.53869817778109,77.08293903393454,7.672572650163467,19.112333937228854,15.69235124360229,9.71226687968116,32.17021536821008,22.010261840324905,5.069160419546735,0.20925713735299348,7.1469555704969085,0.4271847783215226,0.4218777761561521,0.4572081360468686,8.154516592954701,-0.8948963195291417,0.5533426695503136,0.11572326466783131,0.7079673110031259,0.26788500269124627,69.42820450900066,62.84105510480601,0.8031807418587352,0.8053760389557628,0.04790680147065641,0.3910955727038944,0.7281923053036214,0.9520931985293436,59.562038405873956
mixed_biomass_stream,incineration_energy_recovery,36.66572323808178,66.08505458464242,13.89718349481935,26.433757661974166,14.42957769004594,6.571216251133264,695.1183815276512,5.71801131179855,35.39391479285197,0.39524684046125597,6.947004467285257,0.39122490368164037,0.630930829775392,0.5814052574950442,32.260664593285924,-1.0217070079119364,0.4007137995504356,0.3110276800631652,0.35268532206878705,0.3316426768008161,272.97364115891924,92.79578028630822,0.25347080905379515,0.8687493869245161,0.19845585627472373,0.0,0.5845625452840311,0.8015441437252763,38.91341714824512
industrial_organic_residues,gasification,49.56235093955982,71.24904153443163,20.223159441413657,19.895312020893233,13.809686012226512,3.921098349712727,625.7418164462549,1.0,48.53475412593373,0.13662873613046353,6.856584823420031,0.14105329484361342,0.7554760658051611,0.7516900611099597,32.67202508495146,-0.8786010537728,0.6139930672138861,0.4741730102880422,0.356725857499764,0.35387823306078764,219.3620065841948,101.66079758836545,0.40301803951444104,0.8594315705054526,0.18710314175654696,0.0016571257553381767,0.5427963818609235,0.812896858243453,38.488962684489046
msw_organic_fraction,hybrid_biorefinery,50.35529336447025,64.56971161020645,17.311747257594064,30.157853461887786,14.470596615584146,12.585000201503071,599.1682427460183,23.538810443381603,37.845474999900944,0.16624997545956802,8.066360698253146,0.5964781756183902,0.7729923137256465,0.8030866523264222,14.32966236173522,-1.0165207007927708,0.6704059382807178,0.15896442930631186,0.6205258979533741,0.6788809276846072,45.4365906903854,114.34233134152825,0.8547547271272933,0.9084436666852659,0.04851246704872932,0.4534114527522457,0.5475520601878333,0.9514875329512706,68.70378461849677
food_waste,anaerobic_digestion,71.44195295571639,69.01317978094765,7.972784555806285,17.437021463056343,10.986352227983645,4.996554900386272,32.08255894565569,20.5626164063967,18.632616231928292,0.09594575938538526,7.12247450606967,0.16464464158135375,0.698446605895465,0.7542402215441644,45.04305382324171,-0.95962373895079,0.24554978086854745,0.6664558249610283,0.7917336457413475,0.17820865715905318,156.0092592510949,81.218970738641,0.8361290984591413,0.9158379957676832,0.1964825022673308,0.16620971623092232,0.6117376375295127,0.8035174977326692,50.26913270217179
msw_organic_fraction,hybrid_biorefinery,52.231204388265844,73.68980811985301,16.635495087986243,19.815318563196566,13.758907218687146,11.01660059995249,699.9914049085958,23.13446030862593,29.880639587368275,0.06549796982641862,7.242017870921556,0.5369409891777239,0.7330467014723406,0.7804910993913281,24.03277919557307,-0.8553845876107588,0.8902324968822246,0.04028786546138559,0.7192274717796676,0.733137533837365,47.76307489981113,124.17150329425901,0.8856459428794674,0.9120469847769922,0.012101352650090333,0.4473686366238672,0.5077560295796992,0.9878986473499096,67.1855692062719
agricultural_residues,gasification,16.37529156034136,72.52416668511903,9.639983362406046,34.14084008179608,19.172855978494656,2.192918519065438,711.026466435659,6.2087010729045335,37.700831741473934,0.31429913350969435,6.625733221077785,0.22623139771606576,0.9150636728639748,0.8486793646817847,17.82864472427088,-1.0075296157352236,0.9134947563248732,0.3310899981711472,0.4445159784473138,0.9349585926327778,86.08783323264511,90.48096141825414,0.4438770767956557,0.8993694694162185,0.10750780273077212,0.3478238097853374,0.7294753039673472,0.8924921972692279,61.04442664619322
sewage_sludge,anaerobic_digestion,78.92295491436549,60.98105108471127,17.606796677767488,7.714602423385095,6.6264331414741,10.38415109691993,35.3594473230575,20.851338325262642,3.0,0.21383851211812813,7.0935103238912065,0.19555426505349854,0.6257617929601795,0.7115904898685077,47.87405332296128,-0.9532149752988517,0.46661510594341693,0.6820697287268794,0.7210122694219585,0.27855392614639324,161.27996924446413,84.45307455944392,0.7832083508813301,0.8321101380422679,0.2530389775300549,0.15251956040398928,0.6167919976498701,0.7469610224699451,50.681760023267785
sewage_sludge,pyrolysis,72.46534326227062,63.16337077896232,17.133699210618456,10.006102719854937,6.527727388892459,5.073732438867983,594.0190675727866,12.852838045184907,46.72044204095404,0.024580437284179975,6.159980056381908,0.1933683364729894,0.25,0.4421362794509903,11.319212691473124,-0.829064551869639,0.6878340449034333,0.3460541425006139,0.6194168897734464,0.0690870623908555,202.82317660032257,72.23615375464432,0.6148075622891248,0.7305603880283025,0.16746217607352556,0.044615125713447876,0.6350088708068077,0.8325378239264745,42.83746648070602
msw_organic_fraction,gasification,62.51431250843675,72.48832616128811,15.681757455020097,21.291905399911087,11.266386348347847,12.234092176560253,668.6314664786337,7.947781270984562,55.92849015990197,0.2561804657634757,6.994609756165854,0.38925858282949816,0.6488450190552358,0.7477964188571607,20.502034489866002,-1.003947801041229,0.7056560664124633,0.6130373561838354,0.6896056141316838,0.10986844281579457,240.38376729810713,90.59482669728838,0.447903444923359,0.778929835210421,0.3433987568727253,0.0,0.5473561800653254,0.6566012431272747,39.15329667378689
agricultural_residues,gasification,30.72577424090794,62.97375228247233,7.27796306852203,37.787297329853196,17.73646791605082,4.862392317442195,787.1573068428013,9.224856494733508,45.0092845108169,0.3414365381629434,6.565150135108274,0.19409759883463573,0.5047970123817233,0.5883173936732888,38.335262483810254,-1.0759188546714762,0.6766232073037466,0.24930285239295397,0.5055705901054639,0.7669909431098149,151.29932665726272,99.54386684234973,0.4378837092110415,0.7746150534209669,0.12100030223578284,0.17844330738373318,0.6448229188402133,0.8789996977642172,54.75957870635263
sewage_sludge,incineration_energy_recovery,79.27045068722752,56.11048340150196,21.646407040383398,9.576646477268385,7.194127811085781,9.563527255441565,782.7546084591089,5.544252791518821,39.445329894897256,0.5271202202380713,6.3369720699838865,0.552924013160272,0.8758680304759153,0.8083623126863151,20.03220176797551,-0.9111492333928093,0.6881019395884427,0.13034810371383812,0.27687252113717076,0.06359545009571223,357.8523928239122,88.96125331408915,0.22650736054902348,0.8739921374212796,0.07634177542610154,0.0,0.5457738763153244,0.9236582245738985,34.25011146576541
msw_organic_fraction,gasification,57.57609928453728,69.7380770327399,19.491207978468832,21.995941518690294,14.063204775818628,13.497601977415709,556.2023851306466,1.0,20.726692543505333,0.2748898843078506,6.904313900203421,0.20504110003074663,0.701476339956397,0.6853032455252724,46.926630202824924,-0.9313589419382751,0.9904281991687938,0.027764127583166074,0.679913421831612,0.20708551249468932,259.37525573655586,122.42809852305275,0.4218984296184528,0.7721286093782036,0.015529819338326468,0.0,0.4012003994696066,0.9844701806616736,37.488458575794596
msw_organic_fraction,gasification,44.965398631079076,57.932230284400966,13.202111800373714,27.999002410179685,13.570728482205594,14.370248137337143,612.4927249241792,1.0,56.02615786097399,0.23125860405841853,6.865291819548892,0.09484638586101399,0.8753704834682593,0.8323783885961142,16.29356306649874,-0.8710869815932745,0.7054931792861426,0.06931442811682748,0.4749643512775069,0.29473490973945216,256.5746554314325,107.38865583249373,0.3557370617268978,0.8091614089763477,0.03474079335144209,0.0,0.4996382283927125,0.9652592066485579,41.116005056193096
food_waste,hybrid_biorefinery,69.1560689725681,67.62505515439929,11.040821475973225,25.081042451166596,10.348332001232219,1.9718415915872947,558.6436092989436,24.499261720870393,43.160355415941844,0.21101288219791356,7.3606024804119725,0.581877601982889,0.5633546629946669,0.6724585744832385,52.07312044248259,-1.0026630041557398,0.7710614708005239,0.6224837208644518,0.6756870095562284,0.7128489456050845,25.20365301447831,138.12822864112604,0.9416690694065771,0.9581298504116882,0.1535802181075174,0.5059645376247317,0.42983609097456044,0.8464197818924826,69.86302636864477
industrial_organic_residues,anaerobic_digestion,46.165903413874105,66.01773583650125,9.5656453295469,40.193951185358685,14.836621136160723,4.774088216993029,32.9575168734668,31.8604949171471,18.173113874932255,0.27852073797420596,7.236864849432256,0.6129176505733482,0.905593503450818,0.6731063638508742,22.01799425570924,-0.841456746216753,0.9314618693080279,0.3897714371903431,0.5009641845160088,0.30099719002374314,114.92947879808746,68.15141489047075,0.800855840655919,0.9227590768763861,0.09702529505578933,0.2729104446802923,0.7075277244869564,0.9029747049442107,56.25686640298997
msw_organic_fraction,gasification,47.80846487552296,57.79030306719894,18.646403358995787,23.62641652274238,10.548763985889725,12.302350775430174,700.48257161421,8.815704865875265,44.1197424650787,0.2439130186049533,7.495192638171335,0.5350564957453692,0.8110875101889865,0.7793203394317355,25.382051254191232,-1.05441751832587,0.7755954724649616,0.20327239822893275,0.3103133120467936,0.18203973088807046,225.17048404640823,106.31240426953592,0.36426639224331675,0.8136464740711433,0.10125295109534442,0.0,0.48050977095571273,0.8987470489046556,38.38108827586101
food_waste,hybrid_biorefinery,74.76033672961718,77.73513207040381,11.614699948045025,18.87486125664675,10.640499091029705,5.375715064542884,543.2714177643851,24.86531547687564,54.49809806335824,0.26085990263363906,7.2956375018993,0.3217325444231514,0.8950653617825994,0.916997875212854,9.299070802890485,-1.0388118808254398,0.4644549324265317,0.29586276252244204,0.7521578439476261,0.5541536546191732,56.516207004825745,99.51759219278513,0.9161480590889585,0.98,0.06509306039973697,0.4246332285588942,0.5981370030015595,0.934906939600263,62.285600438147476
mixed_biomass_stream,hybrid_biorefinery,34.0298913236991,64.68513862319968,17.186176253816914,25.747893510936272,16.165497680767633,10.66040370416444,663.2878098271623,24.80550379654909,29.044447277290157,0.21878253538001668,6.9798425320395525,0.4018249951484333,0.570647769773701,0.6824816709065368,34.06934694782566,-0.7803682333687334,0.46264506588781384,0.7145104638783916,0.18,0.6520312216750468,102.52502813823402,114.91552875137356,0.7425231736827237,0.8892236635528551,0.237733609468886,0.305129797043548,0.53862829639286,0.762266390531114,58.316593530220516
food_waste,hybrid_biorefinery,66.09087465586016,72.07095107341311,5.9944259609805925,24.200714998855183,9.985368648683679,2.3332984107204378,590.4477213686084,20.18386461527302,39.31436187110767,0.09148882589975148,7.05944466010218,0.35169200877719353,0.33264467601627645,0.5478536823936644,20.191181938249002,-1.131215451699721,1.0,0.30095652002417594,0.5524082896791748,0.5812855772085221,17.30357476546828,99.33672042874056,0.8899043442469261,0.9028224534372817,0.08672938881260113,0.526484221388394,0.6050579826240824,0.9132706111873988,66.33056418334685
agricultural_residues,hybrid_biorefinery,29.389970404685993,70.76370605940924,8.20505874071655,39.47797082315751,17.758351419026333,7.457869663427547,555.4349617475092,19.40119667524673,31.45699018059419,0.07625723643946704,7.257451268268923,0.3311947925938029,0.9162024040009078,0.8238589725520089,31.537217473566116,-1.0469050584328123,0.7050263071808637,0.108721093271775,0.5900665918954064,0.8784403686072187,-18.05665370601984,116.91614269305887,0.8618071437373631,0.9513589872555522,0.025252135693232442,0.6183289706649866,0.5779087616564362,0.9747478643067675,76.21668929947147
mixed_biomass_stream,hybrid_biorefinery,46.1253902072624,62.468773822670435,10.539174747888167,28.407880915332804,17.54432941289388,11.143095950322072,544.4031518233766,21.664647308084554,42.17869021910222,0.14234126509909362,6.551425745287409,0.3726479990687288,0.7508334531705686,0.7165599167349443,22.8185643545979,-1.0502818424902671,0.5359343790034611,0.49017675082036716,0.8821296594338311,0.580647598653728,81.87761394658519,121.74853354317621,0.9123425831317016,0.9112904734572262,0.14585519773289113,0.3587594442945839,0.4869607162134191,0.8541448022671089,64.51085413686766
msw_organic_fraction,pyrolysis,45.97080032667569,69.14844911873146,18.64515718305485,26.510980066474012,13.366873277419813,9.041114536282695,854.1686188218811,7.1593125886201525,49.087393496105385,0.05110051762584242,6.813255070356492,0.36306310373781736,0.9047469035796628,0.6721842860997552,78.28565588349679,-0.8446244909139909,0.7426055627910645,0.13127213534631846,0.1984024676223076,0.3326443694346186,259.00716499067477,123.97911911577114,0.4953578634506235,0.8625934095872726,0.04682075785960087,0.0,0.4206600817189258,0.9531792421403992,45.94450383845408
mixed_biomass_stream,pyrolysis,37.27548137747048,47.86729470650982,13.270153594666418,23.4982944058565,17.142295773526953,13.7582489751636,747.9729082323926,2.8076628133055577,32.90382076075562,0.03396932991070766,7.4799246672491115,0.19833909928916638,0.7108980850684151,0.5529728508998013,25.598939025517357,-0.9813791025550865,0.5064587529767021,0.08828444715624262,0.523868668043123,0.3569661991633558,195.1603855082277,101.56130310660868,0.5305265521277689,0.7807504514232569,0.04211321107034801,0.06451847919940856,0.5439993895706295,0.957886788929652,46.321661821723595
agricultural_residues,pyrolysis,28.765047305112816,69.11996474422128,8.415483427848613,43.48947786284558,18.867770792303546,3.650786056250957,548.6641609090965,1.6821968007216124,39.52911095790411,0.021028923154850693,6.909738853561984,0.6616866168965111,0.847621749866202,0.7723170061993676,14.65842341594662,-1.0231233524454169,0.8341356158519931,0.35576563956761503,0.6878927692183974,0.7843929217388035,45.506722435241656,95.33986315711331,0.6793526192625634,0.8651443675534012,0.11027194599678648,0.4532292923759957,0.6707776893240456,0.8897280540032135,64.95219318289932
msw_organic_fraction,hybrid_biorefinery,44.45829682395721,66.00420434834106,19.28790445879332,26.31010359734107,12.969793534126417,11.554583794779102,649.4775139687531,24.086608137405243,58.31796914688037,0.19903578273702624,6.6590561799796015,0.20850205156156862,0.7752658004482897,0.7778176062943858,30.707535197765637,-0.9963631304222051,0.753402021072423,0.12150274425827842,0.6804319196297122,0.49290343052661345,30.512049702896064,135.33829877788878,0.8459060574688998,0.9238905354125234,0.03592888623314422,0.49217649427819204,0.39613191904275613,0.9640711137668558,63.15218721302579
food_waste,hybrid_biorefinery,73.46683147721926,74.00403614499783,5.7379965371685255,19.54128029810258,11.659981934229174,2.056592324850647,566.2772405957257,29.105096301899685,39.5130575383069,0.15126080603159187,7.019399504468816,0.5218736838004406,0.4716571031079907,0.6534543910808946,35.791353020881445,-0.9420688215880018,0.7921554320328531,0.2159511821119734,0.7546337905067513,0.7150023208864811,35.64267964101801,108.77074129599609,0.9560121960567685,0.9272455816626283,0.05667376440816074,0.47885018275060254,0.5848229248266253,0.9433262355918393,68.78559280102345
msw_organic_fraction,gasification,49.125634359403385,60.45284789290145,16.626539101806642,27.157541812685054,12.102421842979554,11.272162860557858,703.7830133903174,1.0,25.10691791491318,0.1624398308017172,6.653682197580061,0.0890113154768132,0.6370291537149531,0.5603879228177354,15.891760467168218,-0.946811217217881,0.6985572858517648,0.2165648299648476,0.7985175332615722,0.20570032100261842,213.6178019477519,108.3761223324895,0.4578451485296331,0.7679961786881679,0.11891773180434922,0.016577137798047013,0.4748534267653681,0.8810822681956507,40.687752474305405
msw_organic_fraction,incineration_energy_recovery,57.44132311314927,55.74132186671249,16.091513331184032,17.587156374006916,12.989785083327098,12.16791076073627,614.6185480938881,9.460285125631533,38.19481232396652,0.5728796223465127,7.087194229094968,0.16523642042400272,0.8777500561226795,0.8436566023251312,35.1516964954578,-1.1093672435321553,0.5410115439963972,0.5307350743217116,0.6343030062066438,0.21179172900791557,318.03109644201186,96.17070243485182,0.26661928986042727,0.8773668400845203,0.3355664113972417,0.0,0.5404325886193635,0.6644335886027584,35.18064501021408
agricultural_residues,hybrid_biorefinery,22.648046444667138,64.13736791587009,6.4402943525676575,42.33350293674654,18.333454272531075,0.5,737.3932627687975,26.820238199123736,56.69626965934348,0.20099223593184184,7.372978735101149,0.8600029470740689,0.9393281239076755,0.9170038547938968,74.92800490262803,-0.8677027630314508,0.761794395065341,0.5768992519963876,0.6870635733666205,1.257202757043627,-43.27313393650013,139.61006453171564,0.9770661291075807,0.98,0.10084775292871648,0.6838263219129873,0.5417947932247787,0.8991522470712835,78.78991202360403
mixed_biomass_stream,pyrolysis,36.64712199596444,59.59347926495932,12.357079454479454,19.137078122559025,16.582589855714268,5.300846879672609,657.2760793067428,1.0,40.33528178942418,0.1606604744224938,6.986066370281181,0.5612196855674982,0.49403751079729563,0.5373559937144311,33.18371151724198,-1.1650245253244313,0.37312427585524566,0.07404208665293668,0.7816198735480431,0.48755652581162623,166.40599533264356,103.32980736352756,0.6831966150747023,0.8010910813051713,0.03133656907393919,0.13920520692819854,0.5634213442915705,0.9686634309260608,52.91842646673771
agricultural_residues,pyrolysis,23.87648652227628,64.19630923112001,9.633794360124654,35.85425575918833,19.22763014400138,4.631062173099053,814.3996757179999,1.0,67.82036336306487,0.01,6.380592173720878,0.2945851391050179,0.44214987239170694,0.6902796578738312,33.55185441569464,-1.0466814856377662,0.5794084459529372,0.1451714271042558,0.7648164888421753,0.5097302358915294,90.27929008405025,91.1911920011377,0.6623534981272519,0.8024906051660312,0.06190845388112766,0.33693690887259675,0.6321870097848854,0.9380915461188724,62.23668314731172
food_waste,anaerobic_digestion,79.50217892205066,76.65068817117631,12.221962873475835,16.143179371279373,9.069403521521735,4.246553056203269,34.708553046869476,26.621346693588727,3.0,0.24229909227967836,7.163759554305964,0.5786286066715685,0.8579292866930082,0.7015524396282016,14.335227910115403,-0.9732370356365463,0.7766949462766937,0.1621237532291428,0.6393661197905018,0.43673683032242633,74.71619599487741,55.001075974603516,0.8364059470879281,0.9383249782085559,0.04116813168638851,0.3773605298834353,0.8066027554361784,0.9588318683136114,62.931599183535
msw_organic_fraction,hybrid_biorefinery,41.983656119911835,63.471866549887224,12.428642312559655,24.571107239580652,12.970121385557091,8.4289015912872,574.2295500427718,18.329215688790036,29.232903597151047,0.25579220777025924,7.0239387974421765,0.04344966536953449,0.7885808085240624,0.8331925209932498,15.378887714740623,-0.9868015914447169,0.6025487500733102,0.48056597600464723,0.5595701539823839,0.5017637998017496,67.22678704089668,98.09704301042197,0.8243662005861483,0.9593206620417616,0.12775618188053375,0.3968135401535151,0.5940878095857429,0.8722438181194663,64.66753269401922
sewage_sludge,incineration_energy_recovery,77.45637794042847,54.42166726760714,16.567053403148797,6.0,8.157239786827397,8.251653043533748,456.6197027282043,5.760560333575831,38.288894161563015,0.4887850033243853,6.399294546028154,0.7346437000887389,0.9295280111748886,0.7328655051493842,37.95674180744774,-1.0364611862727502,0.8051256369532336,0.10317334534223335,0.5192814963571345,0.10370727150013004,364.56731124987846,108.31537550575607,0.31083029879164653,0.8758264630061445,0.05539441908879903,0.0,0.45273467601552303,0.944605580911201,31.08624643792958
food_waste,anaerobic_digestion,73.62554290423674,79.6422198515594,7.358869588149343,7.026226050858016,9.363841712855177,10.234045130899034,33.683613538953225,19.028713277003646,3.0,0.26503491335846635,7.064979500931213,0.251750657179418,0.5813500770050622,0.5251381662792738,11.146665128388106,-1.146632498799411,0.48208874240327076,0.1019733407570127,0.6156397939143352,0.27449752785888387,126.61463902586267,83.34549938551264,0.7624116851366441,0.8039744146914828,0.0387995907957855,0.24255937915360345,0.6217289330473089,0.9612004092042145,55.32255152678168
msw_organic_fraction,pyrolysis,53.19198034854114,56.86870448657535,13.114704783558324,26.891491593695697,14.163029282240137,13.507933046259039,748.2234934715501,5.86909279381923,47.069953188387984,0.04474147080190941,7.0845506330508785,0.6246176892490793,0.6551187488243672,0.6563520531414132,39.775915384749815,-1.0892263236931183,0.8112308394542677,0.49678253294523156,0.7180800900211909,0.33658073394525634,212.81477261313827,114.4043437932444,0.6149339063214108,0.7842255323031426,0.24485011706512938,0.018662928277562926,0.4719196362403543,0.7551498829348706,41.413157319664734
food_waste,hybrid_biorefinery,75.73857497581707,82.22730850760666,10.992122299765231,15.324269895712286,10.313595887961743,5.140206685237619,585.5837108033943,29.665581444626078,51.96101001082252,0.11754439312745965,7.809005786763022,0.6054179028460634,0.7090369501135175,0.7085485501035705,16.069054371600725,-0.8620240652078573,0.9425510325134632,0.2745999432330421,0.5016128095585612,0.8285146241143316,38.32282720218718,115.6616616021346,0.877855187820662,0.9360752737869353,0.06922349560357191,0.4718887605137996,0.5735276299254972,0.9307765043964281,69.38588804650828
industrial_organic_residues,gasification,44.18296887697975,74.01085271210155,10.886584474152386,27.173379273239878,15.269776023186738,8.350040351378508,536.5042911093137,16.769253884876626,41.59368816820494,0.2842515105518784,6.998262933675174,0.36555371512606816,0.5098123486194379,0.6766904375659792,88.0,-0.9215141710933874,0.8666498138451713,0.33161948771863253,0.288671767898699,0.4621047231228377,250.48603279670454,134.24072008187196,0.3729619567251107,0.78377215291724,0.18089455479569924,0.0,0.39513293339296135,0.8191054452043007,37.757288694502336
food_waste,hybrid_biorefinery,62.15902636936647,79.91565603478564,11.223058723162161,10.884984825480606,10.134173865462984,9.56817964395011,537.2122667669963,25.133189088975328,46.266263208034616,0.2565021290488635,7.253413394475093,0.6604077524945189,0.5206991608239382,0.5852850353725745,6.527538997891322,-1.0478546538300284,0.6158475787547855,0.07607058022968034,0.4734385775913339,0.658934777930444,77.35898914215542,106.4241774835452,0.8442150070897441,0.845860244534914,0.02528090937114922,0.3704961320982976,0.5848384012313019,0.9747190906288508,57.44769557405356
msw_organic_fraction,hybrid_biorefinery,43.56620655507246,57.41611655971205,15.043561477137956,18.14647931565007,13.90989262508751,10.765719334121194,577.8814433018531,19.20861798538497,48.157472718967135,0.1829826456632025,7.220685044451908,0.6574482310348972,0.9079380922986371,0.7623092548196155,22.388521248489404,-0.9812427085423274,1.0,0.32707569479138077,0.47391256557215194,0.6158373211546145,42.63484612432627,123.0841037179928,0.8357139645369814,0.9358645564140954,0.08494996903328625,0.46068871136538636,0.487673138454053,0.9150500309667138,60.31227095870646
msw_organic_fraction,gasification,62.249125598948275,65.87960728041132,21.747342912381377,28.548666952069674,14.507228541053333,17.571382058829318,565.8387642852407,1.0,53.02573080572786,0.26974250821564283,6.877123841482436,0.20948636648177246,0.9594950219288518,0.8571142480284173,9.352672483371153,-0.946867047101095,0.6928152113731095,0.5498762529482495,0.5144533050369208,0.1792321641791318,240.79072110187133,101.62485859107811,0.3523725611659668,0.7983590469409335,0.2787995899373213,0.0,0.5045633993242611,0.7212004100626788,29.3757775435679
mixed_biomass_stream,hybrid_biorefinery,45.428235442058295,57.39344929064876,13.511462196215437,27.742794598469136,15.160615513953879,12.924432280518147,934.3968174511996,26.728196018503294,58.05592520366125,0.30014992370339577,7.23710487686826,0.6555425986507903,0.8419223774393538,0.8026122339114055,28.69105896961708,-1.1409615270743783,0.8417628288466158,0.5388962249240562,0.7998309682209686,0.6190583020072522,48.34511656910808,120.99558005731123,0.9019301239836783,0.9227424813802333,0.15736559717101917,0.44585684008023874,0.49937398403469424,0.8426344028289808,64.23481797452148
sewage_sludge,hybrid_biorefinery,73.52509528511823,60.393586035181634,19.719160886481763,7.836311407920316,6.148441430175781,4.587471439764537,710.8562740164016,22.324446018347608,45.65771831787962,0.2692248809336778,7.6162282540747555,0.12772555958446347,0.5390380265611795,0.7068545147916081,19.121020792569155,-0.9849732090917619,0.8198064020677601,0.6134117504689234,0.7164361387576195,0.47168839936279444,74.9858015702047,104.38002211552983,0.8972147793778101,0.8943910878785502,0.17018454916338538,0.376660255661806,0.5544029104096577,0.8298154508366147,57.435092868971545
msw_organic_fraction,pyrolysis,49.55022950581036,65.65327411508203,25.53101279435773,26.067503962267484,13.388752342567328,9.039234315748047,825.7506322290333,1.0,50.12545100217746,0.0468511275084133,6.733732308097692,0.20891466016363436,0.7931999281322655,0.7415004357284627,21.10399133533124,-0.6637388353534885,0.3901940970906054,0.4396808332341169,0.7950952560156528,0.2540054569491247,174.39428049083656,82.94344752290763,0.6322123466067676,0.8534944019996402,0.17155794255508483,0.11845641430951542,0.6193367398819252,0.8284420574449152,44.010663191834446
sewage_sludge,anaerobic_digestion,71.29304223376302,50.7932017210391,22.312256435669955,7.226742285623172,6.809484607854889,10.957967990175565,38.58614665834362,23.60482230351362,10.461760506901017,0.061483070680022456,7.287143212475672,0.3793037880188194,0.7891050960385931,0.6783941204098057,41.539882775524454,-0.8218171210210492,0.40294139344537155,0.1304185474017978,0.18,0.38296901871926314,192.17261557225575,83.76956966802933,0.6586385271102767,0.848783280403907,0.04373964412209846,0.0722789205915435,0.6433607121812415,0.9562603558779016,50.386697545635926
industrial_organic_residues,anaerobic_digestion,49.393503063067726,78.91695000868256,7.756389374674014,21.561834627194177,14.759182498598307,7.209068137183271,43.51843335475746,18.979862394359543,21.07597774684324,0.18711558742449158,7.964167247709998,0.4098256993705151,0.5446425458385115,0.6514872055890335,27.306442864574528,-1.0157246536111737,0.6646045276493472,0.2242080820215772,0.6635855027793831,0.7029628916823756,51.137896304033866,73.14428708779734,0.8082189546842042,0.8725384414194748,0.07930770420881456,0.4386028667427692,0.7696819041290839,0.9206922957911854,65.17865656023423
industrial_organic_residues,gasification,39.492507109227176,68.91588185201927,4.371158691318246,20.453830730624436,16.343471659564088,7.590939416395732,829.4661560716344,7.754781524945918,51.287577723288535,0.4017854315856901,6.765999041748876,0.2578476567525041,0.8154131853454835,0.759566579386534,28.363756729660334,-1.0243886042316361,1.0,0.6168939244662981,0.5065185253177594,0.638973132361423,150.69829884795314,102.05014905656924,0.42412086795487014,0.8419254948831913,0.2647869505236609,0.1800044185767451,0.6034680414533592,0.7352130494763391,49.757361630164475
food_waste,incineration_energy_recovery,69.71537817651195,72.33875341672723,9.024035458892689,22.14579450304248,7.51610685584178,0.5,755.6017539601173,11.60061408425664,29.817599579766316,0.5570321489583027,6.660159210479044,0.6344806285920427,0.8853782248455626,0.7794020513122996,40.78130625053497,-0.8197221861384881,0.42847041252857476,0.503531626195265,0.8586404820560002,0.05586236570587958,326.4087820151129,95.52588593664501,0.44191857080136343,0.9762592278772492,0.2098882907457431,0.0,0.5095218997361093,0.7901117092542569,38.899950715686366
industrial_organic_residues,hybrid_biorefinery,36.29249236758515,73.46805331199957,10.981757857715913,13.156792876865337,15.500823479075898,3.6332077383579056,676.9813189853103,22.902996071500876,53.922019229154884,0.2546776051131263,7.31064646474591,0.25019936542494786,0.5437746768853693,0.5570765658194745,49.822574170737866,-0.9021214644039454,0.7261823306266144,0.23426689106040244,0.49904744089447145,0.9427446381417351,15.623466181007185,115.45972089304024,0.8593453552891084,0.8996086908271016,0.0625137594058753,0.5308481397895917,0.5997210788488647,0.9374862405941247,72.6903925578661
msw_organic_fraction,hybrid_biorefinery,50.23035010465605,68.64216961790424,15.928071065015269,22.46949993920864,13.270203595713236,13.656568456303956,517.925952946874,28.943443258046855,44.32808409962317,0.11454830081219154,7.543522556489544,0.22095491633759753,0.7709876738782262,0.6980398208762293,14.460923657402809,-1.2967840054728192,0.6136585609412784,0.43148646340084684,0.6222742161982544,0.561288212857604,73.22455442930068,114.13225527567698,0.8176489681624437,0.8945636103144914,0.13590842909255926,0.381234923560258,0.522787326430373,0.8640915709074407,59.59836815511149
sewage_sludge,hybrid_biorefinery,70.86482312431943,55.775328331131604,24.609706449033006,6.731371403915126,7.067052499928761,7.8860131907370015,499.20104796999533,23.842493973828113,45.37853614325318,0.21885589747172404,6.734589733868751,0.2066845071573681,0.6936011138312692,0.7040258627609077,30.442106473853844,-0.7669716783802035,0.7189430581362881,0.474893042921562,0.7608929898708747,0.28300463889237515,116.3351964316002,117.09831543677271,0.891555915705149,0.8896593461005947,0.13307779713443627,0.2692592300477917,0.4459540972048872,0.8669222028655638,53.385483175565675
food_waste,anaerobic_digestion,72.57851281054391,75.1341446756019,3.2021146424813853,21.247043492305096,10.048369004376756,1.0203056499596208,41.86635121161637,16.007873996420763,20.544891383893617,0.1759843366246951,6.3558972236179345,0.5686075799302295,0.9621623474752948,0.9230189435847358,10.641156706578872,-0.9145802670350784,0.5749431796627554,0.35470162545460937,0.6671089406027695,0.2170290411227348,102.13047502551886,54.4541472693575,0.8651237019953933,0.98,0.07250924370904717,0.30615461032332764,0.7611456139451201,0.9274907562909528,57.320722987950425
industrial_organic_residues,anaerobic_digestion,50.53133863125242,77.55794048115895,4.34318787121328,14.890645295988627,16.068584067084196,6.145378500887591,45.502873221774784,26.08168199270505,11.593586286247977,0.10846961157221938,7.322004103202565,0.16540533297927043,0.8342156815113236,0.8678707059198106,26.46974939358778,-1.0669876628648467,0.3568994397133971,0.34767070095948743,0.8213405120548442,0.6293481454867972,58.924705390116415,64.65152345426277,0.8355499051458396,0.9345038719258619,0.09637019126792117,0.4183773885971003,0.7981854159320282,0.9036298087320789,66.2735421240277
msw_organic_fraction,pyrolysis,44.501121351724684,64.86874251160121,19.64100235963299,25.706564076849258,12.817475021117493,11.630560784719124,414.17723140899807,3.302986252305676,40.19574757091433,0.01465777493954415,6.536765576683811,0.23310652696328915,0.5352402172932181,0.6671379469667664,25.773423848554017,-0.9775506589539146,0.6386647561163888,0.4397294007182191,0.6461543658046209,0.2727481791114389,171.4025415534594,95.86651282761156,0.5787731881151845,0.7842127124633831,0.22258242448013324,0.12622716479620935,0.555444005574982,0.7774175755198668,43.105971891722255
food_waste,anaerobic_digestion,72.15786287467384,76.34957417836367,9.684877793535868,17.09137183597662,8.859058698939398,5.0054198478473655,36.556291250403056,18.475999581306368,20.17007914697958,0.18693067358916401,7.070165364929867,0.4701864038603372,0.8871481029883638,0.8582283325578401,62.173873719288366,-0.9514983651491269,0.7478822194286396,0.28045905679513256,0.3489535582061069,0.43807242740063385,118.09086292131147,91.22121959861056,0.7498153629254222,0.9565338838666633,0.07150209013288802,0.2646990573472429,0.6162642519301892,0.928497909867112,59.918744997395066
sewage_sludge,hybrid_biorefinery,88.0,51.80740084405699,27.537312137556192,11.734267722137028,8.471865713378172,4.325065732225549,671.2350038775489,21.03156608038265,46.673668030200474,0.26556633838662896,7.2825833618752815,0.756511519229788,0.8784866386986425,0.7981318123960361,35.265712970875214,-0.8836519600902772,0.7460965258794481,0.5391486132199437,0.5692167295341163,0.332299095055179,138.10947639272726,123.00006755548813,0.9125496437963333,0.9705875050028849,0.11573033042377433,0.21270265872018893,0.42573702430430715,0.8842696695762257,54.68039562942883
msw_organic_fraction,gasification,55.38436572448553,56.46728145927171,10.599800436756873,29.99547229494481,12.973586605634186,13.418158882106328,599.1208289003434,1.0,30.77055343658799,0.25094677703981016,6.354658999728685,0.46542073926178745,0.8234875697174763,0.7509765274416529,35.38482181972234,-1.059353633696749,0.6231608284707693,0.3595482675858836,0.7774661363708145,0.3132373050262288,240.4502172702653,121.85202742532002,0.4676730810589023,0.7945314773791654,0.18304742118317976,0.0,0.4275857469725071,0.8169525788168203,38.69668654403362
agricultural_residues,hybrid_biorefinery,22.068002004629083,67.06922880999478,12.023081488976734,48.51496585032909,18.634165844938817,8.382947595727703,568.865709216234,13.810126803953708,53.57553467507465,0.1259716513147288,7.054207715378623,0.32043648024151133,0.48108270228530764,0.4985916655713859,40.04093867087592,-0.8639400098174465,0.716819437055526,0.1502147296856117,0.6692162290937267,0.7946689239518011,52.16158098518543,124.25944591947491,0.8742583425226587,0.8159673201868574,0.04928948072580116,0.4359439454930249,0.5208300794826861,0.9507105192741988,66.72461878536873
agricultural_residues,hybrid_biorefinery,21.243510066045253,70.20077155172825,10.606564678207734,36.17281639403136,18.74892942784735,6.591406267581464,623.7867303205456,18.66202898781446,42.86903916237926,0.23982292365451002,6.720788406245955,0.5013578119798816,0.907057330493165,0.9276065560840014,15.95787413946881,-0.8646878017870683,0.7206696849360295,0.2314070505286451,0.8774279923281486,0.9226625361534779,-33.07935311309097,105.10979144094469,0.9533257791673574,0.9765026029224165,0.05259961461069182,0.6573489691249116,0.6497763293172142,0.9474003853893082,77.68866808628822
mixed_biomass_stream,hybrid_biorefinery,41.5601267160285,60.210247287180906,11.950084775839978,23.611299549633326,16.510755816557896,11.03806253509896,596.3983853805573,29.066669914713092,45.25328326662102,0.23423325147765947,7.253668950711554,0.4319899298134718,0.867316969554625,0.8343705745591795,10.977295143337914,-0.5453311619140369,0.6674905481384312,0.6139237216764533,0.5945148005414467,0.6579735133426654,42.68999746247772,117.32578406087596,0.8459214567747466,0.9487752269235414,0.16627731087398656,0.46054546113642153,0.5272500462991971,0.8337226891260134,65.19754802062866
industrial_organic_residues,anaerobic_digestion,43.117553234778995,70.41096797618358,8.599833772582457,14.912192393345833,14.816286318345009,7.437996275692461,46.57710548899617,25.641601616394382,3.0,0.07924422071368356,7.0777067694784,0.4929132336544476,0.5632005051159239,0.6754525041222625,29.894219655056546,-0.7891246647624011,0.8705050721281523,0.3795980665204108,0.7861758605983321,0.637293202051061,59.93255134205428,81.55338865830066,0.8439110499120916,0.8596883670498217,0.1336835489024089,0.4157596069037551,0.7109761430917563,0.8663164510975911,66.86670511479191
sewage_sludge,hybrid_biorefinery,74.13949246396339,50.95243949872144,18.109821677109153,9.149547537164953,5.975929755478884,5.788971608345927,571.5554789678741,25.64871412029911,69.36436129203722,0.23744001186104308,7.5429093646641,0.3916471462629182,0.8372169186108733,0.8794484964551159,9.47964697343274,-0.6484246733483232,0.7259725600288555,0.27061522361753604,0.3733869753213191,0.389711802418642,110.78458979491103,108.72160431865346,0.8241557142729418,0.9547561375639475,0.06334381762718541,0.28367639014308826,0.5135176264339251,0.9366561823728146,57.34274281676034
agricultural_residues,gasification,28.590681853762355,80.51343169998668,8.460628131842228,53.682426723984165,19.626354213873547,7.021161999080155,613.1956582277032,8.222373514818813,62.12368996397235,0.19388489493932895,6.7428358013646035,0.045840552911526986,0.25,0.3304842691855193,28.613567787352252,-0.6749722375471354,0.4376099528848652,0.1816001797033267,0.5599805054545065,0.7086067095384698,167.8666010158089,92.51812929339472,0.42451423660298765,0.6484779068078055,0.11037058237207885,0.1354114259329639,0.668955953501649,0.8896294176279211,49.33698704431073
msw_organic_fraction,hybrid_biorefinery,62.60451077281747,54.53857712279458,22.61976230561766,25.49493658009858,13.126615820976076,16.003574709275874,748.631071944098,19.349865561034694,52.201074663151225,0.3107231780844232,6.839447900743712,0.7872258523116925,0.7862237195276474,0.7291159504431104,21.153272983023776,-0.9249611722328314,0.693179817884059,0.24928626940971843,0.4534934595653745,0.39240516767133404,113.78580267311372,125.39581468398389,0.8043264101113479,0.8867326105487123,0.08265119527436848,0.27588103201788644,0.42635116486672564,0.9173488047256315,54.45627073422662
msw_organic_fraction,hybrid_biorefinery,60.5303625657605,61.72287881872147,24.177664487603206,22.187942820085897,11.56094829720137,11.500914075444374,621.355310003743,18.961400118253586,76.22368893790124,0.2023038597463675,7.312487350785054,0.3860300778525702,0.9372546470151297,0.8684710734763564,51.02219606477889,-0.8545204504623072,0.8124733766700999,0.4510626882437233,0.782976895130262,0.476276348728383,101.28188519146785,134.55304988141995,0.8861202314826605,0.9564551060514799,0.11677427387970499,0.3083587397624212,0.3966068499759287,0.883225726120295,54.63315588217935
sewage_sludge,incineration_energy_recovery,75.1523326341861,56.20607701433593,19.107183365808,19.934412758102702,9.649093852060039,8.49447089211792,947.9288711470717,1.0,29.987049119172564,0.5003263372134118,6.723178407223753,0.8485077537098742,0.8825753409076437,0.7064273426879897,66.04009389946278,-0.7269174198909512,0.6735308716469663,0.4018750912091734,0.461420644884143,0.17446176903124305,364.21544850591187,115.86368931867509,0.30377448527300027,0.8982993269992152,0.226265067157782,0.0,0.42857269803595194,0.7737349328422181,38.06770700416095
mixed_biomass_stream,gasification,31.873514428101743,60.847485373463265,13.938728993215824,29.067393174865142,13.566479876548808,7.257362054729933,730.9046578087148,2.95550228702042,41.07071246925953,0.20484564184784648,6.586482020780834,0.5532184862672848,0.8144358230351643,0.7220253727328683,30.275497904523334,-0.841159360166371,0.8893434345509624,0.19008061388886216,0.6849243810005924,0.5027551889925751,192.1209049111924,107.61324991624147,0.4946870397684213,0.8415051433112395,0.08074492749390619,0.07241323399690283,0.5442206157034114,0.9192550725060938,52.854030543643965
industrial_organic_residues,gasification,51.769775749751986,72.47515334078582,11.097472781260693,20.016118660416147,14.385678059412953,4.6387124171521155,704.1823435329602,3.513100412314497,50.220064533640816,0.29376068697222385,6.6509424432284865,0.08933146922234893,0.9206075117315357,0.9206872467421501,38.98154356155106,-0.9607095721818963,0.6943255240698915,0.40007005836785914,0.8084544479551504,0.4349431937453708,157.3971285973473,102.44468906120723,0.5067891426065108,0.8990033963325056,0.142100088806334,0.16260486078611094,0.5565049286176278,0.857899911193666,50.624847397183274
agricultural_residues,pyrolysis,29.44684410009377,59.29196672668106,12.579028484721842,37.887447631744195,18.329117635584762,0.9297547001976785,643.901268892624,1.312286157185253,45.037892672862064,0.04029038782622918,6.721761615455932,0.20371830566940533,0.7976112504609462,0.8006709233058291,27.718835932141847,-0.5827506270157712,0.7526532511036228,0.6284270564241674,0.7858102415231472,0.46110257603356,152.76829826073,79.12228739245556,0.6862417419329554,0.8960349449564505,0.18153733160185645,0.1746277967253766,0.6850094751881434,0.8184626683981435,58.04154185598917
sewage_sludge,anaerobic_digestion,74.98965356256834,64.46174654983568,26.733920258981982,12.508312589836684,5.9274893098745505,5.128503964252543,33.7370407830377,29.390774636813504,27.58064523330511,0.19371249844773097,7.043921847566897,0.6661312267266674,0.7769986109285544,0.6327808147995375,21.924880375627186,-0.9494874409024862,0.6803143364210593,0.22721498088982545,0.641468495432119,0.3512313356070919,105.11785913227322,83.69652222150475,0.8377580942463954,0.9016684171370892,0.06351127527792633,0.29839517108500463,0.63676288214143,0.9364887247220737,58.7390882549833
industrial_organic_residues,anaerobic_digestion,37.81537535834141,68.81342354806355,9.100151072465586,26.84562580353066,14.502309524814475,8.823794920534915,26.160393905694008,21.07216399012375,22.005648411338747,0.1680320097676945,6.859799727341842,0.4952856059459783,0.9821516480001528,0.9633789547440761,25.358016814047424,-0.8432729076822311,0.3192541009675519,0.27012433333136304,0.4158637141741305,0.05,150.8655797830778,60.001302003138775,0.7418222125754665,0.9679115248287669,0.07223794010014001,0.17956992264135635,0.6952036736676906,0.9277620598998599,53.684482274721134
food_waste,hybrid_biorefinery,67.10754303211142,74.53653497534243,6.896450426840667,20.953117599587458,9.010974774548876,0.7094959417281994,780.1506532196895,22.105592951166376,43.2301633200935,0.22847248841936657,6.916344654703838,0.649791350484259,0.5483966406847357,0.4724903392594555,25.2423307663859,-0.6901962893374245,0.40265019169245636,0.6083992942115674,0.6624611093740534,0.5422267186695533,47.2296272270118,102.93781329979035,0.9526321137901567,0.9339242262932408,0.14375634550497926,0.4487542149947745,0.577511913371563,0.8562436544950207,64.8110071823519
sewage_sludge,hybrid_biorefinery,77.42164192331467,62.380385053939776,22.33498408115078,17.293024559102257,8.02924680142509,11.253060124003552,579.8822088151367,21.965362525077992,42.566717150824026,0.21823940655947832,7.427344487774153,0.5605431986282922,0.8028220733993282,0.7066329140089347,33.72850183493048,-0.7936924469928937,0.6029747063763025,0.36158172148305123,0.6196256419994076,0.4147527568742263,102.09717726985895,122.72437627688815,0.8609784455220904,0.9068892326906026,0.10375493429213672,0.30624109800036636,0.4453278366339711,0.8962450657078633,59.85836189962133
food_waste,anaerobic_digestion,67.51872144568165,79.86559983994223,12.369747354383689,19.509549463446994,13.444132354988898,0.5,33.91024962364096,21.720249976980213,35.13408234329746,0.30586017290715484,7.601041803587871,0.4280602866809497,0.8598028477496105,0.8137335954024392,17.856022066085668,-0.6211985086405802,0.7206047252071457,0.35570386901395523,0.7688820110927076,0.4531191262439613,108.74753343170968,61.045936220614664,0.882965325707653,0.98,0.07755372885843993,0.2889674456319229,0.7783918066125417,0.9224462711415601,60.79549342997501
agricultural_residues,gasification,22.1976989638102,75.62805066361102,8.219453726923426,49.68821888217645,17.218584562877826,2.1212808428535608,810.9995153792798,4.840871123906694,72.25759130166759,0.25116016855333884,6.889964998536236,0.9022706622885102,0.7222992187037939,0.7699005116893742,34.913942279233645,-0.6776055417594786,0.473970960131205,0.24749417624834572,0.5082621521647023,0.7561849542581597,111.23951058914572,98.73670492841885,0.5143982251242813,0.8215661373301684,0.09326669001939374,0.2824947776905306,0.6466938218924854,0.9067333099806063,58.516512631848805
sewage_sludge,anaerobic_digestion,67.03389409599012,58.406751266115606,25.48808641788541,16.60471628904155,4.640891758293112,5.439043865618887,31.599097471247884,25.617363775735253,12.959919481825969,0.01,7.044708932535256,0.5509231048153891,0.5992243664458979,0.6189791463418324,9.45860768399174,-0.5317679087921389,0.7027483197900659,0.25367369323516714,0.41339398936936567,0.2692596819944827,135.97019150327893,75.1747409636901,0.7693490386682403,0.8794630445265981,0.08140568572100837,0.21825924284862616,0.6635805986509435,0.9185943142789916,53.58891333333707
msw_organic_fraction,incineration_energy_recovery,56.637160295269595,66.77941285985754,20.35429588246871,22.318903368591393,13.400817981662483,15.745165727994214,568.8956173023206,6.8627053055920095,42.370077122667,0.5644111874607824,6.829592575745057,0.2747086641751945,0.8191662105075904,0.8203130854024685,31.70028638158286,-0.6847924017980634,0.49960332237607535,0.31564642201383464,0.563290979557401,0.17459134311813718,359.45114991640094,95.440768311988,0.23258327792740632,0.848636965673011,0.2307979888644005,0.0,0.5360902622650007,0.7692020111355995,37.036198850598275
industrial_organic_residues,gasification,36.20856213605959,65.76995535003829,7.369542766163665,26.232202713312937,13.90038592049396,2.354655442827073,545.4574892536546,2.075833412478424,40.85398532805176,0.2609774964230065,7.161412221118157,0.8656166343708902,0.6720041834650254,0.694778173590695,24.34319449081682,-0.757605337768728,0.4089394141430168,0.6444544730209016,0.3848980462486252,0.48898359652564755,177.24464090911405,105.04772414709021,0.47899125421203803,0.8620285181234816,0.2541701527201676,0.11105288075554791,0.5546936325667466,0.7458298472798324,48.14142942334549
mixed_biomass_stream,incineration_energy_recovery,39.344581880920956,53.324683599275794,18.966069729095103,23.28589346899977,14.805425441744687,5.043377282919649,566.03087712545,4.067142077160255,38.65490281780798,0.6300972380701936,6.879415355586978,0.21410480172658045,0.5039194232636927,0.6295116665170561,34.73797260972273,-0.756524832089058,0.5847661937365859,0.294241727316948,0.3632690599643075,0.37583237616901083,289.5923458763542,91.05177406355294,0.25264200814876575,0.8652411064482093,0.19335296614287475,0.0,0.6034632592647985,0.8066470338571252,44.927845798053816
agricultural_residues,hybrid_biorefinery,8.56077426885178,75.65860882341535,11.945175845521991,39.00894616897929,17.200376398137763,0.5,701.1057541851336,22.553296331687427,53.29910421128737,0.18605101968577284,7.48836559124077,0.8618090898492147,0.3919366756571094,0.4549903526960699,88.0,-0.7114341706871307,1.0,0.4587908974153549,0.4728785958761858,1.37935009027107,-65.50986349567536,153.26185136443445,0.9236643761569837,0.883736441479257,0.11832401340394771,0.7415840610277282,0.49681569688892774,0.8816759865960523,83.17249154617042
industrial_organic_residues,anaerobic_digestion,36.14968852675461,72.44299296440086,8.809576116467973,33.61551993421381,15.805279364636213,10.108135753943795,37.41092347754676,13.630417415824581,16.06810218585948,0.1339269289288721,7.032539954504232,0.14791031510045474,0.9876409550774178,0.8378165462079259,22.638207270364106,-0.6470484526673947,0.41264221135883794,0.09061205323879423,0.3460884626646844,0.23715505670142037,108.2210501991442,63.20404579270908,0.687597990596601,0.9277784870281739,0.025100579157073432,0.2903349345476774,0.7195212398811068,0.9748994208429266,53.52250157245818
food_waste,anaerobic_digestion,68.6020758518989,87.62179537777072,3.9758858201384264,18.8881368667181,10.944332576714173,0.908327788230554,38.4762619872373,26.84797183203358,9.15789779069399,0.27691240193738864,6.387809333666632,0.187187768850497,0.730302986199689,0.6880396632318815,32.056881460864304,-0.5997617839351516,0.8896991493073133,0.2849989574009238,0.4294733821005828,0.39617347238532646,100.92829716369832,60.0306809655202,0.7759850725155717,0.9499865606084081,0.06989350210375177,0.3092771502241602,0.7712072114746655,0.9301064978962482,55.60610914590414
sewage_sludge,anaerobic_digestion,65.0420529999326,47.55441352119888,22.616439207178363,9.777305092169597,6.503100296559737,4.052294649127972,34.7207545558072,24.882275796050937,7.374952816321993,0.23758718427293896,7.487782204244071,0.5273052551036698,0.6358822936411397,0.7477537715516049,41.55673157560836,-0.7276415144924929,0.9247632460348542,0.14970999212439612,0.47299091506810675,0.3279425706255558,162.49350748883694,84.70542613139831,0.7920660866314245,0.8935189873906592,0.04453634404585753,0.14936751301600795,0.6263293332671048,0.9554636559541425,55.21395572739279
msw_organic_fraction,hybrid_biorefinery,58.9934729356771,74.49422578309466,19.87790006012174,26.134133697444497,14.1947005800211,12.768131278194774,652.1296177564326,33.8258541575319,36.01135950820281,0.26084340797698896,7.105950070054799,0.23086175594426958,0.5088292836921104,0.6611767181474927,17.962891099379494,-0.5919788717038282,0.6483779781221544,0.16009446875079433,0.7559322674574522,0.5867775964461408,50.92887129497893,111.32366108836669,0.8580750883925412,0.8591617399177924,0.0589564193202083,0.43914578884421057,0.5431770654899053,0.9410435806797917,63.33423109337191
food_waste,anaerobic_digestion,77.5005679808028,80.52201609392095,6.991234317089088,24.73260990555758,10.441210942212715,3.5306340912242606,39.79040022239656,22.87114602187239,14.540943853776877,0.1931120866191817,7.031900881704729,0.3053577369146419,0.7994651512540277,0.8352751581157789,38.53398573392343,-0.7076231133437911,0.5953935952892622,0.4619964091224881,0.5455692250400119,0.5854661923604247,117.73174912052758,75.83179622082832,0.7961064865746046,0.9708811436274801,0.11958855855042504,0.2656318204661621,0.7296878453675655,0.880411441449575,65.57907984570313
sewage_sludge,pyrolysis,86.40364743059595,56.76254973525442,20.671148040208696,12.808956431066024,7.860274865356454,7.743150683256587,950.0,1.412910217402564,57.030128664536974,0.13333560655372598,6.5550604013556795,0.5803090512266134,0.9524597260746401,0.8430827483966772,17.790743826738698,-0.5762911655838987,0.5964434279027065,0.7971287258698783,0.4111646552675132,0.05,224.9801730635878,93.7724004601554,0.5750138331322112,0.8727098441071891,0.2616459343732647,0.0,0.5174610502097085,0.7383540656267353,39.34505397523737
mixed_biomass_stream,incineration_energy_recovery,40.45013302695986,60.97111440810292,14.495692544020438,41.097389486416205,15.862132806581403,7.456654485102884,430.46510480972825,1.0,39.39568925904287,0.5424136209232097,6.605532489136416,0.6618964477883945,0.8122522374780033,0.7031746584727807,15.255221871463027,-0.4246195484513669,0.6866750500069732,0.25849081163392995,0.3714655569455365,0.3714121216845233,299.31069932221726,92.36410936843804,0.2736215236637355,0.8674128608316228,0.1488496159494071,0.0,0.5955837753577633,0.851150384050593,42.225238806055515
industrial_organic_residues,gasification,50.36585291136934,80.79933458639988,11.153644823010033,22.411969548008837,12.283348896361602,2.1662183860139965,604.6610654039098,1.0,54.769566785198954,0.17829853268947327,6.624543485077399,0.45706718101087956,0.6193369739953838,0.5807688308722435,16.114025977754377,-0.42571941405262,0.6824514952966987,0.093050077814226,0.8166443149552631,0.3512680311543532,159.74636752909404,87.0970227986796,0.5555629245175882,0.8391786640171184,0.037772187166545644,0.1565029414828726,0.6188735837030125,0.9622278128334544,48.57049707725571
industrial_organic_residues,anaerobic_digestion,35.67370873132387,75.87850046967024,14.19998206018099,21.99247095788938,15.037198882345862,9.772694457851767,33.07889061565578,22.886542350306346,3.0,0.0490929320983004,7.096805507321822,0.12003854128955886,0.6822196061505529,0.6970048816751863,34.87487518912106,-0.3898297373055006,0.7361597051274116,0.739230450506322,0.4349779636719691,0.1793070991219451,163.12429266266886,77.4130733904702,0.7099387130161947,0.8801252957002682,0.2587742582450667,0.14772910996709385,0.6320103334359322,0.7412257417549333,47.77058325278795
agricultural_residues,pyrolysis,22.249269033551165,68.92699863886756,8.67719499453448,32.74984717101371,18.07007884908201,8.534263282677289,453.1150097187791,3.879691031699664,44.326342255083894,0.1001414830235024,6.4630462649121245,0.09286033606313726,0.8144669442402416,0.8709054727446622,30.687169761153932,-0.3913357882265817,0.5429280814445849,0.21713562922308893,0.4506638787869086,0.5403131946997112,132.60043361894176,86.63650294569592,0.5403549536030371,0.8584655888913989,0.08200086730303653,0.2270118607300214,0.6628873083829052,0.9179991326969634,57.947226492568205
food_waste,anaerobic_digestion,70.9430011588465,68.82301545303199,2.6647120749261104,24.885478665097775,9.70373648789828,4.619284368959855,31.754731238997948,18.48467911103188,20.747624013619816,0.3018100639589006,6.932554095179607,0.5737570266849529,0.6202223654321787,0.720509588699492,49.902205007650636,-0.4901878851918653,0.15,0.4458657760993699,0.6860733989502035,0.18711802851414386,160.87567841528823,92.23429466696156,0.8450839212896282,0.9212510549371583,0.1369283139709406,0.1535696664537968,0.5557223101312088,0.8630716860290594,53.95631637040052
agricultural_residues,hybrid_biorefinery,27.89264433811789,78.3532224104522,13.907361212256184,38.55914874791068,21.563108577026092,0.5,723.2957951769398,19.518763352773572,67.58616352407623,0.19769642457067008,6.872171587219508,0.4419236954550815,0.577896970813609,0.51562791482446,35.143200832355475,-0.35989659441699273,0.8594722196476274,0.7300541222915677,0.6612672908437753,1.0936688804797188,-48.01382129476516,118.45448509861275,0.9371707183473504,0.9212847140910915,0.1676753556265567,0.6961397955708185,0.6171624952917868,0.8323246443734433,78.08770745039966
msw_organic_fraction,hybrid_biorefinery,59.14056462032586,58.671223669198625,13.320664210326736,26.675459687100883,13.282572541038753,9.405121517749762,804.5134711526539,32.62468404885113,37.46574944591141,0.28411104709118334,6.316253739799747,0.4716562108256449,0.7674119487376758,0.775249882193028,8.110272856892543,-0.48740583860827397,0.5835002026414358,0.8750949216741233,0.335779167288566,0.36988186542938495,113.08925874356737,101.96770038461793,0.7958414380639448,0.938633777479511,0.2438835511220866,0.27769023702969514,0.544701903107002,0.7561164488779134,55.98641400528844
msw_organic_fraction,hybrid_biorefinery,53.330940563456345,66.22062222870619,12.397419641036517,28.37976089290786,14.710133031210823,12.962854261693334,719.1398228640226,22.450403412951186,55.69599079515652,0.1845672989585898,6.748220551140887,0.5328311815084,0.8147012183728254,0.6916578811665768,36.65535948727022,-0.40050798593492476,0.9320321364429871,0.6918337725287436,0.5777069139959395,0.5901551932006147,90.647303158059,128.0559539357679,0.8363132431878035,0.9042823255421593,0.20665256531763976,0.3359810307582883,0.4558554375790411,0.7933474346823602,61.9574842187172
msw_organic_fraction,hybrid_biorefinery,47.60220030260145,65.7107933140367,20.573290493763857,31.862580295237635,14.488780100845457,6.912232479359114,496.3654853991313,23.830845598793843,44.5891795069975,0.14513441207511793,7.8168631191091915,0.3224091610965071,0.9371151619603275,0.9176969146823668,53.17980049601593,-0.4516158700830819,0.9338752343509409,0.3178180357001211,0.5121316813239031,0.8101874284577858,70.39070736215686,129.9914826114157,0.8454400258631826,0.98,0.07118339777068802,0.3885955652930991,0.49407553630589335,0.928816602229312,70.3197462958799
sewage_sludge,anaerobic_digestion,76.46867663431586,56.82190315372091,24.30204241890772,6.0,5.483735867161156,4.102065062014769,37.45949955740055,21.33341470394201,3.0,0.19045507593890743,7.116533379149193,0.5597205179486743,0.827051220112702,0.7068264815307206,64.81433075970223,-0.2430391980758749,0.7563730864212249,0.39013498793589113,0.18,0.37461813470940025,199.50211489895602,85.87211182033445,0.7210631860017906,0.9097625876902934,0.10099949775678659,0.05324126000271163,0.63045750637115,0.8990005022432134,51.55585581500436
sewage_sludge,incineration_energy_recovery,73.55115124780126,61.512217875091494,22.505172464462603,6.0,10.386799622396019,4.2385744512646015,622.0636731144804,1.0,32.56797582103678,0.518349421898539,7.022652555946127,0.7899976539866871,0.7428368037372401,0.6717447628882289,28.635541822992984,-0.614126732355802,0.7260550458242123,0.20843830102455438,0.833834223736714,0.1314729428342434,333.12498683176216,100.4734221891091,0.42198834709426125,0.8713372169055468,0.11294948160312246,0.0,0.5001165622176962,0.8870505183968775,38.179266914152805
industrial_organic_residues,hybrid_biorefinery,47.80791397640351,74.68242792256831,10.099957479710513,28.482493610127733,14.357664084245876,14.438210356464467,737.7530937176823,17.36257298414995,47.22275197123699,0.23408784626224918,7.027720813068102,0.12654708203878368,0.5964876733714619,0.6015502080800312,18.46696557474095,-0.3420663406833687,0.6338070436182411,0.2078945735222256,0.5149906398321041,0.5418556133432858,101.19267366203792,119.72568661207148,0.7778039540258774,0.8473966337512023,0.0757418698361214,0.30859045802068075,0.4890730422404098,0.9242581301638786,57.52136147835369
agricultural_residues,hybrid_biorefinery,34.61241826435268,63.740717148149194,10.805211786993501,48.543405014572826,17.89599252952322,1.8928410438936654,453.79162698197047,11.648265289031453,69.91417427712898,0.2015958274875568,6.945574401319808,0.5576259399220008,0.8851676921911988,0.8723933151894632,43.29538466162175,-0.3643014123479547,0.6262579017822073,0.255014774701027,0.8139555652431106,0.8034196782596359,-18.425368946992034,111.88043680364949,0.974849079197282,0.9735888545338514,0.049502352283821126,0.6192866725895897,0.5879079249873858,0.9504976477161788,78.3505455225095
msw_organic_fraction,hybrid_biorefinery,54.78728619874328,59.504278671783055,17.512566364926126,19.61699950489423,10.687720144392825,16.273140489663973,695.7918397982322,21.331245693809418,38.74365933982069,0.28254302583526647,7.3570355159350544,0.6153869303020824,0.7845524761003775,0.6693188581741686,33.27387128727017,-0.4861130191031273,0.5593764665610884,0.5341012285179687,0.3379227832441747,0.43072803664010717,116.82173938631425,140.295784262328,0.7597996668075624,0.8655108454201428,0.1785501584451609,0.26799548211346946,0.35636130352225515,0.8214498415548391,51.056894414021905
agricultural_residues,gasification,12.04797299134638,69.24730834187073,10.004061435319704,40.13222114320362,18.79539566950251,0.5,324.43263107581663,1.0,48.3869654612058,0.04425306400353768,6.504758876466172,0.03924870611589407,0.7244558723259213,0.7454763157758879,20.877750788372786,-0.2910441730750858,0.6194367284217489,0.3850559917149113,0.6091576027948896,0.89174426703577,84.05234498839107,88.94926696173643,0.48192929718799393,0.856084781449486,0.13533737834771833,0.3531107922379453,0.7280297021071515,0.8646626216522817,62.20272041563905
food_waste,anaerobic_digestion,73.13503767830099,72.77697208880043,14.74896142945757,22.474222154982776,8.929757871143257,1.8332340525520214,36.86093393143376,21.3407279446292,23.073889924781323,0.24891660810964206,7.162274329725487,0.5459228119738492,0.8890674782745029,0.8990416758617129,31.446784742312197,-0.2887765884605251,0.6366349918890435,0.2735955054610081,0.6139011790178694,0.5812850154843521,61.047881866418535,78.96631092047697,0.8443164813445112,0.98,0.06160936807388163,0.41286264450280896,0.712270540667205,0.9383906319261184,61.14296767562686
agricultural_residues,pyrolysis,25.621220645242303,75.4022176522458,13.750360307176882,39.599309997825756,17.982705264646157,0.5,740.5475691410933,1.88265947890766,35.17219766339119,0.11760932083693067,6.485988245507988,0.4903369620857392,0.8867940686329638,0.8094171284719289,7.015535445174018,-0.01255386809211445,0.9429464409373772,0.20565919061558224,0.5549853228165584,0.5655006137118288,104.75617397866496,72.88626041571823,0.6544732876709989,0.910424660118622,0.054298609893676325,0.2993346130424287,0.7407982380917696,0.9457013901063237,60.49315586153799
industrial_organic_residues,anaerobic_digestion,35.84008482616627,77.04995696109607,11.036095079700694,28.839147451945998,15.427086529267099,2.707788227198372,26.23623846859212,37.33981267175851,14.323076222450034,0.18957542292576057,7.247523916109836,0.07674871291282614,0.7505014507977517,0.8404926201746099,30.0412795641351,-0.4398911237463327,0.7523897962014706,0.6762409634684007,0.3236435328725424,0.13984698479902694,154.78235831311682,54.77053082386186,0.7280962626607731,0.9612742458993954,0.17593969554646194,0.1693964719139823,0.7425003849512498,0.8240603044535381,47.44907545926843
food_waste,incineration_energy_recovery,81.21412100609268,75.55391675232636,9.390340200825346,11.138697826666569,10.06756028855654,3.411495499248938,623.0126980945859,12.09025420526419,43.48385276562527,0.643168701083338,6.244173868600085,0.7001230751203003,0.5275506145183019,0.5984039692799421,16.600500728353275,-0.16504755226782175,0.8064802732901142,0.7059593802986665,0.6215830930579049,0.15776587603386638,285.288009232569,84.48928607704543,0.36752515077935766,0.8482873155163969,0.42991841935396463,0.0,0.5900280396903693,0.5700815806460353,35.98321317350735
food_waste,incineration_energy_recovery,72.65375732260627,79.86493348221678,8.629657499854785,15.036603670429134,10.050784149845704,6.435995538355523,592.5174802842968,1.0,58.80701732391631,0.5779507531054912,7.152750100671331,0.40694264485587817,0.8437149336092411,0.7881594509505434,8.855312528512016,-0.3884004312312628,0.73852893554747,0.5138869910468274,0.40125030614845997,0.13410743304553557,323.47667136420864,74.12261362742014,0.2678160193570966,0.9052954738512669,0.2788016934457787,0.0,0.6393846161783329,0.7211983065542213,32.982023557458206
sewage_sludge,hybrid_biorefinery,69.87760326666684,58.00571464459726,23.39872339994688,6.0,6.0391684531346215,8.409475982017177,539.0282593199183,23.893309913483943,62.616558343392754,0.175812412314018,6.725234271396266,0.5339430422044749,0.8060739664998181,0.807112603248024,47.0743416051734,-0.3101000864460862,0.576109577511836,0.2157935511640676,0.76976766427751,0.2611133224511018,102.64399082037517,124.25182395155,0.9162910275716153,0.9129784131411163,0.05656156801685553,0.3048208030639606,0.40348796277318977,0.9434384319831445,54.44155029408355
food_waste,hybrid_biorefinery,70.8308294418982,83.37811832025531,7.036268769417692,17.254545802884472,10.34043414408673,7.276558986503256,662.1770144394505,23.667844572790642,25.14188261990494,0.11700653035524715,7.533583295794155,0.06516850990488468,0.39395034107237015,0.5446428911673169,24.62156437626007,-0.12454226396736821,0.6627894716209234,0.17682267792314718,0.5320813944205435,0.6670852406283506,40.44887548403612,119.20826354769663,0.8272979164920039,0.8553666652151692,0.0589695336582252,0.46636655718432174,0.5193468395293075,0.9410304663417748,65.06399342488017
industrial_organic_residues,anaerobic_digestion,44.63823223605089,75.15645666856753,14.131571096663205,27.977279717212266,16.06155825014937,6.016195501636815,37.206117530966395,28.688309758016782,24.150934984785682,0.13849960895042288,6.889684358975761,0.4230410168381178,0.549641073658215,0.7443123153374134,43.631187316077394,-0.03405578919112179,0.5063502982565486,0.18667686875382405,0.7868189238013794,0.49250782025120265,92.29469355388487,84.59696862877024,0.8484346437859365,0.8942441631663047,0.06317583383664241,0.3317020946652341,0.6631045171459475,0.9368241661633576,60.74434943057554
food_waste,hybrid_biorefinery,67.5107938045305,72.9698322363588,12.716054878759266,22.235645656071792,8.738390740932934,0.5,631.9131860399792,33.776437991447736,32.66753755564143,0.16871429272071717,7.181052144801182,0.2713041012627587,0.6815326240761663,0.6995699695735265,67.51836282460913,-0.2578554281865352,0.7804311946507286,0.27127161627623,0.3864679236129765,0.7685605475318686,61.12860754420783,132.4484513226192,0.8548213090042649,0.98,0.058036757712696486,0.412652967417642,0.47198620823269954,0.9419632422873035,67.07209319931165
sewage_sludge,incineration_energy_recovery,74.07268506517657,64.42869917202198,20.71903020385415,6.0,6.487937658822522,4.260237517871433,443.0039713738381,2.184924978159328,44.15740841671881,0.6326369540590235,7.020290564221723,0.4099725690113942,0.9292977245451937,0.9185068082676963,19.90921364379315,-0.16363629309182798,0.7966369514649307,0.3651827384226202,0.581561504439016,0.13009569850569877,333.5118350304479,83.97411025559144,0.32836651900556546,0.928141484693706,0.1706539499489319,0.0,0.5866520523260357,0.8293460500510681,34.97358167850157
sewage_sludge,pyrolysis,68.49569804341267,57.442765823177574,18.627218893689456,10.947666479840903,8.127891336159696,11.065906066346292,643.0206268928681,7.806082750907644,37.05035881665477,0.09718768693412543,7.150772595053253,0.5457462219404097,0.4877686479531515,0.6157440192753995,22.878818915751413,0.04135380692362939,0.6264169726027603,0.2031651820723246,0.8347694675804996,0.15713662609425824,209.90443145179105,101.44229410727988,0.6548907221859337,0.7421167434616301,0.10422310449085372,0.026222255969373883,0.5006632466497901,0.8957768955091463,42.69112618224946
agricultural_residues,hybrid_biorefinery,32.098946034890254,71.73547537489993,15.17592697131197,51.70332592295641,18.451606937934578,0.5,853.8401370882457,17.909250324985294,49.05557032406857,0.16202862515054015,6.999281127435323,0.48982125019889833,0.7550019050721248,0.7798661004133971,19.69468173917032,-0.25318731110827786,1.0,0.3330795700706657,0.7957481162275025,1.0591632113969438,-57.30924723482985,94.60513869379399,0.9746227290727875,0.9458272610496227,0.06754544277093663,0.7202837590515061,0.7350941239084119,0.9324545572290633,83.57014750921286
sewage_sludge,hybrid_biorefinery,70.84012866334672,60.76595878426395,22.33404757174365,13.632540155639813,7.680909682371538,8.983066114735465,596.1346137057523,21.970853227596116,58.978941665100514,0.27902131174733785,6.722267804284088,0.19468455080488956,0.6354262362212145,0.6762924403154386,25.49408909536137,-0.24265685563001005,0.3971004958808442,0.6229921270489727,0.6195978535848604,0.3475680212018627,119.45237712788446,107.39252206382632,0.847592764657458,0.8857771877013084,0.1884128891750158,0.26116265681068973,0.5112411643284818,0.8115871108249841,49.213344592677565
sewage_sludge,pyrolysis,82.93286588972795,58.669862710305324,22.768845118657705,9.601821805082007,6.281908064726479,9.262826071715597,810.6586081111252,3.4854841434201456,62.717728871000666,0.10612067314166884,6.933241838980831,0.5540800115436276,0.8992724889943292,0.8123276189620855,64.03250006717928,-0.0778194118311493,1.0,0.4551113930787412,0.6063056126916717,0.05,261.71581064857776,123.41143452638796,0.6110630215943988,0.8406415822639023,0.16421977655584627,0.0,0.3614661340716423,0.8357802234441537,40.45868246363552
food_waste,hybrid_biorefinery,68.5594762909562,80.07026649240564,10.526184233080157,13.263536869374523,11.518572546714516,2.4061804541425564,560.6031904397221,25.43473880248404,45.07403238401083,0.1433961365479973,6.955096016163513,0.23479580527385113,0.6959454862937695,0.7541440930281484,15.991554089473658,-0.26334602337229873,0.8547059240329464,0.4939739284179694,0.4084506493268746,0.6574874599885743,24.637470935239918,86.10889150881013,0.8440530635746288,0.9557165265803954,0.11327080069527663,0.5074351404279482,0.691442549045854,0.8867291993047234,68.87431727636415
food_waste,anaerobic_digestion,63.234080382961395,80.97167302576618,10.709221827981738,15.798937335665116,10.457945874315694,0.5,41.75169301682688,23.936821205256326,11.142199455074532,0.21513232657711912,6.925154605137897,0.11469820683136077,0.5981247474889698,0.6089004629352309,16.21566735797408,-0.018139428785002895,0.5689560023387028,0.464288272042588,0.7968892180169254,0.6827226689860196,30.584683843238118,52.397917803837224,0.8648981610507402,0.9156763538602734,0.12274486883729392,0.4919878341734075,0.8744204724198863,0.877255131162706,68.60159231476291
agricultural_residues,hybrid_biorefinery,18.2286327211892,81.00923599893417,9.08097769313766,42.360867524694534,18.203397171262285,2.198971382724497,608.8440172069161,22.9853478708737,44.82492107486262,0.23634064439787492,7.229526977984572,0.5229063453392527,0.8125655834606548,0.7684835604663404,18.186861044275304,-0.04913614911369085,0.8290536786586706,0.549696842285973,0.8372461936781286,1.23106496518774,-109.55760162623635,103.63793472610902,0.9757512563676008,0.9635497451314701,0.11454960994897531,0.8559937704577568,0.7253714779933607,0.8854503900510247,89.57644800838274
food_waste,hybrid_biorefinery,76.66379145751819,80.10650545381276,3.9602878210803487,23.74810180320373,9.228642420550111,4.708876595790022,542.0254948559209,24.855673013548916,75.61618744345323,0.18890158928995232,6.989053298823776,0.22593992810203892,0.6081736023559223,0.6161708333753451,19.309344499711514,-0.07986036576746618,0.43012159942183936,0.2173827274990064,0.6704214200346762,0.5189038165211929,57.66636521009088,97.2886775029046,0.892718413086302,0.9342858097899248,0.05788196447067803,0.4216458046491146,0.6021131685667435,0.9421180355293219,67.7422328598793
msw_organic_fraction,pyrolysis,61.196473642490716,72.88208630143919,22.042163955694775,15.45454367652664,13.056418374266205,13.502064754449657,593.1650108562778,12.913833725201822,64.55250207363159,0.022884890111888906,6.743159993032997,0.3333723595395655,0.9156807996383901,0.7681604321340836,11.395681445413219,0.02551918293586153,0.4791822797912394,0.20255302004667824,0.4167659633998024,0.2377111355497165,182.96639078179996,91.322509498044,0.5163468263319683,0.8191264166326109,0.08170208650129211,0.09619119277454556,0.5716516629891272,0.9182979134987079,42.99813384318286
agricultural_residues,gasification,23.547991441605525,68.47888577548272,5.978258389384112,33.97424725452795,17.11873098904958,1.650050965112458,603.3579502929177,2.8698749246038684,25.220008311559564,0.22618376519451194,6.975615465691286,0.16389916851089192,0.6298223799340342,0.7016758185754625,52.87567469675238,0.2079513309882268,0.5551812128988027,0.35586496900257925,0.6489259679951048,0.7182342223235161,123.48574901695586,102.96366805345049,0.4937930687238604,0.8423198949755267,0.1404269782626335,0.250686366189725,0.6160974865245921,0.8595730217373665,56.82673728846844
agricultural_residues,hybrid_biorefinery,30.701043092691307,69.93171880035884,11.839362731983794,44.61449421015311,16.145959210329945,0.6292585621672844,531.6740131845651,28.535725038270044,64.84920124300335,0.02816664557114773,7.697685114155082,0.3806260794458256,0.7749740371978312,0.7533692923967541,12.537642022942896,0.07002664054770882,0.7168228969460589,0.24135268643873345,0.6552960360490848,1.1701556239596613,-63.8939245857495,103.59325034984582,0.9298692854327663,0.9627961640925751,0.04848330752038464,0.7373868171058429,0.7122066038508843,0.9515166924796153,81.15604560267555
agricultural_residues,gasification,34.8296413190601,65.36981798746861,11.360347615910271,42.87511356104136,17.40549020589426,2.7825753715979964,551.7089821964505,5.398537041924816,47.340599762340936,0.23919917638307756,7.033020993108249,0.7688791550194706,0.8076569164359539,0.7399895656655193,19.842764462340856,0.08225487923895511,0.6502784629689653,0.13265141307552228,0.7841750845123988,0.5651007583114276,130.29967569376782,93.43550890894794,0.5680760759284714,0.8436755719775723,0.04813006740941562,0.2329878553408628,0.6325563304656302,0.9518699325905844,49.81224801499533
sewage_sludge,hybrid_biorefinery,80.84736321051433,57.56792327629727,20.585089821835645,6.796635208082234,6.953267205613986,10.757504549924507,644.2060693693696,19.49031838683854,30.611782903219698,0.1942914110726679,6.956076362775012,0.503365687160613,0.673164419314868,0.66444376436487,38.02712756310704,0.16026383222084273,0.22342183538266291,0.7878873042805974,0.4680851828707971,0.20598117283146739,162.14968504911909,119.9162863478139,0.8219880188410768,0.8592266727913241,0.24518602955972257,0.1502605583139764,0.41417750882390236,0.7548139704402774,48.81616821966395
msw_organic_fraction,hybrid_biorefinery,48.66810975498997,61.83702485990912,17.753159593985878,22.563119828443625,14.145941750379084,15.196139310227926,776.7023150528669,17.40909452315176,61.63114733367267,0.28262505994133674,7.693437975933009,0.5901190223326779,0.523972089401641,0.6593398782841555,31.733503228102407,-0.011773224461569365,0.7444949790552665,0.5988679732419475,0.5772288829230644,0.601338680322846,69.20452196250237,141.00180162863316,0.8251437673457848,0.8387016060048055,0.23346588762228412,0.39167656633116266,0.39017976425716744,0.7665341123777158,58.338754040361266
agricultural_residues,hybrid_biorefinery,17.445072834215818,72.99139357505875,16.211090123061076,33.10311558140302,17.36839280672121,5.254749567436,644.7517555027864,27.172096211375745,43.77935372221396,0.13935607505135356,7.070955261264404,0.032021347159456946,0.6726394099626773,0.7950334470367927,26.026289356829558,-0.03419933226366306,0.721002434021998,0.318855634034225,0.31842614414456427,0.9998598106879689,-39.82448427911945,103.03661129078523,0.7853849968368456,0.9427801992750802,0.082838869338459,0.6748687903353753,0.6776712041893256,0.917161130661541,78.65493872525207
msw_organic_fraction,incineration_energy_recovery,54.895699893819064,62.52810256628459,14.748233664185648,24.809667002581698,12.361198049323923,19.303598006547475,622.3980275410711,2.1312152309044476,38.500366254146535,0.6743865589986736,6.226326592736552,0.754203861707344,0.727668337598354,0.7889550439017993,20.79620744963616,0.15427307594255438,0.736239729574052,0.7811947800114081,0.7270064588863653,0.17635903633233518,289.74028803431474,112.94484123585313,0.2869627376123466,0.8083073722990091,0.6692692063698145,0.0,0.44435245517283417,0.33073079363018554,30.89895357824465
sewage_sludge,incineration_energy_recovery,73.78933225066625,56.22767999925306,22.482425197662856,11.46960407837098,7.1592086209576795,8.111408046130899,674.3511811820239,7.703405169976766,59.64345029501179,0.4970567305514454,6.739694525824136,0.6746478218279561,0.7827986202897049,0.852238580989906,66.46093980743353,0.05433840886926532,0.7970244252044512,0.49694320507106926,0.6686065974077645,0.05,371.19330504265247,119.8274224173875,0.3443436187752613,0.8802767689821226,0.29915052699899725,0.0,0.38032935569796056,0.7008494730010028,35.05399584619085
mixed_biomass_stream,pyrolysis,39.750590995896935,58.878791257915566,13.631634753850305,32.1510218542852,14.865796239075086,10.517793382941909,539.3398040119769,2.4908691107540695,18.42364493658297,0.16205659944046424,6.738369306204129,0.46985720830112715,0.9205877159442964,0.7778721524739414,21.879497733617335,0.2820929849813826,0.667759467893195,0.6384737603938195,0.6097945425482514,0.36219150043554116,188.775158583107,103.60727037767333,0.5964126586205597,0.8508400696239727,0.23520200231368046,0.08110348419972212,0.5343807070554331,0.7647979976863195,47.91580243147512
agricultural_residues,gasification,30.597401593867136,71.32400739748546,6.088630703323368,52.55334461834437,17.023124627741307,0.5,609.6205401501173,1.0,31.978498262506,0.4490958283173112,6.666985727873873,0.29462024914261736,0.5367143101174298,0.6662125536063159,60.755647918591116,0.30104163916215887,0.29670459680508426,0.19131417145386195,0.66237450215475,0.7326739954905873,142.17847432014926,111.17237114495946,0.515663245470097,0.7862743089696225,0.0764806716540896,0.20213383293467724,0.5760705361397216,0.9235193283459104,55.51528350460507
sewage_sludge,incineration_energy_recovery,77.8428116751033,52.41445671601781,27.009412854096457,14.241319463238828,6.149812359497113,6.040746910130735,767.8632132983461,4.577000430265796,43.037364058486965,0.5580482622893816,6.9182289061229465,0.26836613897597056,0.7557306497467643,0.7459330217573388,18.418922484717342,0.2610561211033775,0.6413881142029759,0.1766193045100444,0.4729012179010897,0.05,330.79170928783816,83.26935421215242,0.2774093672224349,0.8877468597298408,0.1011807986484875,0.0,0.5727402409886715,0.8988192013515125,34.28647022527553
food_waste,hybrid_biorefinery,67.99911849446373,71.6041081504854,9.475103658106466,20.965889191419453,11.75983855038928,0.7860112051188954,613.4337833539063,28.87893012537627,68.67713443366462,0.1104836300483872,6.8914158280676725,0.6384383859678516,0.6620547515727618,0.6880516534686938,38.36389385365816,0.28422544427937424,0.7738431889270306,0.5537054946365345,0.7202804019681605,0.6353188634183338,68.0272211502825,113.35523759028892,0.9656430929336359,0.9752410754707957,0.12159223152397733,0.3947344905187467,0.5431636363189338,0.8784077684760226,63.68371982525904
food_waste,hybrid_biorefinery,72.37944880228684,82.66343140120944,12.42930632240697,20.33978241536541,9.556165072066229,5.367873718859839,493.509829034441,19.88162225303701,62.17755181146299,0.27113948793187853,7.303119644767382,0.5416258769209475,0.8381565859518658,0.6687266848509419,28.12028876787155,0.191176450359137,1.0,0.39748603111259595,0.39275283859388205,0.6359119110921546,64.60182368839733,110.49455513298261,0.8439431637701275,0.963071455373437,0.09158722911781643,0.40363162678338355,0.5583503302666812,0.9084127708821835,64.23141678533577
industrial_organic_residues,anaerobic_digestion,44.91256934084076,76.87554421504602,13.626160057451177,28.480416216894913,16.012108307594183,9.816677826171038,42.35530292057365,36.38253953342073,22.6168048405845,0.1737879104355303,6.830912249428596,0.3207995552384805,0.9698631673017756,0.875282015136594,25.954736374254345,0.2676192547275418,0.582955815514987,0.21490199429815435,0.5526256208205034,0.6122471500050204,52.436712373696984,75.22102325807943,0.7551036248410071,0.9442246652817038,0.05994890894170575,0.43522931850987795,0.7387942505901601,0.9400510910582942,66.57185805790942
food_waste,hybrid_biorefinery,77.10273060256387,72.04715229981282,4.239454957310267,22.71115073005444,10.160675575979857,3.652377707625294,544.8265668324817,22.43279278314753,59.58705120623046,0.066971049977984,6.602607834141143,0.40257352910478356,0.7509027014522803,0.8074076965449443,23.60258382352921,0.08274876449709281,0.4191327707393523,0.5461889155620431,0.4869259912855566,0.39113664810856397,75.94968807775443,120.86831235926782,0.8683707361963948,0.98,0.126329526087691,0.37415665434349493,0.4499010501666851,0.873670473912309,55.935061499181494
mixed_biomass_stream,pyrolysis,39.12838164671007,68.0042398269619,12.926782730687508,27.118179278591032,15.565990985398889,7.289418782644386,541.138340634248,9.550039170544824,35.718619768538595,0.07792471077550389,6.294679838710419,0.661817641304047,0.7554341786755397,0.772219239867441,49.587887552060735,0.34725139466756694,0.5549998107860227,0.3291091200431938,0.5361969138888454,0.3835980226302455,174.1969813042106,107.67235385203381,0.6159687082980243,0.8622027865158722,0.12481950601961232,0.11896887972932313,0.5176949657574234,0.8751804939803877,46.7842851516945
agricultural_residues,pyrolysis,21.371796325373083,72.56439855975974,6.959971202763146,34.64474817831931,18.75342502990835,3.6856150002342405,656.1347654244023,7.587792063138328,55.48279581160412,0.18288105374355906,6.383379950592958,0.720585196053127,0.25,0.5330441523785662,24.422322642746124,0.39541629103539944,0.7930776913567611,0.6713032835017834,0.48466123425663915,0.6969040685929501,78.42943788213165,86.88605605795209,0.6330128192467701,0.76503806631397,0.3085024877444975,0.367715745760697,0.6960238632064907,0.6914975122555025,58.15561605648264
industrial_organic_residues,hybrid_biorefinery,50.345072726663936,81.17663626297957,11.3894325632443,27.319102990080346,16.246094769061493,12.694274453552564,692.7294484947903,26.49979425867755,44.56468765780852,0.12579280250220684,6.727138510011591,0.530278831387651,0.9038099661867958,0.6857088733649983,13.4276951894597,0.20263315177553715,0.9055145424484246,0.0885406014596746,0.4786632611308943,0.6644608985706497,45.037012505115314,118.43880641863427,0.8132282006188677,0.9226856175564158,0.02441436339837707,0.4544493181685317,0.5228192586400994,0.9755856366016229,66.52830314669073
agricultural_residues,hybrid_biorefinery,32.48503538231904,65.05178313751946,12.77715186415076,42.174449731267956,17.35780963038597,6.582431677618777,450.1148838958076,19.62339550867675,59.78914451614531,0.3081034414207474,7.950097369635095,0.3340552514071387,0.6954228787790956,0.7120059196514839,7.929087252178906,0.2640891041480898,0.6325011812414734,0.35915325725687197,0.49912014255058523,0.8661122053570423,-12.086268357827782,99.30214626211719,0.845427434006886,0.9039927340171985,0.09620109412362736,0.6028214762540981,0.6679018101147746,0.9037989058763727,71.8998714676855
agricultural_residues,gasification,38.46481839541987,73.98145998892646,17.183790594121636,45.07537163818956,18.628748444636848,1.5377526670885928,744.9917132119823,1.0,27.35453370742106,0.37684263745734287,6.362786441878565,0.3572156711748668,0.7843953841284734,0.7852785001775577,22.169055399060422,0.3701231099172374,0.7496356179998228,0.16392960876631085,0.6592871857599562,0.596591987150881,151.37064284078608,99.5297387866336,0.5126347814643583,0.8493934460479043,0.057575339133988046,0.17825807054341278,0.6074095067172275,0.942424660866012,53.73333952242936
food_waste,incineration_energy_recovery,75.32351890026472,80.94990525480615,8.371102415258102,13.651553424833399,10.80545002448645,0.5,524.8794729473763,1.0,50.4061705575685,0.5653238765088966,7.161329807843246,0.21011290562037538,0.6170954618436895,0.6255069173073007,14.426648302168392,0.2152596075461078,0.6230249986746873,0.6687800598864487,0.48681148417831765,0.08102362884536368,297.8267204463984,64.14417829104433,0.31501190349420943,0.8951699183608769,0.3408073931469818,0.0,0.6802242599720625,0.6591926068530183,35.76691783931451
msw_organic_fraction,hybrid_biorefinery,52.02733561079639,64.17215140536015,18.403780291731763,27.552914885446253,13.179527187959328,12.652128971816747,498.59539069516075,19.32831612611131,53.490717030551835,0.23894230659619453,7.182759506793777,0.6989827085376481,0.6113382810561125,0.549521362667088,11.263341395404854,0.3749781735052224,0.7132469891013871,0.4083573443200773,0.8455797866392414,0.6013200027820321,59.92518909069126,120.69703431211524,0.9187486605401051,0.860662155874208,0.14017536445924805,0.41577872963456813,0.4970428516009143,0.859824635540752,66.78954684576618
food_waste,incineration_energy_recovery,79.57131984345992,76.23617364836842,6.001202717266633,15.269141044803698,11.036241151254922,3.36937635604038,578.529177307418,1.0,52.706969066805485,0.6725444521097975,6.0506908202773015,0.7250527709142082,0.8913433235083775,0.8368488461742982,13.754945916571797,0.31257973906175096,0.5081895389729412,0.2541194168606331,0.6562012815608822,0.1746629569929618,281.4622405132141,80.98550173525288,0.37846890757107454,0.9433861466041994,0.11855043719859878,0.0,0.6121863677213312,0.8814495628014012,43.91145893465252
sewage_sludge,anaerobic_digestion,87.4312658762243,57.46128777045756,22.369536103808766,10.64777070141936,6.282920367679039,1.4993129899606235,41.59403402873931,24.222327831925394,17.90629119450353,0.1718098913969625,7.382688806683734,0.6986706259381215,0.9342146931214322,0.6642086818163108,12.564177733460838,0.532884019896734,0.6488342655783433,0.3451053195100727,0.4129595215636522,0.6414398858725544,89.1854074591926,64.28203278693121,0.8086383395362384,0.9546622287330867,0.07376660916050758,0.33977816244365555,0.8027902865396924,0.9262333908394924,60.45005557953911
sewage_sludge,hybrid_biorefinery,79.11022404766328,63.166879290836725,20.72669429247978,7.061230967890553,6.596710263533525,4.632604925491654,721.5754286459068,24.442409058043047,52.31975335647662,0.15099401936481519,7.129674457231261,0.07073671726015526,0.44122323665842206,0.6199209231414324,22.711391422154875,0.5091083667886789,0.7398899794817546,0.31684808070120396,0.5606775588606991,0.43871378558432306,88.61422976157533,97.96408340704485,0.8534000926175457,0.8668792574266984,0.09360256671435725,0.3412617408790251,0.5809165938441044,0.9063974332856427,56.32906122569409
agricultural_residues,hybrid_biorefinery,35.647655532438684,64.04384250091755,14.57899388740531,29.886029846465025,17.169121321466843,7.362073209075804,732.019099799692,21.313672696546043,21.684272381658218,0.08742580344943475,7.636201483795783,0.7412052360890695,0.6623199842936229,0.7019024092156861,32.282628053178485,0.15166079330502175,0.8416637335418617,0.39617538476918013,0.848757840815142,0.88054407742698,5.116124906759195,140.0432169132399,0.9599513666273806,0.9220688022119362,0.11154721043537182,0.558139935307119,0.45665013433267304,0.8884527895646281,73.76531760403344
msw_organic_fraction,pyrolysis,55.95615079025169,65.35359254062277,23.264501021239177,23.467447967176618,13.26101310185494,9.290356045476113,752.1738839294288,1.196865508566821,57.27252498982654,0.01,6.992023325141762,0.32277965170091316,0.5483662534516438,0.5107183850685779,22.278223227059872,0.561292760168856,0.30677644117860275,0.23387503988598687,0.6726531477901452,0.20572446054142884,206.42946587371682,91.11061866709282,0.6089531667652766,0.7857633944639393,0.1093355209225161,0.035248140587748514,0.5657298093870469,0.8906644790774839,44.20852956318776
agricultural_residues,hybrid_biorefinery,37.26517145566917,74.65673030829477,11.777077502168792,42.1738767517176,17.418413575000553,0.5,495.3365349139434,22.159725140173702,43.700538610458835,0.2788556120164544,7.610179695281469,0.387007503571904,0.8674195847185481,0.9104135905524486,52.45722548753286,0.5853291356915425,0.8084232969755376,0.34682612864170936,0.5569998920462984,1.1857335879872208,-9.977272210715014,128.04001835895542,0.906710573297327,0.98,0.06441452796183188,0.5973435641836753,0.5869665558890022,0.9355854720381681,80.1859816633416
food_waste,hybrid_biorefinery,75.0147770511738,75.1947885392278,8.151454778521648,16.92509495975669,7.787592879997586,0.5,793.3477780065772,25.31078909854463,16.04385447345265,0.13965308210187813,7.458193106688786,0.2564609184662031,0.9226820530365365,0.7789823355721175,34.445151415467485,0.20161242943659435,0.6320087921353339,0.5335254032487043,0.48627576999727373,0.6327983697472825,26.885218174949625,103.29462470299889,0.8785858159766148,0.98,0.09461372206268967,0.5015968359092218,0.5955597218549343,0.9053862779373103,66.22302675746269
food_waste,hybrid_biorefinery,64.62747298016305,69.9941844990293,4.6373689306064785,25.088713531735053,10.430110383886294,4.240597649409165,676.4072997924565,22.716108614306282,31.54629543112194,0.2159220952849433,7.08485152302121,0.27160901363321027,0.6885019474493517,0.6894596752732115,17.50587623948993,0.6754813479434626,0.3695328971886552,0.2020732628694464,0.7331906893514559,0.6639377982959108,14.451843548489897,104.69505689408216,0.9153422098826567,0.9618543108473386,0.05001473986745714,0.5338913154584678,0.5950397003930891,0.9499852601325428,70.59190342049222
msw_organic_fraction,gasification,56.24984575281695,51.99795747973496,14.998119665226124,30.61451913795791,13.255832865543645,15.654100055475613,536.6505561963215,10.404647676395289,44.46712742052982,0.3814555750657258,6.801156551929321,0.6349393633388805,0.7606386362924076,0.7949501189664014,19.436074818058678,0.5423475316778879,0.4461476011234066,0.26406372697121755,0.2054776175372232,0.2291238852493779,262.1695680525035,111.16899039275677,0.32258585306308696,0.7698775966043896,0.14988603739572362,0.0,0.46530730531930115,0.8501139626042764,35.937073652202294
msw_organic_fraction,pyrolysis,62.30552376430404,64.05831862693506,18.319474492419282,31.098051719477425,11.49794128632756,19.494633606714903,591.0527099893252,2.2451753921551196,30.457188303914812,0.01,7.140911924111408,0.3585152333656953,0.7869920475780263,0.8141107955126556,49.95061359160236,0.637922411456075,0.7269899709308159,0.6230594332664854,0.5871329686853495,0.0619411502783528,268.9538576064044,121.53119098855042,0.5190020255935887,0.7642687169664636,0.32525052975997787,0.0,0.37398920575307754,0.6747494702400221,30.043582741541407
agricultural_residues,hybrid_biorefinery,27.576115565257293,63.68722299500872,5.723436710748476,38.201205328489564,18.854660968240356,3.699210881180236,642.0450671136422,17.801159254642553,40.51302080574947,0.23160102908500488,7.326674316869922,0.46644846214075264,0.47781561563676495,0.6434127226018682,19.830387656503476,0.5205247771018335,0.9106255100171088,0.4994246009934404,0.23657698163200974,1.0132590336224738,-22.055447367795864,108.3120848205892,0.810565646211001,0.8946291976174221,0.13930336649365815,0.6287154477085607,0.6528533830780536,0.8606966335063418,78.97546198126632
agricultural_residues,hybrid_biorefinery,31.559873966779357,70.94658842907303,9.255760248817062,37.3575657894285,19.339353113483064,3.065948191715951,759.1037126187214,31.230793743882217,51.24737680919472,0.20509839356990492,8.270085043180973,0.5247555752234482,0.3715456458578761,0.5782634647199417,9.895554879776288,0.5511730076750324,0.7266437768895431,0.2758370451031148,0.7212459823364045,1.2873803666842645,-48.070862673708575,103.87326610563373,0.9408303042599653,0.877634784449155,0.08002508072797945,0.6962879549966456,0.7365222801145712,0.9199749192720206,83.79036952763946
agricultural_residues,gasification,43.358331690000036,67.40941670333024,11.924317609638548,45.032417230073726,17.83961038743,7.57619300662377,582.1604950000535,7.916911244263526,46.97482134461975,0.33879062365766666,6.724755092511103,0.32529162122123173,0.8482041301941003,0.8903393426341328,37.0758900833452,0.48311601544361765,0.7153141385741522,0.37843975827672405,0.30114000034127847,0.5890537509642096,178.74224167291004,112.51437047801929,0.37827497873665183,0.8229594013926361,0.1581826771044346,0.1071630086417921,0.537410927959393,0.8418173228955654,42.851317677336375
msw_organic_fraction,incineration_energy_recovery,66.14219203736707,61.50830431001861,14.53671049214335,19.95568117192714,11.773780287211595,18.66308038942536,737.0404618304627,9.562659251812295,42.13217295384127,0.5498845922320879,7.044742577085483,0.46050681498587914,0.6337689560431274,0.7022990085837775,27.432717889966774,0.6462866718702881,0.6883869500790862,0.2972564406868485,0.4549256042869504,0.12305582086353349,347.3559396320183,105.94846011304301,0.19993038354463036,0.7767404837255308,0.26803761692802686,0.0,0.46944880631080355,0.7319623830719731,31.722243993495596
food_waste,anaerobic_digestion,68.97033420700959,74.17800185054058,10.921398989264764,21.642429316737218,11.001985860501822,3.995599319383575,39.917809704589125,22.157746475585444,3.0,0.16488512473224212,7.018635681124787,0.23130378607775623,0.9232042268055336,0.797442632344237,35.571026281891896,0.4954297032998225,0.8315020644984917,0.5687376805900004,0.5622863096601105,0.6670560623517665,80.9212197392072,71.67743292992182,0.7911066850655633,0.9750726445835259,0.13549072432663373,0.3612435850929683,0.7695026867178001,0.8645092756733663,66.06804113425117
msw_organic_fraction,hybrid_biorefinery,52.06289993645706,63.25829859475547,19.641977927552592,31.110997994124986,12.004302740759146,18.228100301890777,667.0629500205428,24.20022483015385,25.587678180140074,0.136595982691596,7.517438334036368,0.4354333857982313,0.5450597442115008,0.7170291497432337,35.647388129142186,0.3875044237074655,0.6700426581136555,0.20748022130755958,0.503247163786393,0.5441072376261493,153.7143869892327,148.29143274981215,0.7730497596972212,0.8149804681451571,0.0862148264761193,0.17217042340459038,0.33922236727874155,0.9137851735238807,53.73534756509934
agricultural_residues,gasification,27.58139073877078,75.38753904151032,3.8647415550872157,40.37350945306912,19.422358911113605,0.5,622.3828775145491,6.968217081216012,63.219229284453554,0.1794243202483629,6.3211739292857985,0.5305648404733991,0.8296176612977335,0.8567723486611065,31.76108250824218,0.657149141730599,0.7520222898185435,0.3648308402235667,0.7354415661843423,1.0435347754244473,16.279447215478527,100.29092026164405,0.5528055787839575,0.8845500105276863,0.11836030999480394,0.5291442929468091,0.7017307018478834,0.881639690005196,69.40924187925465
food_waste,hybrid_biorefinery,72.51363129511759,77.30880814049561,8.065327306141803,29.123160503108934,9.686389486111587,5.708834222874149,573.0608485180301,27.665715152005735,53.80161344821602,0.20934821655725191,6.790432625323518,0.42476094445495494,0.7631219487610316,0.6871940864707363,12.451397718552716,0.6330159212202455,0.4741697466876027,0.4777830839099118,0.8684640185938903,0.46421042953700115,45.099145263382226,102.19310779892717,0.95113504064475,0.9517122862727805,0.11811044402927359,0.4542879343808254,0.5642678323985235,0.8818895559707264,63.36163777748578
food_waste,incineration_energy_recovery,80.01519535610907,77.28055481715334,9.176066771364956,6.0,10.227857968740075,0.5,428.8127632056035,3.1916617210652642,48.17492693556597,0.5184240567319518,7.337435902007888,0.3307450390981535,0.8583898606125061,0.8239334346869192,5.840506369856272,0.7681125554890798,0.5887673501296414,0.39348591933887483,0.4492184726432684,0.1328286158988068,297.02301709795495,72.31488201445767,0.3152642212886694,0.936475055513562,0.16768955924498677,0.0,0.6486176533163813,0.8323104407550133,37.282227389858036
sewage_sludge,anaerobic_digestion,74.49565171986296,56.428873144873066,25.142365732451143,20.510470888816652,7.322033571777865,11.179011912049582,31.95198963842638,22.820486242016617,3.9798482089241656,0.20397988961929467,7.713917877402678,0.7109131102065152,0.8320185240042984,0.8331675408251225,17.19114557954936,0.6948830709083119,0.6175816472239868,0.21101940481099352,0.5559952950333392,0.20816846531183505,177.3479665923641,84.2551432400812,0.777618789190509,0.9041154752570962,0.06889067495316245,0.11078450235749587,0.6023489400523869,0.9311093250468375,45.2863416108524
msw_organic_fraction,gasification,47.722572204636656,70.23394638609379,14.165723813224757,27.936125591162146,12.124799741751769,18.679220696919366,484.1450723575087,4.344930351582506,19.533753425862088,0.2671144283462575,6.651150178201603,0.459023865146027,0.6216507563930128,0.6593857375362704,32.18962093846016,0.6876909084653932,0.37760130187023255,0.28076750194620903,0.698734063031978,0.16022288564930062,284.5796801360929,124.20392537417403,0.4106508800912411,0.7152224725986115,0.1899740993485261,0.0,0.38154416445245654,0.8100259006514738,32.02438831869934
msw_organic_fraction,gasification,50.9736201542415,48.25291630826294,17.81391647938049,20.122217024889718,13.278859449330659,14.850811165008723,778.067807783789,12.723702429892658,59.83628301692764,0.3924684180148815,7.282671120132366,0.6546288414218138,0.6967008851978377,0.7136434839206942,80.59886703586665,0.7935786978874715,0.5972889233333801,0.1093092692953729,0.25100663952472063,0.1805962027199654,333.53130377430256,138.3826818685426,0.3411662890398642,0.7589719781050849,0.06365843146469859,0.0,0.3114012600271156,0.9363415685353014,35.693973189942064
industrial_organic_residues,anaerobic_digestion,45.49812563394344,78.31092164483789,11.406104004723684,30.287101846777603,15.619284590684503,7.416458099217142,36.57374783701046,24.314835713835816,28.375410557471046,0.14480650809572693,7.3767843022657225,0.2507317871771163,0.6756612840856752,0.6810667192929097,32.68407448003555,0.7120794770122618,0.7046465153039614,0.5038233775850468,0.2157116813097186,0.5113352925322014,131.7930398288095,75.3019116256153,0.682071256607079,0.8904737251652471,0.16425239300638234,0.22910898745763766,0.7161679136959512,0.8357476069936176,51.04333676554232
agricultural_residues,pyrolysis,25.2386838578294,67.6318996940106,13.388037438178829,41.670007582226646,16.049041155997365,6.712914028861127,625.3772324266168,9.4560938859069,28.25451964960141,0.07153092766876405,6.978407608287032,0.8678893485775977,0.6127411760248593,0.5544602109029063,8.243325293974756,0.7882683894815433,0.532626271426242,0.47440540544244525,0.27440752239244914,0.5959251999904585,130.6470656944023,90.00214227125997,0.5710426302822923,0.7836508801768416,0.19529586994731546,0.23208554365090311,0.6574080583596906,0.8047041300526845,53.89418326848042
industrial_organic_residues,hybrid_biorefinery,56.78145361475035,79.41448801381765,11.33718244656453,19.700030873148325,16.878186221969287,0.9323188595835417,701.0476498063022,26.69787554104461,35.05977798266385,0.24816498412063526,7.140764948539181,0.5346029477708664,0.44377634658564175,0.5223012834702914,33.331265160354576,0.6960406891357696,0.5950100378215325,0.3347124980998483,0.845476143219816,0.9074399563555808,-28.836876726269935,124.37736803142946,0.98,0.9177488829416373,0.08526282814920876,0.6463295499383634,0.5450190639170202,0.9147371718507913,77.53064285970581
food_waste,incineration_energy_recovery,72.60226696858231,80.08736956979676,13.254174283591654,17.624989386407847,12.858031706549482,3.4080443508675717,489.68902883765315,1.0,24.74669558544808,0.5210331745199254,6.718793692610526,0.4307712397452278,0.5063587581163916,0.5705191916677212,25.93193800609425,0.7124659427874671,0.9307861527437595,0.3315336022788049,0.6962287525314882,0.21097805688996785,294.796784605585,88.36232349289091,0.36466257685641723,0.8580726310411511,0.20460842411181504,0.0,0.5813503120268935,0.795391575888185,39.245962044929655
food_waste,hybrid_biorefinery,84.59604460416861,77.34516051257893,18.568958352958283,18.2741827471123,10.839709547237668,1.8218523748759576,811.0907643607999,19.47858031612765,50.47053621547314,0.16149009589051116,7.308202728990909,0.44217241847564887,0.6114226360107068,0.6573508388403447,15.120997305852821,0.9944948906476143,0.9067259502378295,0.28685674420526197,0.6915581229889383,0.6454106170433145,73.44998828006237,106.71523251318497,0.9355103576011548,0.9487468519029241,0.06812658853373801,0.3806493810907471,0.580331217259082,0.931873411466262,65.78122168837615
msw_organic_fraction,hybrid_biorefinery,63.49552866391713,58.27726362511238,23.64166283467099,32.011273179432465,12.318325276809794,17.39346269291286,559.9402690684136,24.027948949576142,29.682347381164153,0.30925984794109873,6.573414615421658,0.0917789812093275,0.7688517815705906,0.83447520996291,38.80426671498764,0.7433420170792102,0.860608636467086,0.28628703569357933,0.48038881884457485,0.3240882310085228,175.29401937235417,135.96758117495975,0.7456852843574998,0.8681326736553305,0.09965466486405283,0.11611943020167748,0.3556805625326132,0.9003453351359472,49.66949552748339
industrial_organic_residues,gasification,51.549424847198516,72.76815892914777,12.799272931256422,33.600204646162524,16.835609387051512,9.886661718405874,548.026552224246,1.0,16.363143823587517,0.3143459431719444,7.188019519111408,0.6523363508702943,0.8275575320599523,0.868932671174676,25.763693811779092,0.9113375531130373,0.5120990121145903,0.3845092986900253,0.6910706163541371,0.40216198598386327,242.54290731071038,107.84363854353221,0.4857479301293167,0.8273979935961533,0.17594159401941795,0.0,0.5208775393189119,0.824058405980582,43.36653681448939
msw_organic_fraction,hybrid_biorefinery,70.44308937868941,65.34150432332868,22.773111912305517,23.087527707874134,9.66439417464529,8.673872989612665,695.6578475200794,24.188069304682255,44.87491444106125,0.14288256912945768,7.478900490381136,0.3201484601828375,0.3253070993284689,0.6045473136237652,42.188569055412884,0.674635067052139,0.6133028202349771,0.07345994183554314,0.612743036193677,0.5040980382374978,102.06572907029242,126.4662679914239,0.8580805249357575,0.8543771757439532,0.02668566853806431,0.3063227816356041,0.44528963161528157,0.9733143314619357,57.847935719281054
sewage_sludge,incineration_energy_recovery,87.36573557352843,54.93333985758804,20.907952384089658,10.950147959147468,5.910127118052491,12.399789539548879,765.2614782368391,3.5423846657139504,33.88230051874475,0.6578587781742673,6.8478394474405055,0.504279594724978,0.6596428613478388,0.6801101492962442,17.84827928347146,0.886593067819822,0.724498551971595,0.1441146541278419,0.667436933816041,0.05,354.95284777336826,90.74359152612664,0.3004030742551664,0.8060320278197188,0.10821978411504363,0.0,0.5334021498624913,0.8917802158849564,33.379499735552756
industrial_organic_residues,hybrid_biorefinery,62.07066616088635,72.88609800675266,13.233034675247533,28.945817185277733,12.914191413288627,9.78483383585327,600.9594236400641,34.45362114908422,42.740885160015665,0.24357275562201622,7.0875554743739535,0.5926182185974718,0.8666601767022105,0.7771595839642672,48.751912128017885,0.9704743915286161,0.2363548675137439,0.32692522384443234,0.7911924379757661,0.5453474932181157,78.85597229712077,127.82864284349823,0.9167137301307664,0.9460099688584027,0.08528264244949847,0.36660786416332264,0.4471941177527316,0.9147173575505015,59.29579809278098
sewage_sludge,hybrid_biorefinery,77.55940380174127,50.05820688466606,20.862952614519987,6.477773273247398,6.456942280837985,3.435404677763283,730.6515214936587,20.16484438962154,49.51508280338806,0.24210553969418344,7.264754808675851,0.6538098451728274,0.5250288122085657,0.6426859209259714,17.77473163234757,0.7975458705536507,0.7522837857539681,0.6686444681429621,0.6738120279476336,0.3958777066036833,93.04764836741451,105.88440012079671,0.9367099618563915,0.8909112570162397,0.17922177521677202,0.3297463678768454,0.5298067790275645,0.820778224783228,57.16245581893063
industrial_organic_residues,anaerobic_digestion,41.684648316928445,79.9200537200714,13.407767166333144,12.069429244645761,17.478098063819022,6.3730726080009585,38.949935400135715,28.691115300263135,27.830465439548643,0.25020056995318707,7.234360674632696,0.12061756792543743,0.7527442920241278,0.7928990252284266,9.53376769561903,0.7739631416893469,0.49118390866900496,0.24608783644626475,0.7439237693848981,0.6424841638923898,55.37157042308809,57.94978856914443,0.8110188395242529,0.9043469717465942,0.07321220339427977,0.4276063105893816,0.8363476288503024,0.9267877966057202,67.12542390780163
mixed_biomass_stream,hybrid_biorefinery,45.40757450463775,67.13071451290607,12.938914278126562,29.895315176222677,17.35655517033406,11.530264614780716,616.5982032047868,17.76870881990145,42.55242951609033,0.13205920911060753,7.753576218871037,0.7394641887015562,0.4784073290447842,0.6970243603972148,51.624686536122695,0.9912526236445407,0.7486398167224149,0.6433593716808749,0.2336847990200625,0.710113995347215,94.46442808490534,145.94089222104117,0.7768664825476751,0.8587374474320568,0.23300384680047986,0.32606642055868745,0.38811511991827585,0.7669961531995202,59.22818509397297
mixed_biomass_stream,gasification,48.93170723831103,59.09614490223679,12.147456945400823,36.43018131743783,15.881691215827042,9.276442464103534,702.7084828686933,3.436401978876928,49.82234718860762,0.3208453995667453,6.920160905928709,0.7760128693834374,0.8042327169807563,0.7964917597464538,26.409531551970016,0.6677685093903846,0.7653899434559853,0.4025892570470377,0.49981523980780496,0.40556629241088055,235.21912853243427,115.4385474900382,0.4520997422539015,0.813504335282608,0.1840806130753407,0.0,0.4816532817512452,0.8159193869246593,41.495648936040524
msw_organic_fraction,gasification,52.24003906468286,67.55808166103621,16.868693280238826,24.247410400271697,12.385101032082044,6.132522522250393,813.857246393701,2.960526290941964,39.84554421723371,0.22298476130356895,7.23908286716932,0.41871738132813313,0.8131381346500971,0.7694848852738254,35.093916998346415,0.5875678997192276,0.523983155115737,0.4117114198468896,0.49405267440193773,0.31548240650065357,258.8930857173458,123.04951674277712,0.4440829014509824,0.8638037847468124,0.16845224627963012,0.0,0.42177709394184315,0.8315477537203699,40.99069565384916
agricultural_residues,hybrid_biorefinery,30.20976251614939,73.79876361312084,7.823758529398868,44.04794289219768,14.965136940935253,0.5,649.2961255625866,21.18321634711782,29.392590068691042,0.14502406613405308,7.265379266963799,0.32240300375942244,0.5860804908492674,0.6234391737891227,15.560510747725795,1.0413411233285035,0.8770186895420223,0.44177760807052935,0.9262026800620216,1.0831744434907067,-71.801935622742,87.67306334997029,0.98,0.9207313304221921,0.10091657616666579,0.7579271055136156,0.776861202041796,0.8990834238333342,80.06910672235442
industrial_organic_residues,hybrid_biorefinery,49.976502882943976,70.55309221607592,16.3060388847834,26.247569627138606,16.506310613413568,9.761745274814867,632.7415403757652,22.02776374330326,41.42855955805475,0.22767715767501706,6.922372187919848,0.6637826709500512,0.7690184859031212,0.7319796359506882,19.858628527722566,0.8751663135444816,0.8648576328959517,0.42069366281324444,0.5984488512966528,0.6680819921734564,40.519802756082264,117.75779542326035,0.8743826095764633,0.9323478314327096,0.11841133551265003,0.4661823305036824,0.5272001676294218,0.88158866448735,68.8787663336705
sewage_sludge,hybrid_biorefinery,82.08168145839063,54.09113481547793,22.321449913222793,12.343927239140477,6.676467986156105,10.379065659952758,646.6354072842631,31.72188196712849,45.53375926760215,0.06075731821798111,7.373408625350306,0.552408446967849,0.5954307790428539,0.5181921985788605,34.89089019175479,0.7560504462658363,0.706702146519491,0.5153798870853883,0.8610206617513757,0.4307171910386131,107.11089278227898,131.06560971373418,0.9267943815756026,0.8475973593087605,0.16725187228083704,0.29321846030576887,0.40493878353515717,0.832748127719163,56.29323195754787
food_waste,anaerobic_digestion,84.44085676479627,82.47904679722062,11.83514205931069,7.4062748995276095,9.921292324551116,2.455915727813359,38.10045345720237,17.685166038060586,17.07509538860063,0.2489489518977746,7.5595085057234295,0.32054275456276426,0.7829770493532913,0.7615946034752659,31.466066342094155,0.8128673149528061,0.5264589681031836,0.21049335842197123,0.47636002189474785,0.6641860136346137,65.04350998186607,63.49342971813495,0.7875420157440146,0.925420095705118,0.05290391502516378,0.4024843896574907,0.8119449771146943,0.9470960849748362,66.51319612041794
industrial_organic_residues,hybrid_biorefinery,46.790293087844425,75.67334566513496,6.084722824657718,35.88846444922906,15.351665359907459,10.152542182686176,583.2994370790816,25.871747962623843,46.20109287394291,0.23997658757218052,7.080473578761687,0.5410464817308162,0.3103197840758293,0.4798478896994427,51.29575848441929,0.8177507903214576,1.0,0.6022486444816713,0.5311791831164288,0.8149647965518786,15.051365038439862,144.7129901969313,0.8450107190387691,0.8039929347345094,0.23110030935246786,0.5323341167832731,0.4176449384154592,0.7688996906475322,63.92637948382607
industrial_organic_residues,hybrid_biorefinery,53.12611706776574,79.32519199186187,12.481390641434471,24.293428586954935,16.724675781594076,14.457916343776159,618.9733520604393,26.97463493862507,44.937060929878214,0.21542413143451242,7.164755495151788,0.044452726171039555,0.8380318364621697,0.7545960061077088,7.977339903634409,1.0440462445878076,0.3552075638996242,0.35701651635546994,0.700694656842859,0.6180085936850109,79.23990820095162,114.10081415236921,0.8175244678979647,0.9096608952229732,0.10910590260125264,0.3656106280494763,0.5354312898087592,0.8908940973987474,63.46250822201443
sewage_sludge,hybrid_biorefinery,87.61469240439423,56.04018205394463,17.306524094829115,11.575359934137094,4.028369129126904,10.412551499318022,570.3041089723278,16.884393000735336,54.81516795278644,0.21915644860287903,7.231339636844974,0.3637835584284283,0.9409750447289823,0.8617737689625549,25.73377706706472,0.9220741917063747,0.6308209700245503,0.273983360947219,0.3916795909314898,0.33712906711949253,156.44847609680204,128.01945775966018,0.7941347219119206,0.9384891095833168,0.06843883504057093,0.16506889325505963,0.40038177497860317,0.9315611649594291,55.18107394605919
msw_organic_fraction,hybrid_biorefinery,64.46097920886943,69.83825827257354,14.756748758798823,28.615592887122908,13.282733917116659,17.541180699022835,490.4614631946382,19.153552092885672,23.27239410045186,0.19012314009231573,7.942344094244378,0.35254641363820344,0.8857710344452313,0.7659447941293485,31.610118833842858,0.9847049661518922,0.5729413615571646,0.4406309916814627,0.6259759856154957,0.45878013429412556,149.96484730959116,125.73424521509645,0.8019094446017704,0.8866088650554754,0.14033391834377293,0.18190948750755542,0.4391724442020947,0.859666081656227,50.60820747024664
food_waste,anaerobic_digestion,87.18879502546945,71.1392473219893,8.508441869756993,26.848430235187713,10.381911671975502,6.400244013285197,35.050656522463406,28.62944110206126,17.638193842172427,0.19326760876835558,6.945275266418278,0.6573258827427539,0.6717130124427829,0.7009424928972289,7.722029719747387,0.9941958451281265,0.5312456702804477,0.29695071405494006,0.40816997289168466,0.3894326690538434,130.30478469370559,62.70786457663873,0.7698268557493452,0.9087547285152896,0.09378189654369316,0.23297458521115433,0.7556337946832207,0.9062181034563068,62.34278131151531
agricultural_residues,pyrolysis,28.890634177141727,66.41746548425486,7.975059705661882,48.535882126444655,16.275674772476307,5.950691696051459,724.581839492913,2.0955443416032695,51.391287405526235,0.06894706876123977,6.414647781521727,0.1774172231507032,0.7551482775632856,0.6869566494424715,26.844004011300143,0.8866001342825058,0.4991788139306036,0.22593785644732983,0.924110697494006,0.4382218810928567,108.73920825604539,80.54408700051846,0.6835662103531974,0.8099437169642743,0.081856903231505,0.28898906946481717,0.6724925664692787,0.918143096768495,56.54509073734729
msw_organic_fraction,hybrid_biorefinery,57.85250611637298,62.398605549694985,13.369385194605517,26.94493107265065,14.150779737725733,9.994519554320586,460.97072675663253,12.941638802285652,37.01177887697614,0.16911475715181332,6.969398052726882,0.25518842351821724,0.9276556243720877,0.8558933723293647,40.028714259249085,0.6684155913675591,0.7036912477826563,0.7285160873064823,0.5166708650737394,0.4103265506031562,95.95062343948682,127.3333660508352,0.819621153269648,0.9677546867395729,0.1817471283019928,0.3222061728844498,0.4200962303388249,0.8182528716980072,57.07841152478448
agricultural_residues,pyrolysis,39.50813492705646,72.76758317222344,11.439081318393589,33.414430025802794,16.76402113505711,0.5,654.1919543434275,1.4582944272922793,64.23485871410759,0.01,6.39353109908055,0.9170869274693282,0.4039374213329492,0.5017734832082226,50.06225074162447,0.8969792949671757,0.5290642930756597,0.4237406258254507,0.8714480489520795,0.5165832479967343,155.07747260949424,101.2018984131964,0.7677289664355662,0.8147889955016693,0.15674023997410821,0.16862994127404093,0.5810067439635109,0.8432597600258918,55.443715270268186
msw_organic_fraction,incineration_energy_recovery,50.231367473946854,64.46747436350333,16.80013688520548,21.923113964542114,15.066741345997773,10.797745252523818,432.2244144263108,2.8797174274758133,50.76328017894847,0.5739372806442733,6.916977905498981,0.7278859895695715,0.25382223901779394,0.5470731449588849,11.493519670595225,0.8190398620006005,0.7498173436094743,0.23436000383775588,0.5461625693661819,0.3449251276074415,284.5847833755589,94.66826173324398,0.29918730473944444,0.7667154270794891,0.21551787630306193,0.0,0.5776295189513003,0.784482123696938,33.762868493631075
food_waste,anaerobic_digestion,68.80735551127253,80.15696056904287,7.386262819049369,16.679834454294177,10.242239056812783,8.931335283434489,40.922527653957125,24.925165701601756,23.560381185334357,0.13567621953668926,7.523920041933002,0.6133612204587342,0.8131690964189745,0.7342788670088407,12.501977270150704,1.1550888901109586,0.5404782697495194,0.43424367986980006,0.5068385628314355,0.7837257320745248,36.80358748122532,71.46419347754502,0.7732591913605162,0.8986266346662679,0.1342856332965681,0.4758348377111031,0.7962923269640532,0.8657143667034319,66.95954525126993
msw_organic_fraction,pyrolysis,56.72163901447615,73.37984744550971,23.51072887374206,41.473217000328454,16.127775168824165,19.074395596001423,687.3942672214083,5.141641168433367,48.53807233458421,0.08000435432272548,6.85238209730864,0.7911263864634319,0.6878084620132376,0.6807386025687285,24.47436087353705,1.1757622496820122,0.447506624476268,0.30455640444876486,0.18,0.2414045730907028,213.7667084850186,111.1071571460149,0.45476934174506467,0.7111523929358455,0.1693664086292548,0.016190367571380267,0.46833449478513933,0.8306335913707452,35.97558316626994
industrial_organic_residues,anaerobic_digestion,53.17578549566238,75.99972165372415,6.883810667541738,22.53899715644654,15.561898183211287,7.489706256152077,29.44729461595722,23.655912272583095,15.635178697180114,0.29057159182072667,6.915923079948499,0.299577790271491,0.7332153007575841,0.8124932903719372,10.843256027977706,0.8302466019289932,0.8686819247702032,0.24922005709732947,0.831474407605011,0.17050001687364674,101.78626767044094,75.20724627006675,0.8394068813299075,0.9206185529040264,0.07813538563085001,0.3070486554014521,0.6416823917644825,0.92186461436915,53.004354318707314
food_waste,hybrid_biorefinery,76.7884926644104,75.29538645499842,9.383180671729296,16.32670162197358,9.986990380300606,5.924914862583709,835.6585473618347,21.98743732328591,40.276340452369496,0.14342769104786074,7.664424349261375,0.8663578921442175,0.6778606998520099,0.7444173731818983,7.947831940284205,0.9201652015012797,0.7047522151030374,0.5057156824120953,0.5537792387412415,0.7091297148956636,25.92875061778097,112.10513089950805,0.9062790370187618,0.9312610581805948,0.1340622686685673,0.504081167226543,0.565981532542793,0.8659377313314327,70.19659229089653
msw_organic_fraction,incineration_energy_recovery,61.73249953234759,69.22875931681904,24.537659530066694,28.86610275346319,12.647263961966699,13.535469143459402,703.914117896398,7.067553467551908,62.940194966848466,0.4321121943711196,7.329843296965406,0.6267344196693908,0.6329853447202405,0.6539482290733647,40.67369818813288,1.0810969899728964,0.6752071846480276,0.6042468024597042,0.734924146732548,0.2375441628766545,333.1988785139664,112.87353198797055,0.31912150625247243,0.8152629503219754,0.47723758374166797,0.0,0.45818849484354535,0.522762416258332,34.43985203081866
sewage_sludge,hybrid_biorefinery,78.9269536772046,58.954974909356196,23.62252191149867,10.099287502133762,7.268231862094639,13.257859773618287,713.6636718566197,26.549093116306313,64.21034755502107,0.1597412694101282,6.783579781556755,0.5763293659220091,0.7644682016794453,0.8541960184141223,39.65332632203683,1.2271983745957398,0.4866463495467307,0.3655019256211276,0.2252066454589015,0.296505259183258,187.9162201359299,129.41973151742917,0.7496029922231582,0.8829618148606528,0.11441764981145831,0.08333449315342882,0.3840746753496369,0.8855823501885417,43.912275130438395
msw_organic_fraction,hybrid_biorefinery,55.59915654292193,68.10591573302665,14.199659972762548,24.51184578869636,11.431861532602332,12.962157182177387,676.3933135753672,26.977681490836087,31.25692641994337,0.16656786934593082,6.702535373839635,0.44843473578152815,0.8865764804637111,0.7408354866788456,29.42176160076907,0.9330600409650266,0.8313519921488683,0.3045588396943738,0.6135590779216155,0.451759272495827,92.66535014055601,124.05177239618392,0.8385294480676844,0.9284264974231886,0.08584731991571336,0.3307393502842701,0.4464829747060086,0.9141526800842866,59.665749316015024
industrial_organic_residues,hybrid_biorefinery,48.602335321944025,65.3931527714137,8.90378724549663,30.414428083630465,12.737350931385782,5.979647922059776,581.8854065130366,33.02633940693879,38.54566551996416,0.14641323802490527,6.789232275269395,0.6008067274823923,0.8129802222645099,0.7615038241296705,19.42827101002129,0.8806727012059783,0.7227899734682889,0.4844704395441981,0.7862315486044009,0.672979537113235,5.957362446322726,110.65614470901349,0.9427648898952732,0.962469002631031,0.11637307655578513,0.5559549027368241,0.5656547365385249,0.8836269234442149,67.72887077290855
msw_organic_fraction,pyrolysis,60.30658536538327,63.9266195781411,16.049115093291345,13.792722785335013,12.409564975866047,9.715630368937877,678.436534985535,7.098535844021859,48.89559194991704,0.1684126816388612,6.601090017965219,0.3043449315270545,0.8833539218088756,0.858305174674337,41.66874444143704,1.0722554833155633,0.8391156036137499,0.5548087038076661,0.6781950139433094,0.17816887348997276,208.2659859654152,101.51538797358867,0.6058869354254266,0.8500069607154318,0.20576033534572277,0.03047795853138906,0.5049056365173272,0.7942396646542772,42.124003076082424
mixed_biomass_stream,incineration_energy_recovery,51.50106639764299,53.31858920068126,11.842081258563537,35.73415056353434,14.93080633934031,9.453464789473694,767.5647700996176,1.0,38.767977238828855,0.5050150693473213,6.678128933432553,0.8189558833064425,0.8779203811797641,0.7851152995311637,8.546239299311797,0.9809440821579032,0.7064446575066587,0.13278318010636672,0.5190572613718007,0.27735485578205477,302.45307048276794,98.15916588838145,0.3091065324811498,0.8843668492125649,0.07737008392673193,0.0,0.5443908793858339,0.922629916073268,37.58368584296296
msw_organic_fraction,pyrolysis,54.97033718273916,62.61095008510546,19.4300795096271,14.57303552962614,11.853579005151142,14.0097842286296,713.5692570914006,1.0,51.71642340364403,0.17288068697738432,6.782840719937071,0.11549206812738526,0.723686857733051,0.8113176961137127,48.522872114555284,0.9714156937696518,0.740000512444617,0.42323109253019764,0.733219478732729,0.17685966799474864,234.1688553247499,117.98565783752666,0.5744757455329659,0.786889158804825,0.20140521996123864,0.0,0.4179319804455465,0.7985947800387614,39.38360700681879
mixed_biomass_stream,hybrid_biorefinery,34.80556992806272,57.56369339395099,14.51556486077181,31.46414779311272,18.063439091204785,10.449244656246558,869.5542375811907,26.575697019949633,58.02848091966042,0.1548768409865329,6.773921750834749,0.46345419922975983,0.9511817236644744,0.8608696353492067,35.58069994031887,0.8976600303818342,0.44529051433298916,0.18417594789140376,0.7776496169161272,0.6505314205436912,78.6599116677135,131.23766241429047,0.8983440275736867,0.9571304089419744,0.045648161312861486,0.36711711255139345,0.4523923734970306,0.9543518386871385,60.05090718965804
msw_organic_fraction,hybrid_biorefinery,61.76669491036697,73.40252368277096,16.263782730481378,29.697861659515084,15.405317393687525,12.62499510054828,647.0889975347704,21.771560361289538,51.45070658645969,0.24122858350228066,7.3116317171137135,0.7908982622458569,0.42991199633511,0.46935076185087843,24.60769432984683,0.7783765656228258,0.8241582631483474,0.1853211748147051,0.5227400100283738,0.5477535164188665,90.86330776542536,127.1670448650609,0.845581897782924,0.8176698882640403,0.0713598823478399,0.335419979830064,0.45120553748025116,0.9286401176521601,61.92179160480572
mixed_biomass_stream,incineration_energy_recovery,38.16824312956083,60.81829389433231,12.754440550737723,38.35904978715545,15.509802878313321,5.325534750048815,554.828194925804,8.825255423070022,42.99291186884488,0.5345501762435168,7.171065649226229,0.405640549404995,0.5367115764377246,0.7087688411109765,42.24541506466561,0.908953010771441,0.8098273985023315,0.4551716919589456,0.8490491981918468,0.46955305314088613,271.5295598931597,88.36317290524133,0.3874348002500196,0.8478365222839642,0.2959240493789207,0.0,0.6382323406107774,0.7040759506210793,37.35808191254684
agricultural_residues,hybrid_biorefinery,34.80107923453526,74.39631320287604,8.747835557707587,42.88649905374336,18.920722244507868,0.5,755.2649967414338,24.37171162613825,37.73464403153028,0.18989664005579174,7.101232930187091,0.535250555546437,0.8032175273338723,0.7819613162640997,8.261825774826285,1.0149476853246269,0.6709429707309121,0.3405294385837291,0.8842116504122983,1.064670084689712,-74.23891719393725,95.80015705561146,0.98,0.9758143015281121,0.06656382717537492,0.7642569277764604,0.7300160657074657,0.9334361728246251,85.59721466541326
sewage_sludge,incineration_energy_recovery,80.9648833830912,58.21971374954777,29.833704280130327,14.865376839254793,5.552063441102604,7.71846423380241,670.8122624288881,1.403045648282394,50.64309367121452,0.39100360381196597,6.9936023674648,0.19225914843388955,0.7375591751155379,0.8037268766995933,20.403931796899368,0.926745524326665,0.7096911054939173,0.21079080279279316,0.812687968223663,0.05,329.75392567328305,94.30403642543358,0.34452347429401003,0.879335152683159,0.12959535451727922,0.0,0.5146629661819285,0.8704046454827208,38.884034456237075
sewage_sludge,hybrid_biorefinery,74.72367003114445,54.53920908295417,24.01446173016454,6.0,7.265228760838543,11.505493926298115,696.0253275161101,22.62191822609954,36.982778885084926,0.23815893104695457,6.738077960783188,0.3275198781484841,0.8338366844817374,0.8540576913762419,34.88042449668807,0.9825564397363199,0.49745012630365715,0.39067825402999146,0.3924877275990043,0.3020173342358539,144.75450992039464,119.55738568250757,0.7837850646675429,0.8978162641580798,0.11022308303509161,0.19544283137559834,0.4371944152029007,0.8897769169649083,53.165069672149336
sewage_sludge,hybrid_biorefinery,85.56946222002793,57.88138128782341,22.755090043415493,12.058054936053498,6.816198730972956,5.635710400163293,571.1039696810655,19.492548192451807,25.809158678609954,0.1900001949143887,7.135799319506854,0.381631464122687,0.4804672366951961,0.7048749863628079,35.223149563867594,1.000815922119694,0.9373331649169822,0.6723905364236662,0.8071541248038699,0.3848942140722855,103.45312607964135,113.48344495819012,0.9328690755296394,0.8869704605099678,0.201079808079685,0.3027191530398926,0.4873954378422706,0.798920191920315,52.69675541639269
msw_organic_fraction,incineration_energy_recovery,52.92903225365271,66.02953048752674,12.511284241668891,27.641365067459734,10.470097590096056,18.285888533792082,633.777234418247,1.0,36.38700629328149,0.4887036436839894,6.570463653846795,0.5167876286254725,0.8398815621159552,0.7186536586907619,32.31829299186121,1.1331769010417057,0.4902549099636957,0.35509018685337995,0.7242576503266026,0.11957583365208585,347.71297429539896,111.96993056688767,0.27440620313514386,0.8205424314555506,0.272377200598775,0.0,0.43699125936720795,0.727622799401225,31.013590342730176
msw_organic_fraction,hybrid_biorefinery,51.66932973602194,68.86381196115909,18.186652308712393,31.58663315454047,14.84974276803422,11.745139797876261,630.9819278260187,31.91515496295471,41.513178367416494,0.23239035891864906,7.01651455273359,0.09054309652057203,0.9196156079151699,0.8140742307363038,17.985847974909426,1.1006719175722772,0.6942866298831403,0.14679083508446686,0.8228858971075588,0.6598758356103576,59.55501201423775,97.40129891650945,0.8707489434134016,0.9362589613780594,0.03886042509671105,0.4167402285344474,0.632534268484229,0.9611395749032889,67.1505360370099
msw_organic_fraction,hybrid_biorefinery,55.63627617657246,66.64616260064773,14.306363034144852,21.84276524124874,13.569593908544839,16.01545711004872,742.9740197806849,28.37702034466249,45.759801674583485,0.28465546166480826,6.5405861514245425,0.6643538952803526,0.8312852565488714,0.6860720265668371,9.113180901782883,0.9457929610292424,0.46022822991324164,0.22544647074774035,0.38077433921207904,0.36190779163051406,130.98627437899347,127.01330898316304,0.7762336966551069,0.8824568201929037,0.0721877162850467,0.23120448213248448,0.41112861424732866,0.9278122837149533,51.47609497319368
agricultural_residues,hybrid_biorefinery,40.219994265681734,67.19088758366435,7.789150190115114,42.81316705223567,15.803847045677422,4.543020150619048,537.5686331837471,18.83738129904712,49.505904581182705,0.3025163577961554,7.919225646082564,0.19264786230780026,0.5293478516520919,0.5486655337533652,31.585042882503053,0.9281153702583023,0.6848103804525073,0.18121790815553304,0.5431433010187517,0.9082305508698207,-8.151274228771117,107.94953077890295,0.8593965131849787,0.8741717861416634,0.05050789404312725,0.5926007122825224,0.6316552960392398,0.9494921059568727,75.08680858958881
msw_organic_fraction,incineration_energy_recovery,49.45197116231893,74.32485800589204,14.512165236170901,29.767006215403917,13.815608639139912,12.814086854616408,619.7795525273973,8.28288326016487,40.8321135117652,0.509893746970843,7.434669639054497,0.721908720906296,0.6040075509256316,0.7703694236036378,21.96612486704884,1.1493765000018628,0.7068761333855427,0.32184155729867264,0.7140269803816471,0.33577916853152195,297.73703892899795,106.26259176905303,0.3265608347856006,0.8269516343690602,0.2540549143851988,0.0,0.5145946182924451,0.7459450856148012,37.82369468675509
msw_organic_fraction,incineration_energy_recovery,54.08191608481485,63.47503952178181,18.539839909764233,29.607596972253795,13.097539731822863,10.299574358678786,832.1838035484507,1.0,33.70401893240498,0.4571010533349011,6.469757213131486,0.6475395548972088,0.39279357461458103,0.5747740775396057,27.315718751567303,1.094880042402826,0.6185974111141348,0.11452383550210134,0.5567122091881866,0.2631779636708489,328.4489543653847,104.57108115866014,0.2988841961780718,0.7921565331676249,0.09589293467741637,0.0,0.5075250406462176,0.9041070653225837,39.46498584008089
agricultural_residues,gasification,34.574570803818695,58.73385733580491,10.234263635590267,37.22758671202919,17.52111550525128,0.6269695220590887,719.6533023534887,8.905140490697974,59.442840552241904,0.3833483093066987,6.213391570575188,0.13366414353512923,0.7601495856434182,0.7423384575241111,29.675074964105942,1.1285648002513502,0.5940891021433816,0.7517484619263414,0.5249328185719462,0.7064339235659748,147.84424824915376,91.13338768599188,0.46753754947138326,0.8676964410740533,0.25873913562362644,0.18741753701518502,0.6757660543108731,0.7412608643763736,47.80302287758186
sewage_sludge,pyrolysis,82.48968233566032,57.64051781854829,25.87247472550321,13.806657937456379,7.2011719471333215,10.840316952502228,614.7478976776766,6.060016097975263,37.54664166955413,0.15772076953349123,6.236601110010165,0.4348665368185833,0.6760141979884206,0.7621480999355494,40.59018805328826,0.8769339579001486,0.7620869564417726,0.5155946104443568,0.30417937639704806,0.07203006115493184,275.3045491467526,110.07260082872878,0.5149519483772331,0.7972926718946808,0.23187132863901558,0.0,0.4365171354081441,0.7681286713609844,36.55280705633781
msw_organic_fraction,pyrolysis,53.59939317226715,62.50426282146558,15.975032378555477,20.689081337106423,13.474067878745565,11.867062693733745,567.5983624346031,4.7465100832567755,44.60343968449963,0.14494869999016716,6.330866024311393,0.390313153143633,0.6916883655375657,0.5640240135316865,8.629269639329358,1.177433968219233,0.9625633413126331,0.02518233567978637,0.7048690214207595,0.3098057515662414,177.70088017448313,99.1512215692024,0.6043728687505443,0.786998981767392,0.011544348577792237,0.10986784370264122,0.5463087307698236,0.9884556514222078,50.39934313064987
sewage_sludge,anaerobic_digestion,84.9333655920669,49.21955876436659,17.350563546074913,6.0,5.020642803315911,12.131907967670685,40.435444566687615,19.93313408315771,6.36957186923951,0.16195775179504796,7.4300177346832825,0.24044285983335137,0.9401092335902974,0.9201145925555646,75.08052735570377,1.1532091818102987,0.7437575850781152,0.13645718740483445,0.30349814956375754,0.2812172037777576,224.32460150087138,109.44987881277,0.6701866104039127,0.8870748188141943,0.04187582332022902,0.0,0.48581579107968564,0.958124176679771,46.84144958320013
mixed_biomass_stream,pyrolysis,46.592697560299186,61.34318758851669,16.251711952026263,37.500989285590464,14.851198854121598,7.0167674045417145,455.83471804256794,1.0,42.88831010316626,0.07247339833912704,6.419870906619661,0.18612425808071564,0.8016274436795574,0.6737797951395237,33.47348219029427,0.8852598246751693,0.49851761135251094,0.20041231786272481,0.3950399066511905,0.2484143805478876,196.0577203773909,93.87196290211216,0.5445325454774628,0.8349895560037669,0.07270860007995736,0.062187739279504176,0.5605882010778397,0.9272913999200426,42.69516120664366
food_waste,anaerobic_digestion,74.33951757465717,68.60752718290063,3.136325414807602,23.050498016510794,8.509110864101133,10.404592249075117,47.8591896254183,20.46760689140472,36.06863594699152,0.24563021705713034,6.924140168969924,0.48451873051112754,0.7566053295257776,0.765402139483795,16.15251639465151,0.9211168605210653,1.0,0.24814090895231214,0.6545529896173442,0.4590256085032147,72.52775205672398,81.00650794143912,0.7895676001017005,0.8971405951160181,0.08388809218819528,0.383044799852665,0.6746355920736592,0.9161119078118047,63.54933028194837
food_waste,hybrid_biorefinery,74.14560710906058,85.09520676577797,10.556518969413505,20.787444104041565,9.78674442336938,8.220866733345426,719.969896693765,30.214458462573106,47.13049438256448,0.17670729385209402,7.358295557014584,0.6407848247488193,0.8016099549796541,0.5585900452393995,39.31871829456017,1.1622418572429738,0.8352703794215973,0.20695231423854332,0.8270233000905132,0.7111790206002284,-23.753281685421598,125.24514801495103,0.9404725438691157,0.9234041741664191,0.05410051243944753,0.633125406975121,0.4972743949796764,0.9458994875605524,71.86287350356308
agricultural_residues,pyrolysis,33.20921528069572,66.00027720771698,15.050040995950535,42.31742928733712,16.53472494107474,0.5,625.508472625254,9.567103267687274,35.1157354902824,0.12171156387976909,6.833094918505009,0.8090188929600846,0.9320113122273671,0.829548303452893,8.910835324838274,0.9845894466196695,0.9109253721572355,0.5231071554949446,0.7784922671008029,0.5602771454501614,103.61994732236698,75.2577925947203,0.7358445782120074,0.9130785501178541,0.1329255315183886,0.30228585111073514,0.7271673267636655,0.8670744684816114,60.47371360198611
sewage_sludge,incineration_energy_recovery,88.0,53.865467315631825,23.091701774724072,12.233420133733278,5.046499474910425,8.325661093521582,772.1664345054868,11.363454927403529,31.226220387366688,0.443697913382789,6.821747103014532,0.5171601776307493,0.7023427555894741,0.753092354147125,31.959072161456543,0.9116854123581011,0.765632389943647,0.6841767965346729,0.28654693419029015,0.05,349.01811940619666,106.50175634311985,0.23472992010338142,0.8566932614366602,0.440253340229111,0.0,0.45046444029936916,0.559746659770889,26.923924095329557
agricultural_residues,hybrid_biorefinery,26.431670112732498,68.13730520585025,7.281420862301007,46.45047730907416,18.765454338123803,2.9357927007063083,584.6395807550715,33.53658949891008,29.375232166159968,0.07187708321974103,7.1212979067801925,0.3046004512189961,0.46869689664875863,0.7002929499609357,46.295876478699476,0.9809923530705273,0.7337400878562215,0.3059660117213331,0.43049924050810134,1.112237054447073,-30.514599128575455,126.79369406969714,0.8514422973196009,0.8849111930811685,0.0833239902825743,0.6506872704638323,0.5773569200325817,0.9166760097174257,76.23586903472895
msw_organic_fraction,incineration_energy_recovery,50.378351899271784,66.78249115759499,14.212074853177903,21.228079612054643,14.660606759018284,9.014914616713288,751.5958761162035,4.506833623544525,25.220679013559135,0.645513309615255,6.908588804542223,0.3087898393600216,0.8385136661473979,0.7625250410605671,46.39808701442708,1.021919989203924,0.3034353429508992,0.3218892495241089,0.2603752707393732,0.3004325995821632,382.1452317365836,104.74990612489138,0.20669260251665197,0.8964908231966764,0.19099384275086645,0.0,0.5147798765139108,0.8090061572491336,38.08253576048906
msw_organic_fraction,gasification,57.20303818150822,65.07007486752863,12.31688455939782,28.633708771648713,12.097246600104508,13.826203078183244,757.5165455270198,2.0224545497368545,33.4341728127888,0.378055452216854,7.105519233004719,0.45468828734929273,0.4713010992842614,0.605947481765558,10.5747516954195,0.9289342735303463,0.45164166305906217,0.6743446286829383,0.18,0.3360632339724187,249.1856919909962,109.55035467687898,0.3145916414406607,0.7223685023251055,0.4436935239654999,0.0,0.49735309738509537,0.5563064760345001,36.62144454388791
industrial_organic_residues,hybrid_biorefinery,43.10197291164351,73.22202775091954,10.1409992879983,32.290792474255625,16.089900898338772,14.087852673360617,401.6524287709459,16.914781499850285,40.7358560680156,0.28447461248099437,7.1116479799008285,0.3393690105929307,0.8545619467426171,0.8127473659323377,54.0169851310984,0.9448649786016469,0.46056795845808507,0.6207446942170819,0.5804974463815629,0.6903099721743061,45.037292234171076,144.38048878729143,0.8136589137293009,0.905202319158852,0.18532512568925982,0.45444859159955564,0.3919708844715504,0.8146748743107401,63.167386642734165
food_waste,anaerobic_digestion,74.85286675802745,70.08069596400813,6.239250095418312,18.685877878606735,7.459109960989549,9.401517950327264,43.24460640271318,32.13422160425499,28.657081869306808,0.1553665474638885,6.845734688072438,0.7265077840976903,0.9506573487627581,0.9120947032277087,10.088707189505078,1.0939846400304125,0.6677171404044802,0.5064963048702643,0.41209096793779165,0.5714255913452686,74.22023123134524,73.87820455360556,0.7553327390599724,0.9414381442509879,0.1418662533446522,0.37864875004845394,0.7368809745506668,0.8581337466553478,64.44326454806314
msw_organic_fraction,incineration_energy_recovery,53.356515285042526,67.26473369489517,13.992712344465186,20.122404918502976,14.785585170281852,12.325671455774803,482.7762580401211,8.278206891941053,40.12078521307866,0.4517890662306975,5.922439746093426,0.786231349074267,0.6748621614336318,0.7294158166578184,24.95773756082308,0.8877188904739431,0.45364784744211806,0.20982425847578676,0.6889394323236527,0.30848559291685634,312.3386461795648,98.87497724730129,0.3288536658164309,0.8374143263118,0.15555648794022017,0.0,0.547472213350649,0.8444435120597799,39.530090867618654
msw_organic_fraction,pyrolysis,60.43426641109915,64.7530537545776,17.895832810283736,19.06825914591147,13.550978263213045,13.653196053588898,729.2274709600202,1.0,55.987027399003296,0.01,6.649213646084583,0.43760170459683856,0.4724540867609992,0.5557261434259158,8.555957187506452,0.9600216306886084,0.9042485529231059,0.8886829535357355,0.5401225789898574,0.3292302461965062,195.52536246331942,89.56772049619323,0.5544664087400891,0.732667609094678,0.49572286864788057,0.06357048710826123,0.6010215989201091,0.5042771313521195,44.924128804834375
agricultural_residues,pyrolysis,26.284474771366284,67.07258394585621,12.868113967051883,41.813112356174265,17.958249702118547,3.1764444486267127,384.0825683078995,1.0,40.37626481484694,0.02099498390565837,6.718874379498859,0.84011386807888,0.791354371865747,0.7769150332077325,20.6593037833204,0.8863486998405607,0.4738866874953757,0.6223519860578619,0.5358574981082346,0.5933790408070382,101.04377601276029,101.3564572702629,0.6589383728329821,0.8646330166719207,0.19797498256034707,0.3089772051616616,0.5970883507130069,0.8020250174396529,58.05321087694612
msw_organic_fraction,pyrolysis,44.72488709951796,59.81007506911522,17.3970917983036,14.415462828941843,11.028212564667324,11.188614778817216,706.5275897959184,6.688918534505591,63.98879463229753,0.08575847215226493,6.669571501288817,0.51827513207603,0.6547531868870418,0.6334948750072547,21.200942755718597,1.0312102616484768,0.7869876954025751,0.4584050600265706,0.575137157547385,0.21861473524173192,193.63593546003963,96.00450526617936,0.5869259965012082,0.7784746849945415,0.21143599463510904,0.06847808971418277,0.5428083719311844,0.788564005364891,38.807242732920564
agricultural_residues,pyrolysis,31.361599714925354,82.31518133207695,7.6248402092494025,44.44718178136134,20.30824237708612,6.197031363496736,725.332689104081,9.35126986921055,45.6647321718924,0.1964017221374385,7.249105687223992,0.5716214343160728,0.7767749857257112,0.854847837252781,70.91800111409232,1.0329838312397235,0.6621363660691452,0.5113238286298253,0.6671378770482926,0.5345931722231266,150.23140019655588,138.0877997512271,0.6491349644628819,0.8401230544525424,0.18383045808425708,0.1812171423466081,0.39083260446157686,0.8161695419157429,54.52031512333044
msw_organic_fraction,hybrid_biorefinery,56.68297687581724,68.08933086675616,22.557614503910408,18.049307662817277,14.11065514774406,13.084426344265655,661.8639157720343,23.0731665283269,47.78003967036514,0.20209005384946394,7.541515352502112,0.6671362883240192,0.6115028554698245,0.7430974946378335,27.83134886919725,1.0744027802349467,0.6530161142971999,0.25661685060018197,0.5098080334259227,0.6240644912408864,84.38289556685753,117.4222356776749,0.8292319270125427,0.8675290396882517,0.08916132628391725,0.3522522193068635,0.5192824213483902,0.9108386737160827,62.8558958197611
msw_organic_fraction,pyrolysis,54.15776073597428,59.14870838354446,19.269028742597147,23.6276507220883,12.431079732239077,15.82497743150797,515.7629454572236,1.70196372264789,55.397364132837254,0.01,7.4213715059076675,0.28499367600385206,0.5574893281432906,0.63950562942453,22.839821975682778,1.0431176874201589,0.9374701498497762,0.3874234853886458,0.26149391643969705,0.2134001955445218,245.25691956586022,91.33988364562879,0.45739813116967665,0.7495132190927818,0.21705694501884054,0.0,0.566211813305959,0.7829430549811595,41.14706845601532
sewage_sludge,hybrid_biorefinery,83.90258158323623,60.74349539768185,20.1925388987663,8.825209295638174,6.820783627469763,12.106644592701178,551.5739894300431,18.189691512151704,47.8384569384842,0.2302271347953106,6.903921798420973,0.38308815255796275,0.727195451887338,0.8220073480661648,21.525249335573502,1.0247419750141233,0.7600614560319224,0.7237427535515435,0.8756698384514663,0.23883143544170415,117.17676048924038,119.01703116326644,0.9048179996685953,0.8794819470867382,0.22542954829491904,0.2670733493785964,0.4261374886220884,0.774570451705081,50.620749377871284
food_waste,anaerobic_digestion,68.54312357617538,74.10272729089036,6.564121165132118,21.22621263786715,10.237680745422209,7.584145674972365,47.433516952188015,26.386625069608847,13.395044295599694,0.23182360906064256,7.313306085950756,0.6341014342503263,0.6914727531522218,0.6436641725983404,34.10387678400459,0.8097645871764807,0.882269035131515,0.3505521035791559,0.48731060359748707,0.7198113022728918,111.88476041700606,82.8805468590099,0.7794667459145914,0.8913310656850618,0.1136407607326871,0.28081880411167254,0.7221450819789315,0.8863592392673129,63.86220943487059
agricultural_residues,hybrid_biorefinery,35.283654285470455,71.18725668548717,9.825725953224348,33.98784135696219,18.718167381763603,4.258459756390466,746.9922481930489,21.629439023826887,24.787502486285305,0.21736321281536866,7.146800032224281,0.6613560500754043,0.6910216794357139,0.6282079000709472,57.40325568079378,0.8634917620129937,1.0,0.13156839620518207,0.822220562343421,1.0105985339805357,-3.5937846786167977,130.38565821297163,0.9686544062971543,0.9331290562739892,0.032527428869588204,0.5807630770873163,0.5360913710916566,0.9674725711304117,77.00759113954639
agricultural_residues,hybrid_biorefinery,33.92634574822687,61.253491130117354,8.011962777984033,39.633514667211415,18.404425230922076,4.217396261464287,711.5441422676543,22.863087255447834,35.54280424796922,0.2841681855598535,6.905772290936319,0.4278541022409553,0.6869290410674532,0.7587941065701391,31.210505842707637,0.8368372134997981,0.7133293291521228,0.24270408781454564,0.6978679681975655,0.9638545502793356,-30.072057357983763,114.43810614014888,0.9191735463984178,0.9330530415337651,0.06008638761647213,0.6495378113194383,0.6097421792711966,0.9399136123835279,72.91500184698931
agricultural_residues,hybrid_biorefinery,39.01762990781587,64.2841896442508,9.854983546537792,42.657612535910175,19.442468655247996,0.5,683.4934194170536,26.874188773962114,51.82164196415383,0.22237807231466925,7.4165250777608795,0.35424181895859574,0.8014042004826649,0.8417404669179167,25.879316343506172,0.7522343124411418,0.7015336698390559,0.3254673481667172,0.7176456425626666,1.0919791377732755,-16.961378129231143,109.03990746106253,0.9442507561573544,0.98,0.06370920569710849,0.615484099036964,0.6663411605150547,0.9362907943028915,79.66568137089722
food_waste,incineration_energy_recovery,77.21614874969775,86.74498757065295,7.078903246506863,11.852950395622646,10.843992390610099,5.087604228299977,688.8981490602486,4.929131016252403,37.462594068883334,0.44602509441450355,6.89910269482774,0.24880017583544195,0.7075044360885882,0.8033291243385117,21.022116690984266,1.1155837146976058,0.5038201836165043,0.38750900597848065,0.6952287834113984,0.10047690450103289,330.6796000158809,77.25328828609574,0.3380979803215851,0.8879984556140672,0.22233114624897732,0.0,0.6155086648528812,0.7776688537510227,38.28156559053153
food_waste,hybrid_biorefinery,79.4443238494145,75.35429405997085,8.052507013391033,16.62050368531785,11.011736861722195,6.193721551975219,635.2888023293674,17.3044626796536,32.17746483706032,0.23271211119472632,6.702790151020962,0.35209286611546425,0.458014113882261,0.4297703192592395,32.19549970574811,0.6553380919179376,0.8837744019174374,0.48914627347923906,0.786691010673654,0.42636054869134093,81.67358342809719,124.11231092517043,0.9214841310938241,0.860058480137171,0.15126129611181283,0.3592893936932541,0.44057663163225064,0.8487387038881872,55.77316646129818
agricultural_residues,pyrolysis,37.924364543068,72.06488267249004,10.77090639140694,48.76263355723832,17.767776987889768,5.033904037117223,766.3844821703797,12.984100337553233,45.52410498501808,0.06161728453375078,7.288276376975928,0.8053282287650482,0.5692432071908191,0.5709471064066097,70.8464684980605,1.0018038917356933,0.8831280265739212,0.10278497197920587,0.7020301555370401,0.5610359864421219,138.60157697998176,118.13165041580271,0.6846964689256433,0.7742052786652245,0.04105456911387668,0.21142447537667075,0.501682388513042,0.9589454308861233,50.74839370060033
sewage_sludge,hybrid_biorefinery,84.45975326718951,49.697340749298625,25.442031793196858,14.88728267130972,6.286745105498289,7.529513770222253,575.3517210608635,23.96080916964362,64.40697366381598,0.25964996309315597,7.060326351729823,0.42372423767975925,0.8703537042023286,0.8720663809476157,34.06491793139844,0.9076352024703738,0.6433770900122774,0.392925400953879,0.45748191131716454,0.35201014173582473,114.68050677370412,107.33705314810203,0.8355618204521161,0.9596659910931066,0.09505168772947033,0.27355712526310616,0.5125103725076602,0.9049483122705296,57.39273145765243
agricultural_residues,pyrolysis,41.57128154339429,69.98937171632684,11.14143039099941,54.073846999276924,18.923101831364413,8.307830311620616,514.3052982666001,1.0,52.4049028213922,0.10901494526670522,7.237381712480956,0.08771891186794196,0.8285789798383463,0.7559984554801247,68.7059472770234,0.6210878991817055,0.7393938032356213,0.08386571166183496,0.5669686308822458,0.566967856226729,158.91550178483516,121.91816908285419,0.5706048584886524,0.7965852068857918,0.031093046074050203,0.15866103432510348,0.4830583542495952,0.9689069539259498,54.75280178785529
msw_organic_fraction,gasification,60.59220022789317,71.37775010005079,18.776691917087845,31.78396484664883,16.774580409586044,14.512122853171856,523.4272204336994,4.255303827522274,61.442582322253806,0.2525854146336391,7.326996958184536,0.487601201071106,0.8248968697107739,0.6942690234141747,35.31424151900105,0.6623995411274826,0.6623357401015624,0.10555713508577273,0.6002683580174932,0.3248132241297852,259.41495832943406,115.39238088024167,0.4174903256178588,0.7752961967872861,0.0553147249816277,0.0,0.4641305888862281,0.9446852750183723,40.86733551559089
sewage_sludge,incineration_energy_recovery,72.98260363045543,56.80251275623237,16.73615001460691,7.041831076385925,6.506068632270452,11.605174310934038,588.6457681016184,1.0,49.372140983923124,0.5348118487886302,7.076696196227268,0.08520256493571939,0.8775601800512394,0.7691203302712422,44.56994363272156,0.859292725374543,0.5423140569546632,0.5628052098904031,0.4386730850069116,0.08354481137388095,393.4511923602756,112.957492898574,0.21524825627004718,0.8472760483415275,0.3501219788491146,0.0,0.42386673798344326,0.6498780211508854,31.19047613426368
food_waste,anaerobic_digestion,72.31981306300793,76.7761036360919,9.265615285365094,21.287448960481555,8.101066986051293,3.454077189130584,47.97384754565155,27.977993797511118,15.394281550552654,0.2073477662515743,7.022098849910467,0.12892112462331742,0.5531494139266651,0.517430039177605,28.00124515311618,0.6211044559246629,0.48184624372280016,0.22776553492360913,0.8166495946719405,0.6352379535810571,70.14943454311761,68.36018435517128,0.8502975483139364,0.8885072154259622,0.06999593091220403,0.3892222479399543,0.7799619058132469,0.930004069087796,62.5246169844974
sewage_sludge,hybrid_biorefinery,79.1133860910001,54.266774084627556,19.571832701340217,20.485562402747746,5.047050811266351,6.800798028833314,662.3738221263914,21.74319768892385,35.83276820751753,0.053182152451201475,6.907971867187885,0.09664663919094409,0.770034055131084,0.7535171229263322,16.512995559247408,0.8497512742111456,0.6739597507326521,0.27763032058971426,0.7927468191630398,0.37907283100927597,106.67274828847098,108.99718058778772,0.8983128497242022,0.950399854119073,0.07091727037970487,0.2943564979520234,0.5097266513073685,0.9290827296202951,62.990972705069595
food_waste,hybrid_biorefinery,78.72132723039898,72.55181028444454,8.323718215970146,18.533503164998518,7.887484529632846,4.9882726671240425,614.1248058644591,13.062196836061597,39.50805737089292,0.1558461707792625,7.448492762693385,0.4119567726771793,0.6500771980803518,0.6254413244440571,30.93837005311008,0.7174550104374212,0.8790028417654895,0.6313109989635521,0.6101257025088486,0.3940958527277965,62.94635527720573,111.57435989154055,0.8905700587715182,0.9267384739572065,0.16502435901147536,0.4079315447345306,0.49946761448674387,0.8349756409885246,57.30085451456538
agricultural_residues,hybrid_biorefinery,33.11585018583311,70.13822814487311,12.080716062568392,47.20520174597321,17.318848980296192,3.262651937070636,616.240426008941,29.512627956250906,70.1983910816985,0.09642463678870371,6.439114705088487,0.2874640770383878,0.6525159618175705,0.6001003002929391,25.22368251664497,0.7817560701632741,0.5437702969360946,0.6297294467466759,0.3714619157790579,0.6487440119942787,50.44896587055223,107.01212030360081,0.8330240415483411,0.8987993670615366,0.15401609336820485,0.44039229644012406,0.5795019968303159,0.8459839066317951,62.697787668093234
industrial_organic_residues,anaerobic_digestion,46.60911459209821,67.32863919614977,10.14445587349135,28.75051106988939,14.924104013682275,7.205270626882865,36.371655216109126,18.551680947176976,3.0,0.06367021532736591,7.563429042735503,0.4743098074639408,0.7459055837443505,0.6968498102375513,9.962969543468844,0.8090664058207195,0.6770616085744546,0.48334275193888676,0.769982445381109,0.38664754948897423,91.76071105449354,68.09839520601322,0.8400035015542124,0.9089799298354403,0.14869722566971136,0.3330890621961207,0.7266498545401363,0.8513027743302887,59.34420500638362
sewage_sludge,pyrolysis,81.84792427633326,52.18944384677634,24.098436922461545,6.0,8.840327314094091,11.419955788184676,512.1234692967731,1.0,50.05498516853791,0.05632242274214652,6.990609842052577,0.37331328413648224,0.4828453425993873,0.6745911728787,25.16902814704438,0.7329147306149992,0.7512275917883491,0.6240830346262115,0.7647781322605365,0.05,240.62295629008747,102.49300698877316,0.6211199052787599,0.7326006375270816,0.3245231583826461,0.0,0.47156312111172016,0.6754768416173539,36.33471565982472
industrial_organic_residues,anaerobic_digestion,57.543296332754494,70.55739205637104,8.90030040854117,30.468905281485053,15.938951800453578,7.819197567927333,41.846848615497976,17.225058321547586,7.029267511765422,0.2706348876620075,6.913000363304441,0.24225159175291255,0.38748354282573866,0.5098770227732794,31.515168553118492,0.4899149272919707,0.7346219151541166,0.3201675050997503,0.710815632832294,0.3690760352447914,110.15787264105853,78.86420268571551,0.8023496525728151,0.8218579956100477,0.12732357858597204,0.2853042269063415,0.6661219767764041,0.8726764214140279,56.264194847979006
food_waste,hybrid_biorefinery,67.14055237934876,77.86459859172042,9.676940506943023,12.539423847069202,10.989306161566262,7.80377051902006,574.0892971841388,19.361839278610205,35.83021731694418,0.062493691346891825,7.851568590406283,0.5632628476174728,0.879136035912476,0.848205036103068,27.939800243690282,0.6802534089162526,0.4269837016537448,0.1848961142962996,0.3586686110972833,0.6538219944442617,62.57997408141706,116.60135705916595,0.8201017869505782,0.9503827151828463,0.04481152044555901,0.40888318420411157,0.5301494858347588,0.955188479554441,67.53978422818959
msw_organic_fraction,gasification,56.03540070893756,62.82343120577635,17.54166958307032,22.690834928072263,13.21902515737436,16.59244207978688,770.6179558183246,9.278691718097667,28.89683313807,0.18739160408092212,6.876212822964946,0.6837816641843338,0.8549015207468439,0.8705571436584274,14.236467328209198,0.6665683401738561,0.8375150392625618,0.1758915114822639,0.6073289947292104,0.20757176313682524,268.22937693771496,111.8551502989502,0.4203876872585412,0.7940330798038076,0.09504517677561654,0.0,0.4569544705272057,0.9049548232243835,37.78770970648662
sewage_sludge,anaerobic_digestion,84.56435521351457,50.466856150564205,15.040230971401444,11.320694206056874,5.952716579966749,6.242635349578094,42.55778059973848,9.33240198475942,26.914928779638686,0.2538274432313244,6.930181357881814,0.2862434819233043,0.3443150481284665,0.4783361360755098,20.81420332475838,0.6163406818836136,0.6509417614696433,0.7045521049154919,0.39768098509868,0.2382424005387812,173.52599725292978,71.42262959684199,0.7386212773814876,0.8035680353873781,0.27234687826087495,0.12071169544693562,0.6765047512930477,0.7276531217391251,47.687896394549625
sewage_sludge,pyrolysis,81.82643419072375,54.18177271333253,20.761698100447592,14.656447444632448,6.355436385342552,5.2604625386443145,619.3527220615289,8.103149236039966,32.71784097388898,0.09464937722762805,6.78060098946214,0.5976587453882101,0.5818582426186897,0.7237955927617661,51.34091382682691,0.5449822655424095,0.3787530839254295,0.28328845066170644,0.7527915028835714,0.05,232.9646783255148,100.00731732479795,0.6791873375814395,0.8247722523252111,0.11313688558743493,0.0,0.48464569829053705,0.886863114412565,40.03681316783046
msw_organic_fraction,gasification,56.85006789633548,63.33973442580725,10.02935509271795,14.016795569055825,12.679652093652612,12.835679964521416,622.9905028371871,1.0,42.116242567611565,0.2471040126168924,7.0726511371088305,0.5702017877575253,0.7812090433068608,0.8549003830656751,36.978354370560474,0.6609526555351813,0.7138915461663513,0.656252356956947,0.6111868671116774,0.3159711483727506,228.26037280873754,120.58122469664106,0.4385631000468715,0.7888890382727901,0.33964673346951735,0.0,0.43487562792284173,0.6603532665304827,39.75340098120334
sewage_sludge,hybrid_biorefinery,88.0,60.403917564087806,24.687960852252395,6.0,5.915632920929625,6.2461985370235915,655.1598650602338,31.441324172203355,32.033500397313645,0.3369541462017501,7.016185212854015,0.19679655470333182,0.8413268581727992,0.7172623734600552,22.584357310368684,0.7362815321078046,0.8667697660558998,0.16039454085936908,0.5291100694305133,0.3855613146682056,116.11592451156733,99.17140303406397,0.8442978519747297,0.9260415700920654,0.03802583684662406,0.2698287675024225,0.5628687364161422,0.9619741631533759,58.04338807384806
food_waste,hybrid_biorefinery,72.1562226764307,73.93104862425427,6.032390321097804,15.768403030482007,12.396400293112592,4.8266300955593575,582.6633351832047,17.969290309664668,25.817631290808933,0.1218724501414877,7.4157177279885245,0.5104545976683238,0.7815165191690701,0.8646327612578697,17.169114832173978,0.7562535011235476,0.8707652381213961,0.5219781459232522,0.6740954308832148,0.6754364486109823,37.60091249156564,112.88864732162403,0.915573814865354,0.9684602136171471,0.12326852712238583,0.4737638636582711,0.5544452433174475,0.8767314728776142,68.02731523759226
mixed_biomass_stream,hybrid_biorefinery,36.954225143343464,63.763443362548074,11.56653082070457,35.476636273521635,15.846845980576807,11.458785775305488,723.2502624088028,27.21464962386039,39.28361092197754,0.20862296153353294,7.408260796341928,0.054043442969418924,0.8474102675886315,0.8788500575092694,37.14770504736292,0.5351231372918627,0.6394251079548756,0.7756102946275838,0.5500533305143991,0.6916342634874475,45.815208279034984,124.15112863981682,0.8016253076390149,0.9243972722539527,0.2161648283071469,0.452428030444065,0.4987325451260973,0.7838351716928531,62.88351980581416
mixed_biomass_stream,gasification,39.6686799900569,66.16417685133467,20.49439687034546,31.29558408884195,16.599724607194414,6.208415133904538,752.816500476469,9.645290847621503,39.06656179120067,0.31103116997523866,6.898165458595612,0.42952804838179204,0.8757084016554142,0.6260220471381682,27.887198238299753,0.7693430675032741,0.6108986797023446,0.4392359276332438,0.736703135929883,0.4445220092412132,208.90795873072116,99.44643356063344,0.5050791219156823,0.8435694881567236,0.17136666738447331,0.028810496803321657,0.5743925601349962,0.8286333326155266,46.52804561519655
sewage_sludge,hybrid_biorefinery,86.8305601082884,61.40863964703041,23.277352005667304,17.80870685914783,8.94983951481313,4.633842908346488,580.6276136972317,15.521496452414395,57.73372949669725,0.07440274128281599,6.5270551808317565,0.20684275213907108,0.5031430411576809,0.6029928317062317,48.26514376363092,0.7261007352253556,0.6236062725232756,0.13369964431030004,0.8951392783835983,0.31122897799240024,115.6878575995866,127.40851548625143,0.9478953394085998,0.9017831219540121,0.03801648899402583,0.27094062961146337,0.39789924102016266,0.9619835110059741,58.016242676095075
food_waste,anaerobic_digestion,63.533834014343086,73.41525739753196,16.17206087381672,10.221912048382643,10.760003506309996,0.5,31.243864090552453,27.434686406999564,8.431531043957069,0.15364907222282048,6.864975391475781,0.11400713432254059,0.5112182463223491,0.6016393253474832,26.63567772935532,0.6277539771445361,0.866235861198605,0.4129675271773703,0.4242995795725573,0.10631011934668219,183.0581523549386,68.20120666545506,0.7716954656389426,0.8870300253207557,0.11553313695966749,0.09595285102613348,0.6644345069644013,0.8844668630403325,49.060322882391056
agricultural_residues,pyrolysis,28.523924039120775,61.342951319675436,4.853322739337284,54.82768649088236,17.657522765143696,3.6110670630071002,646.4657287922495,1.0,41.315254682840795,0.08638320857778455,6.731176602856812,0.27576011252766963,0.8215331037526449,0.694268507855744,12.619077638051378,0.49690442462524814,0.6539416909233516,0.31720469395949996,0.5347695796834958,0.5493812112898967,72.39991396475487,79.90699366116034,0.6104757344820377,0.8243570797332923,0.10023035820042646,0.3833768468447925,0.7003007419513544,0.8997696417995735,57.869097621309535
food_waste,anaerobic_digestion,82.83992712305398,78.91003482800558,9.029243835215947,20.589783514297313,7.08935662241536,2.305281666555996,40.004976895041814,23.82688153197734,3.0,0.17731843075082998,7.268337976649207,0.3906669398650996,0.644706877087269,0.6200607093396324,12.12715617461972,0.4711333689529978,0.7529322858877197,0.3373366230206934,0.8571692863539339,0.6712217705317602,75.67295707704281,67.61252010187118,0.8894087051117995,0.921891983814618,0.09318100775858784,0.37487543616352514,0.7918134205597704,0.9068189922414122,71.0224977967929
agricultural_residues,pyrolysis,31.187076328355424,65.1267989009769,9.550458205736534,45.37044499454259,17.46945969752406,0.5,751.8507520109349,6.574513875768632,42.01204868424524,0.12978863288732714,6.833266472084156,0.4625395180450005,0.8916588017966834,0.8109608754359001,16.27582639002692,0.42054593881158564,0.39369645957228666,0.22433705539216472,0.521474239944057,0.4252177491055566,133.27155715332043,82.74510658350351,0.6438717214296144,0.8969449920990619,0.05899068800736189,0.22526868271864822,0.6580473438374144,0.9410093119926382,55.92391894881679
industrial_organic_residues,gasification,41.25069945053308,73.86860504269903,10.902064669557625,14.041501572333507,14.04419066798636,5.903821491750292,760.2296542846836,1.0,46.68690339354094,0.28717748484438566,6.712607860996784,0.6016810429894528,0.711554187641898,0.5214862905657335,38.89695610288205,0.3656863505138636,0.7441022229316177,0.45145874440776707,0.5482846525933556,0.40371188442847633,180.62152832655363,109.70911988648756,0.4738788961452431,0.7965853439817657,0.19780721882427266,0.10228174460635421,0.5114001941190671,0.8021927811757273,45.62261376270621
agricultural_residues,gasification,35.35447311396015,71.71445007506985,14.16932532048374,26.890495114163663,20.004397491584193,3.9912148607201243,803.4848962429705,1.0,23.954077864936203,0.39504643795039485,6.47571735788317,0.28121506749332226,0.6458506283276056,0.7863117520980711,17.29345112594659,0.6279170099535332,0.7718349569538565,0.3705680895547479,0.98,0.685277361092814,105.84520097231689,84.41375650833717,0.5695587013744249,0.8531744365920345,0.1586450701363901,0.29650597150047564,0.7064780904491709,0.8413549298636099,59.62211271831003
agricultural_residues,hybrid_biorefinery,31.747940042527258,70.89588117572744,13.625052220454245,42.29460905241294,17.537649965333205,4.459111315874592,719.042117325379,27.448405106093766,24.451286881314257,0.16715279355208096,6.777121099401592,0.5820961966955416,0.575761111638842,0.5753691663563305,19.165207815739578,0.577857687588621,0.5533697187587989,0.5951395892762226,0.6442872403212095,0.8052942384569559,-10.976221778638248,110.79183407321084,0.9164257266048236,0.8865029730033821,0.1604439699317957,0.5999382383860734,0.5940498162857365,0.8395560300682043,72.6970329090993
msw_organic_fraction,hybrid_biorefinery,64.53626291448614,65.55839012982392,16.70670740698381,19.357897810541942,12.0195598028512,12.01977108670222,681.7339163390008,25.827817225507797,49.655827012665775,0.15408345464119205,6.971113285212597,0.8768476191202192,0.8010673642423447,0.8198572650945241,27.212380996283375,0.4578852678829067,0.6477876963381285,0.6471592416588687,0.4583872007042856,0.42126137501001015,108.60563258847857,124.89419958702264,0.8406062120987734,0.9180916532719099,0.19017762628050933,0.289336019250705,0.43533960993892523,0.8098223737194907,56.883282725858784
food_waste,incineration_energy_recovery,75.33064345017613,68.9291728479781,12.27104697948548,23.77124094174222,9.243911661821425,1.6782652014447255,384.28472307033906,8.070126473805503,69.03044374411627,0.6756955838834607,6.731759268878323,0.25278030122662665,0.6031614180080899,0.7726920208944146,12.46857150153503,0.37825165926902504,0.6195439517278227,0.27961782667254603,0.826288137536928,0.14943199376678815,283.6029921371771,65.73534625290529,0.39504660207224906,0.9250039299224778,0.15120792702006727,0.0,0.686899532034455,0.8487920729799328,42.80101726420029
msw_organic_fraction,hybrid_biorefinery,68.46650581315058,71.17247471156246,18.513442992288642,23.85364668589964,10.739676199572886,12.032603536320135,709.7006467748744,23.217764527136772,22.341348015931,0.15993650558770484,7.375866217099839,0.20265552219449007,0.8390893676109108,0.7283284632752993,32.708456941994925,0.6410365736901944,0.6376587381446062,0.06710710883326708,0.8942129854459404,0.5474801292772975,75.91392659438853,126.19148019368751,0.8955374633828034,0.9252437182022167,0.01914624344113971,0.37424954131327653,0.45627994321107124,0.9808537565588603,62.03697056577375
msw_organic_fraction,hybrid_biorefinery,46.40916170365619,74.44367567892515,19.3034864052695,18.056904472342914,12.028587452763137,12.623316196830364,518.6337299345732,21.416463060375754,44.43264972479091,0.17366931277946993,7.5442883986238725,0.8475512877388656,0.7542179822970537,0.7465254780944346,36.220359660702286,0.2438477397821443,0.6099988242363182,0.05699037476120155,0.5491339400881959,0.6197930050775141,49.88376042797873,139.0982488427221,0.8567243746633457,0.8944484113641307,0.01765924049306134,0.4418603625247306,0.4042584145764103,0.9823407595069387,64.1592175382548
mixed_biomass_stream,pyrolysis,37.557758990973106,57.02882571497599,15.174149297084194,29.75803564147307,14.753772180783534,6.414983922789292,635.0517174373084,8.622417844348846,47.4796808905618,0.06340145846177545,6.907971648598947,0.6130490054875736,0.8036084080951877,0.8040930598289506,16.29228806596558,0.4077381679463005,0.5545191477460647,0.1745881228109924,0.8124580442979273,0.42585880697820383,97.23749117477871,92.1656050194784,0.6872535440539627,0.8738126213904176,0.06195301243875935,0.31886365928628907,0.6086068058537395,0.9380469875612406,51.74115888419997
agricultural_residues,hybrid_biorefinery,29.03274779454922,62.44180078458584,8.808462431599247,42.363383284221676,16.74683925894246,0.5,600.9122492556804,24.97788633112621,42.967092731323845,0.1182878039934877,6.915478125109972,0.48557861422455917,0.53777641487596,0.6243862322629996,20.540992094608114,0.7705283748259446,0.6459450044283938,0.09116368272760031,0.641181399182291,1.0655848370881849,-44.44203935170484,101.63065169645391,0.9356416389335376,0.9173182537185295,0.021493254906884134,0.6868624398745581,0.6995304973359591,0.9785067450931159,78.86103087339075
agricultural_residues,pyrolysis,34.37588174705679,73.63219031467956,7.259689351573572,36.88052192890146,20.314707562445953,2.7898045506191953,574.066933231349,1.0,43.302530635186656,0.1855526094684794,7.039903293617094,0.28908056826727474,0.7989727108424464,0.7756341433662357,43.19227266696031,0.3511710194488729,0.5405534974078896,0.29294152406055285,0.37906623165050934,0.5827697034267747,118.91402151536717,94.97632203435177,0.5783643715196749,0.8811356482778702,0.09124568080772148,0.2625609830769684,0.6283339556257233,0.9087543191922786,53.4106461335946
agricultural_residues,gasification,32.031968315913886,73.54808388735826,10.576261664085855,27.165168678588216,17.79513512900809,0.5,579.8938112582736,11.259681503142623,15.786323005565581,0.21285462325788496,7.090349364149212,0.13061254878376716,0.7934521669037846,0.8242085875635298,19.795888923621803,0.17846389560535927,0.7262397828534304,0.4844253783030421,0.6860732858152928,0.8409918766616059,91.20368759191167,87.45380511010771,0.5084673253565247,0.9082023696401232,0.1616660923027645,0.33453587638464505,0.7247350280755127,0.8383339076972355,58.304248652816284
agricultural_residues,gasification,24.393303487346287,70.14289341355367,7.681801769288297,50.38198955602617,18.858283681442682,0.9311897217471499,764.7259638628776,2.0335771436347114,37.91476035311865,0.33270709532467063,5.941511398439131,0.6818002577840122,0.6288045986291989,0.5611373502094421,18.910287437005408,0.24423340130571441,0.5747947279914803,0.4520020732594954,0.6829560395060098,0.7912904359134911,111.32939076123493,88.08600133854887,0.5487647024469934,0.7914293526396678,0.17317470186211772,0.28226132269809107,0.7104733625401846,0.8268252981378823,59.91429078582275
agricultural_residues,hybrid_biorefinery,26.873811391015842,66.3947440266136,9.543123398309959,39.19101777325781,19.662369184879665,6.826914830285167,477.8947438316296,23.191800715413233,45.74989820160175,0.1253093302739547,7.303387497225845,0.47724328995744525,0.7027456733321221,0.7112632711600202,10.1938280681677,0.40557734355572034,0.9500937995950183,0.17181534165364395,0.6258997387887715,1.0834076650142666,-60.726758866677464,106.44315020312371,0.8868659940817922,0.9105854044853161,0.04616500093761741,0.7291604126407207,0.6781225799709085,0.9538349990623826,79.37624864392053
mixed_biomass_stream,pyrolysis,33.84194460044602,62.681719843120625,12.115081582927012,28.69931334963567,14.487248156727448,5.9657738264347735,668.7070675444603,2.665607760789885,74.95817263224833,0.12159774028674691,6.396906686505795,0.20166080175373735,0.9011750745704742,0.8342276602097697,25.89436892034041,0.26648829799257345,0.9430718571244329,0.24553224535522059,0.6814197056117718,0.406667370125995,152.34218772110484,85.4711134833962,0.6247273737581985,0.898978580568783,0.07927316303600564,0.17573457734777964,0.6396188557256336,0.9207268369639944,51.35726180619608
industrial_organic_residues,anaerobic_digestion,48.538230665465235,72.5784556636631,10.014561480663412,25.865887280196816,15.951952446369724,6.516994325238404,32.38665297355024,19.80706598414427,15.019567165584672,0.1895481864411487,6.957584221984883,0.3258715390245197,0.6765521427515743,0.7692550617266046,21.242556573434808,0.13095379845556876,0.7079450585073753,0.32854758843159004,0.6792537434883665,0.1783996890935097,94.72086050028521,60.76765416607083,0.8102641987173844,0.9185657268277791,0.10382464672647665,0.32540036233692154,0.7194181728317783,0.8961753532735234,58.96416862104809
msw_organic_fraction,hybrid_biorefinery,49.090948878443584,61.882643343938604,11.682107011986666,16.585594057519142,13.617203696902642,13.617034648221054,875.212958908518,22.58453211907002,28.705982270332782,0.17146557313714772,7.05113928031031,0.5734125970040412,0.7502446722707674,0.6287365582369987,20.131570909001198,0.32386935192701594,0.6419998913445482,0.3014047192879703,0.5361609255778625,0.5867113281498374,54.07256664733592,133.93646215293924,0.8245939966172415,0.8692278769274221,0.0963221466388592,0.43098034637055604,0.42414774401959976,0.9036778533611408,61.77920279529224
sewage_sludge,hybrid_biorefinery,76.52571548731403,51.84952743507888,23.23269175367568,6.113860945844909,5.923345565401395,6.341365688564935,616.3915899742427,20.423958751340695,55.23376957985835,0.19897436133583896,7.2875628584204994,0.7168318040181982,0.6687689497785013,0.509603262904909,19.91653290474726,0.28083726694449535,0.9276593298648361,0.12445530090795906,0.34756714025524954,0.43027260913715953,88.60525707969126,107.77066466475483,0.8398487695653137,0.8751131177401931,0.03369112793120392,0.34128504654625647,0.5274459494588339,0.9663088720687961,55.85283950199863
food_waste,incineration_energy_recovery,64.00710429498886,78.77841513207892,11.836992805759738,23.779721183034695,11.530433986010436,1.245689601872232,681.7504609117161,6.484357886962122,39.30140105893089,0.5615326472733301,6.361933619513411,0.1702468691532141,0.8059054779616218,0.6907217871086573,38.73028336048513,0.14633077440130637,0.6930063592747664,0.2778413197181359,0.4699781625929318,0.26272394109841296,270.6912494758751,88.53592161832549,0.3023944629673845,0.9519080591984207,0.12745041547740335,0.0,0.5918207322083587,0.8725495845225967,40.20779399122842
sewage_sludge,hybrid_biorefinery,82.702913501554,52.42915621212975,21.844578943019446,7.371379614999739,7.675655112888154,8.897648631230117,677.67637012656,17.151897659125694,51.01806663845283,0.11054509568697643,6.9195064403115545,0.11151700982038887,0.6724142253821934,0.7013698777420785,35.60299320166104,0.06332724574599019,0.891967609428605,0.09285428909996582,0.6795733523303717,0.2289726147408889,136.7642813657557,116.83563752750177,0.8565311584496131,0.879484222600438,0.027294226928495754,0.21619667177725793,0.4354495672035126,0.9727057730715043,51.58090565057345
industrial_organic_residues,hybrid_biorefinery,53.161911979978136,66.31732496308227,8.611992161975895,29.6192017403795,14.968061473339949,8.648139058469116,702.1448666840461,25.28935823717277,66.85259993817218,0.1864078460586222,6.796029853105042,0.5669722060883269,0.5519444452105733,0.7138326594475526,8.80158445747654,0.21650481178628442,1.0,0.2840844508114745,0.6382637229792913,0.6791416402262007,67.0373150040796,111.59081124613223,0.8843867338226052,0.8960995869542209,0.08987774073174766,0.39730567531407895,0.5620911016595945,0.9101222592682523,66.54815563728123
industrial_organic_residues,anaerobic_digestion,46.16309998454404,71.55367959005508,11.729630292464257,22.063236034610664,15.932161185685077,3.972738069010902,38.73424229204322,30.760336607036844,5.304518031862232,0.3090101138876744,7.207285006565125,0.4826598107704661,0.7449927280553026,0.736449124026084,31.812372542843143,0.2031950274313933,0.8482891535833108,0.08467154307302296,0.7245900723238134,0.6894502370962552,36.08829973839815,63.775522692192816,0.8519511364595144,0.9410844256661571,0.023229782062446306,0.4776927279522126,0.8160184064127929,0.9767702179375537,71.33474449285706
sewage_sludge,hybrid_biorefinery,83.14575925853262,56.77720813375954,26.388984211612506,10.6953664617568,4.46377577967583,7.797020979142258,660.1718360732118,25.59097121199247,26.6078116039126,0.15815686296344877,7.453836250047615,0.20558340950050583,0.8591882914836347,0.841308683410831,20.75677820265488,0.1536466913874784,0.6240638785006275,0.06235979306897924,0.3722587879113828,0.40987989725927826,150.39046676253338,105.93741887541053,0.7949322228838903,0.9418763301338269,0.01535892443726188,0.18080398243497825,0.5326082148948805,0.9846410755627382,55.75133653241227
msw_organic_fraction,pyrolysis,52.2752494698663,67.2532341945719,16.486906109699447,14.92343384166076,13.00749185507847,8.45046362934065,662.9077108913427,1.0,50.73754158830976,0.08313343946536574,6.363196848747397,0.2162240528538994,0.6060830080909974,0.5103122112204563,45.66825766076129,0.22461656677383363,0.49535542568769025,0.22492222816785643,0.7431829517243445,0.17670280129293015,183.91724185035363,109.59293502502852,0.6239404167540136,0.7803125000982364,0.09854166645740346,0.09372144973934121,0.462069695100084,0.9014583335425965,42.52835578994842
msw_organic_fraction,gasification,55.7927329691799,59.821174154136045,14.52694155422379,23.926890540341315,13.33030459005792,11.893470169506228,635.6836285900953,4.231417795300706,44.565307138869805,0.2153731968205243,7.187467819318571,0.7615451628821227,0.25,0.45470110792696855,58.836230852794856,0.24991154094802964,0.6874402913244146,0.4038718064719535,0.806586299538383,0.25624622326760815,276.56326463477444,132.64711510288416,0.509315896728622,0.6921865868667699,0.2859717584092707,0.0,0.35823145805106243,0.7140282415907293,36.4995049189522
sewage_sludge,anaerobic_digestion,73.47780286950868,55.541190076220886,18.306140427715196,6.0,6.716620562163473,6.219466213789186,32.15592489346786,22.822836926364072,3.0,0.18878316588901647,7.105435613350882,0.03505577423013425,0.9103461388547194,0.8720901795034499,14.813714558190012,0.35447642207515345,0.48574560050739085,0.7614534530717185,0.735333273721055,0.1868290892300178,138.37007749818898,63.17289624992019,0.8031015168721503,0.9243295722518211,0.19879231884769372,0.21202577273197667,0.708613471999445,0.8012076811523063,53.973123192773215
agricultural_residues,pyrolysis,35.32651541050579,74.78034141989718,14.12669272889401,41.00691365648536,21.387693626405024,3.455533377267731,677.7214950673429,3.889693273809458,31.442802275323892,0.1706551266169335,6.599658799617622,0.5003386263190504,0.7236551059401598,0.7404130187694447,24.980404895549405,0.057434864248241985,0.5772679691207498,0.19928562635213928,0.6606911489170729,0.5699985149075965,90.4458740577849,91.52871810366175,0.6610111436939181,0.8495686978557092,0.06742173280385484,0.3365042232265327,0.643669577997241,0.9325782671961451,55.33501505338293
agricultural_residues,hybrid_biorefinery,21.163869214777893,59.814958548632276,11.648416118213353,50.69659337447127,16.495957449726333,9.292212234529085,649.253271860565,13.20653233162817,26.26943571943798,0.23389644045599886,7.195348814292262,0.6485463086930636,0.7848044423680778,0.7159728416851183,48.8855055680692,0.17736547260099975,0.3538969637891476,0.5878114139979809,0.6154407989664364,0.7032464270772637,71.03467488332649,134.08623092889678,0.8806984187953506,0.8757465420518447,0.1610944856467596,0.38692292238097015,0.4489972090680676,0.8389055143532405,64.77320809803581
sewage_sludge,pyrolysis,83.02840975007082,51.5615321578982,25.98888054321047,6.321192967623435,7.301834784159456,13.23432782647145,654.2240632027282,2.867584569884871,43.73193989431122,0.1939806770866258,6.940973900826912,0.8150628559879187,0.8187309564585034,0.7876197600064283,14.229177589312789,0.13253160496835478,0.6967390567421655,0.49617310425752964,0.5724899976130989,0.05,253.89568630342302,110.08310939925568,0.5956872330970081,0.7850634864413546,0.21503618257162002,0.0,0.43161521368812805,0.78496381742838,36.176403621096235
food_waste,anaerobic_digestion,70.90771188011213,74.47356361995256,7.410558758616089,18.735227453500226,9.227108488114004,2.9230760085917975,39.39212535175186,19.662315587643192,6.72778206417232,0.1348122667548287,6.72803285413399,0.41400873900951407,0.47610003008856805,0.6533353698119007,31.981514922373275,-0.06622870917970045,0.6956560598257281,0.19525906924863096,0.807734684979486,0.39546023830290783,115.85580035281829,77.18012430110066,0.8745928383054901,0.8889963560584961,0.06172359507194517,0.27050441466800446,0.680790071894531,0.9382764049280549,61.01620421453006
msw_organic_fraction,hybrid_biorefinery,51.86024736677692,55.839998171466824,11.717546381631621,28.416066549324615,11.042409071392507,8.775262304969823,638.3022141329296,20.938861986311665,55.6278282935528,0.18423229135010463,6.870535962289731,0.8169076605251523,0.3476395612990456,0.45152307837099975,18.52680340674354,-0.005667604899508967,0.40704992771173365,0.5641428202433582,0.3009875664336521,0.3839332786588231,86.98774330097622,122.6380324110813,0.8191726683156365,0.8365476036155872,0.20300115126576374,0.3454863810364254,0.43900199282556585,0.7969988487342363,56.327926767849135
food_waste,incineration_energy_recovery,81.65270539301723,73.09300457329104,10.18277064121171,18.46004531222445,10.899577152291357,1.1426003061027727,784.3499959360076,1.0,58.98864309333268,0.4299290290426678,6.763405521846163,0.6230904502687685,0.5650982926826473,0.5932044533357093,23.295823430149927,-0.09273948452250563,0.8517034935175237,0.30048650273089034,0.5556865595128241,0.13084319136006622,339.1411072050978,80.74161410428032,0.36077067375698807,0.8901775275278906,0.1629581856341218,0.0,0.603829638392476,0.8370418143658782,39.926295746390636
sewage_sludge,incineration_energy_recovery,76.68678300116827,57.87423907057486,22.684122447689685,7.4728417814692545,8.634574442175698,10.133563387021672,600.0267578761582,9.517968886190399,35.02296419912361,0.5479746015980408,6.64977165790536,0.4529201241737427,0.826279812617218,0.7264882192906158,9.592234470182465,0.17382923843156584,0.38586403840729766,0.36580316878661967,0.4373272537765023,0.05,347.70458499057196,81.4614172145802,0.25463047966887326,0.8472320714982223,0.2269501537774304,0.0,0.5822556988706306,0.7730498462225696,33.89963953726701
sewage_sludge,anaerobic_digestion,79.62681185845499,54.64462988749649,23.60150573138265,10.411518798197449,5.964837761914075,8.573848691772419,33.41408028304581,25.845789078896768,4.574417744421902,0.19431635867896746,7.227008401730842,0.6692849466513563,0.9583217515859606,0.8737071453430507,22.77405141573448,-0.041673064283838795,0.902235536548782,0.15067923767531607,0.7784451518345363,0.3006142055208194,120.30391787910693,74.17861965453744,0.8481371428483356,0.9243772737028036,0.04083296239398718,0.2589508626516703,0.6757213375591201,0.9591670376060129,58.41225508638351
agricultural_residues,gasification,18.006651485138242,72.2547660972541,14.486329187184044,40.10084111543373,17.055686903539893,1.71035903260547,695.317195939244,2.834284216116833,61.88632369817775,0.3347479503583002,6.864518323171488,0.14166632203611226,0.9561424899244866,0.8069766948623283,50.130672550243716,-0.12668761053553387,0.9522585007820483,0.3215761482350856,0.5544646259334334,0.7752375077699419,113.9284640075512,88.07349657631372,0.46797694901800907,0.8903152597733458,0.0988013488554895,0.2755104830972696,0.7070075328866835,0.9011986511445105,63.515727671738276
industrial_organic_residues,hybrid_biorefinery,50.171102635334655,69.41090787160324,8.241820610475196,22.890869841280093,16.424983840692292,7.29988035946908,818.2709099993858,28.656095862651206,42.25458270883788,0.07006333685647803,7.0706652064212765,0.43506829316261003,0.7076174256479086,0.5177871423783488,44.2590028852997,0.010494592548656412,0.4141676921164046,0.4940824045142328,0.7920717757039639,0.745781857191102,21.01775593111494,124.92885118770575,0.9217242448627163,0.9165035054927314,0.13442238730504993,0.5168369975815196,0.5065517391730648,0.86557761269495,68.88316165747462
industrial_organic_residues,hybrid_biorefinery,43.10804637422832,68.49615632098694,11.097760337292543,22.35446070583189,14.948894557337864,7.787588551444293,709.7297443431439,24.348676120682352,42.953782761063586,0.12390327371695975,6.9355253308933875,0.7959940966831367,0.5311220877412898,0.38851929823347736,5.08192672760519,-0.014104765059519516,0.44134672065182445,0.148611647166411,0.5362958707341668,0.7641111673273482,22.01889162719889,117.29259367201708,0.8832403755580825,0.8688021001973143,0.04633687887059291,0.5142366451241588,0.5507750164329793,0.9536631211294071,70.19617677158058
food_waste,anaerobic_digestion,76.13248118085556,74.39044007649801,12.37506472729971,6.0,9.632219130304067,3.6910225940006285,37.30392393255931,18.615365257457768,18.87347406255559,0.14468886233596445,7.2200960400251954,0.25448007865074457,0.8707325378584474,0.7907269824184393,22.563363398762903,-0.05828208840724649,0.6467714260429248,0.22514719190784488,0.6768526127037283,0.46213897010218874,131.31053789840422,62.87115057454355,0.8237344013099873,0.9292689933713749,0.05540288627972292,0.2303622392249241,0.7707697809248839,0.9445971137202771,61.235854409347844
msw_organic_fraction,gasification,47.894936937834125,61.60897129453117,17.83955811129612,25.10703381926846,13.91845109605001,11.138276806275694,864.275519510925,1.0,77.2988965565786,0.3569346742144396,7.0912403505845125,0.1847112946116608,0.5842969239819189,0.7110995938722082,34.3809749963634,0.06472409763682911,0.5904190666669272,0.06689023592183388,0.528346668341705,0.30751492043264833,184.83523921043187,113.48885370117945,0.3988956330104292,0.7823346641646732,0.037911346350186656,0.09133704101186528,0.47034352617318553,0.9620886536498133,40.807379145176455
industrial_organic_residues,anaerobic_digestion,45.59831601123616,76.02461969352869,11.44492120684363,19.705878119316186,16.674924575328433,4.0075121522621675,34.87239183810833,22.319992822364277,11.545620311262185,0.15728196771508057,7.580005414650558,0.45186627259150575,0.5862416506072123,0.7555549621340056,13.919300080973983,-0.26550169938616774,0.9136203718935699,0.5380342819013336,0.1999484157133923,0.5068301107320394,82.43274441067133,66.111402351701,0.7180838206698333,0.9116143080120878,0.16523808994157088,0.3573175469852693,0.7635478751415696,0.8347619100584291,62.49438799340102
food_waste,anaerobic_digestion,66.89981289830861,82.85244736138712,7.372416200981623,18.526028066285384,11.793343830225687,7.839526931037518,39.042796409273606,24.92148118306626,3.0,0.2516139652846733,7.592233134804044,0.17199757387218487,0.7792455112868996,0.8444704901622457,10.69177566799436,-0.14573138640537403,0.7673178755178247,0.25503936536616806,0.8154273773909223,0.7550172295316724,33.21531602096091,69.01439636282528,0.8227399617402427,0.9186698904411642,0.07815004075171006,0.4851550233221794,0.8028701254294665,0.9218499592482899,69.78356279072817
industrial_organic_residues,gasification,41.71559866366969,73.40591316189773,12.259024151824113,28.765043028185,14.30977771637639,9.259414705361097,537.0717156704894,1.0,36.023236233230556,0.32842619832534226,6.795724092357753,0.3381712558414534,0.49454941976747036,0.5310749129520338,18.216969041704026,-0.01277115778634548,0.6088682621337316,0.7880119613397104,0.41103899231992314,0.44729574720190246,168.30492335878992,99.18443792457562,0.3949975456097694,0.7540582223741678,0.4467939846440001,0.1342729263408054,0.5763817068866521,0.5532060153559999,40.62969945954541
food_waste,incineration_energy_recovery,81.21892941006837,70.64320129311264,10.667812139825733,22.70730216593457,8.956950595153717,8.081178764669971,600.5858407368478,3.4185264840060254,33.08214964288114,0.5588613249948853,6.801058030924639,0.6626330158536581,0.6006734481999708,0.5872614225847061,12.548006964000816,-0.09337318219385025,0.7277641710437315,0.584122787588604,0.2843603517570858,0.08529990450581192,313.2510032750552,90.00529470694231,0.24753247785487428,0.8503253334937897,0.40019218567214687,0.0,0.5450539015863192,0.5998078143278531,32.761100689344225
agricultural_residues,pyrolysis,30.04771295681943,69.41621576619534,10.343307906287116,41.294451540222745,18.385907979714432,4.028554476034216,593.0085882114425,1.0,44.29205765955758,0.0667185571400188,7.521238778767262,0.3055754823000044,0.6737149482385096,0.7278785097433852,27.062586708146362,-0.3148674450273991,0.8094194894961831,0.4431715928531513,0.3651431318719474,0.5041259230107147,112.38504296637403,91.65138476943501,0.5675319402197477,0.8348964631311032,0.15883990834748812,0.27951936891850904,0.6285319937495414,0.8411600916525119,51.61666554913857
food_waste,hybrid_biorefinery,74.8770243411967,75.00173156158284,8.944451765815664,18.28731000659391,8.324358054866677,1.5236407372071659,620.1087343932137,17.27828537614715,53.56581191353972,0.15848347136583368,6.642697189422183,0.40799301998042914,0.6147636423957322,0.6121287168717733,18.52188924286418,-0.28446603132025583,0.5715921697715286,0.4398220995852068,0.6736249069592707,0.44268082194800257,88.18424299846313,103.47375488526156,0.9303801831778018,0.9467254907580398,0.10294113664622602,0.34237858961438145,0.5527910709061313,0.8970588633537739,59.82191221853849
agricultural_residues,gasification,24.393114837209026,68.51441463340028,14.6051586135607,47.25580995669985,19.376839640389022,3.511734812018545,517.3346517467025,1.0,45.72865515782917,0.18592299322091355,6.906394032693237,0.4972679895687526,0.8563060411720406,0.8757433106036897,34.393446125395236,-0.2763852091050454,0.7506666750136959,0.19262849195156295,0.5687785257022576,0.7748814674077479,171.53565533304024,108.28075319332771,0.48739392690693484,0.8496073273660343,0.06918125841576386,0.125881414719376,0.6005752218121903,0.9308187415842362,53.35915537171792
msw_organic_fraction,pyrolysis,48.26303491857054,64.15240101191004,21.013532265414643,25.8271581616301,12.036304504818423,18.533543558017833,852.6815542637796,6.505882791895464,60.30906493606904,0.06131142232059858,7.053559067182907,0.37439287203136695,0.4969535047302715,0.5916248062533644,25.77233198083694,-0.13192176484356827,0.4422002102709125,0.6359667529542335,0.45956049726146886,0.15180551366456754,262.2522315189207,113.21978876256333,0.49510674917175174,0.7142550455764957,0.39654678201809207,0.0,0.4375035879400821,0.6034532179819079,33.63869376713216
food_waste,hybrid_biorefinery,80.81658267223041,77.9509783766364,7.787701813506868,11.968745888344912,11.0419504809862,4.633477591681015,705.4991038371908,23.133322772781398,32.967075729887384,0.2156032452949682,7.080862701297341,0.3162988707377065,0.8886520197041733,0.7423239222088118,42.14562168833707,-0.39074333628034835,0.7030505686575859,0.2305681458878099,0.6682318630848422,0.6109246026071048,85.64712723221824,118.41667498246976,0.89992753228846,0.9641939985830512,0.049641630998407044,0.3489685006955371,0.5111577547710906,0.950358369001593,65.08588747276922
sewage_sludge,hybrid_biorefinery,76.05282913515117,49.77775788057526,17.140143528400635,16.091286378531365,5.0983912244811735,9.1160727236071,739.4018128708893,20.49349060724728,43.00546979784053,0.2499330413254741,6.867132174432834,0.15142112622213716,0.5484464272465991,0.5576559538935707,13.937882080106265,-0.11561861811146945,0.5772912183965228,0.3582159237247883,0.6623053828540143,0.1827623138188863,155.69258122793875,109.19216810932247,0.8538775267460248,0.8638932174452202,0.11529524736950235,0.16703225655080844,0.46551208741214195,0.8847047526304976,50.393441440021604
industrial_organic_residues,anaerobic_digestion,50.825941152168134,80.98793418685958,11.317900284848779,32.64810670595972,16.85046870327872,6.819605856491577,29.66313135778337,23.427811321484914,26.701733658683864,0.12573158089074526,7.178861926611893,0.536071926738708,0.6749510882508745,0.5293275523723355,41.54144226709753,-0.17105063394231923,0.7465164140156644,0.41071621777351325,0.7702291622733428,0.16583242450383928,132.5657344409443,89.18344677129305,0.8477058037119913,0.8725410912642649,0.131292850473382,0.2271019884650797,0.5670965714366707,0.868707149526618,54.39776659906504
food_waste,anaerobic_digestion,76.04864451745856,76.0502477095512,9.733367221397948,20.056958967123443,9.415482255578473,0.5,41.75078873130837,26.453715099355875,3.0,0.21574732998600774,7.764769238611399,0.2531525729061878,0.7829064678558582,0.6947967383882014,63.073726253780336,-0.12627861817578348,0.4299736767576451,0.3821037570492723,0.7698714411148129,0.8495676630154021,58.647653806618,87.22309045114335,0.8692200661111983,0.9653350734974481,0.08851329009196283,0.4190970030996935,0.7278359887521076,0.9114867099080372,70.37183941373911
sewage_sludge,incineration_energy_recovery,79.77776460766664,52.55478697242317,23.452446484324064,13.592119999395235,9.680652009354002,6.991213273687667,633.7541239991983,1.0,32.606115626529665,0.5180477654485307,7.032785243327433,0.6124706306364622,0.8716892128042307,0.851433367503166,29.11444706778183,-0.34153078109697077,0.8640525125760243,0.5489057703873668,0.5046416588650839,0.06339523928767554,344.3904423228242,94.16974593828205,0.3062195722513743,0.9086785382830119,0.2967069765632723,0.0,0.5183167108628567,0.7032930234367277,34.634430924232674
msw_organic_fraction,gasification,52.25881862886199,74.36281631822334,21.05163000010546,23.284064813862514,13.682960445707542,11.000856621899246,691.7793405939665,1.0,35.525550468912584,0.11828436282099367,6.660468954929388,0.6268293754985124,0.4508399435316844,0.5749428550496837,20.903291116431788,-0.22250867722107093,0.7365503323991297,0.4095891856204546,0.6430565378912367,0.3012681808356964,229.35230435338,110.18937569332195,0.46390448815939545,0.743081414079997,0.2516736931870527,0.0,0.48633491718742194,0.7483263068129473,35.53240997127777
food_waste,hybrid_biorefinery,76.71026735921788,78.5893122038687,12.484066464142353,18.280150676063947,11.090114043222894,0.5,653.8117578199385,26.565074305387604,48.55559431495144,0.25669365592028254,7.0950154111813495,0.3811818756979261,0.6311027690080993,0.6443856814021032,37.571234188347184,-0.3607190671709596,0.7516134451412145,0.12291447774510884,0.6735988915216654,0.6650717958650294,44.02369660329404,114.45724284712082,0.9353942729362505,0.9610592446856872,0.02723767614681814,0.4570813075239116,0.5439092537896706,0.9727623238531818,67.25315326112923
sewage_sludge,hybrid_biorefinery,78.52922617219129,56.597278700471186,25.060502808406884,14.052257229115671,6.856417702107352,1.7392251499507996,709.0787192864261,18.440383488714787,43.96514610359648,0.20597328896818456,7.616560158326925,0.8679772025992801,0.7640609738651531,0.744178737639102,37.88540193612365,-0.26131964772879923,0.6899570286844109,0.7662208060055422,0.950490262576281,0.46506403007742186,74.03606591059003,132.6764020352534,0.98,0.9728262588319085,0.16264391564924627,0.379127101530935,0.4040172337999096,0.8373560843507537,63.810630695512415
msw_organic_fraction,gasification,51.256460510278494,63.50727368734909,21.017789557150792,14.156684463237758,13.877941341496058,15.2802289053751,639.798001468116,7.23954906570895,46.23785443869388,0.21511725112016578,6.516839493905011,0.8093961216873531,0.6695802629078824,0.6676719223146474,76.34882278854674,-0.24898959847391786,0.49903548976423556,0.6847961511288061,0.8519383875264445,0.26781082805931083,247.60667449177976,140.59707131412145,0.5007746842789736,0.731226633434966,0.4112365718476429,0.0,0.3189337963092513,0.588763428152357,34.68946504256156
mixed_biomass_stream,incineration_energy_recovery,45.46209256620954,59.27152425043067,14.464502344122248,34.142764441763354,15.939498653138624,3.9941324935043507,545.9110629069339,2.0207328190569527,34.67007539056577,0.6526877948583995,7.022066578393584,0.13684338395093798,0.6344690299913299,0.5820154264762809,47.51731114163947,-0.33115114211904956,0.7698946159852685,0.6073283726272888,0.7757412513216728,0.3669281823994688,303.9037630794246,88.34952820108298,0.3569238560919628,0.8707267706585606,0.35230692329317387,0.0,0.6157266832800781,0.6476930767068261,37.54966967740016
msw_organic_fraction,gasification,42.0969716211036,57.62256203291608,19.087082789927216,17.54892843199245,14.840200853197274,12.209372463301817,646.2888089392815,5.4865212297972885,35.388955969238744,0.27965103450466344,6.382424451142031,0.5850757699234672,0.8258492718478999,0.650675726195458,65.5353632912356,-0.47039114022594436,0.8426121709508337,0.1911089435074717,0.5572959678695507,0.41252699813388727,246.4952968034902,133.94254857481715,0.43066444631815237,0.7874075547507309,0.09384477665858558,0.0,0.3857951576167334,0.9061552233414144,43.59073883527923
agricultural_residues,hybrid_biorefinery,28.680271026422822,75.12353339021212,8.320354325139974,51.981606361597315,18.363341411096073,2.6534113584054304,552.2571138057508,32.75677584317817,43.196533463772155,0.08676083816658017,8.010184034090662,0.290234978445354,0.7168609822889271,0.7512290116714326,34.227600591329065,-0.5134939167641923,0.7951291727063851,0.6875747211175192,0.5066243296793905,1.3148001824848146,-65.62916836317982,112.58918234508081,0.8713010011866379,0.9186516416788493,0.15684210733247725,0.741893943800467,0.6966813962251812,0.8431578926675227,80.50205708607974
sewage_sludge,anaerobic_digestion,83.04419325311798,63.30449251871596,20.017023210716722,16.517100730103795,8.110684584087231,7.725443914665564,44.679084408021126,22.18188909861718,14.2104097438283,0.09223610816601387,6.726139629447125,0.6478304824462867,0.9702671311352852,0.8979614151078925,4.399853330074105,-0.5981327679129602,0.2662226389797634,0.4111832502004887,0.5675333555772424,0.36111444978252827,123.53791005345037,66.36280514467477,0.7996316700873546,0.951007697151449,0.1072421983075496,0.25055088297805095,0.7301672571380784,0.8927578016924504,61.829259214242335
sewage_sludge,pyrolysis,77.68995785924062,53.41078617022108,21.979397223228773,14.569200639760494,6.068140721967724,6.805863691974824,594.0623130325836,1.4714017829650992,47.07882276688338,0.05452126522741639,7.3242847272525005,0.7476947346400816,0.4241231099394073,0.526835428988882,13.596022402381859,-0.5154939544123329,0.8968681769609326,0.2794080250009517,0.4577944479863409,0.05,222.50214819400531,91.64342690619242,0.606623144923968,0.7652876868426849,0.13011219941466642,0.0,0.5286661741779347,0.8698878005853335,37.474038500987604
industrial_organic_residues,gasification,41.119176165768685,73.26626472400174,10.223073811159692,23.040568063716982,17.650257351369177,8.987138403734207,892.3987915079834,1.8050481506774214,54.40464771753894,0.24316112215591013,6.603603849726288,0.9529353445291544,0.653375844036899,0.7495696861738245,21.169016565868702,-0.5199289151121841,0.7432777894821274,0.6243462256810255,0.6650356624124959,0.5403772858115139,169.81012342931353,123.17051306409309,0.5095837743393169,0.8101971134544433,0.3160442193987063,0.1303633157680168,0.4706171446464642,0.6839557806012937,45.0295432544938
food_waste,anaerobic_digestion,57.911337099980926,76.69178451632983,11.713636778998971,15.10573063375779,10.733867368656808,10.328006389919375,39.65799937489371,11.803866893564523,3.0,0.16242977240042614,6.868660932125687,0.30187096117208617,0.6579387497263742,0.5591924789214795,38.459155709447685,-0.42443477669917423,0.4456747202826453,0.2852304526864345,0.8870463793284291,0.27841155623883435,87.83439252440027,80.790477287902,0.8336152269964386,0.8394216481026221,0.10331617693385005,0.3432872921444149,0.6360375040151647,0.8966838230661499,57.62475401096997
agricultural_residues,hybrid_biorefinery,27.19861521222055,72.39948270232907,8.307128694919527,46.806212347840514,16.81218414966323,1.4898692424009683,845.3842181840818,17.880611162014077,37.09479224843033,0.09228222575839769,6.8604567658408335,0.46864402724709375,0.8883690297483439,0.8225978022458447,27.37316599382581,-0.48119364476196147,0.4957173146764943,0.2360336374026153,0.5450795693797282,0.858512187686424,7.015677021712218,116.52717588922658,0.9033323298278927,0.976190318197969,0.04494126252609307,0.5532060337098385,0.5755717555582418,0.9550587374739069,71.93985293936345
industrial_organic_residues,anaerobic_digestion,53.73753433573329,66.19680392285127,9.815304418462109,21.083527462724327,17.056702201398462,13.776087259262233,40.122263441413,27.490001834607416,18.44238793179836,0.0903774901255027,7.394483055402553,0.14710093506594812,0.6671774784882045,0.6495471696054246,21.436853521984382,-0.4698756223441379,0.6176348333443004,0.5404802932694251,0.7394632235658162,0.49206369225739816,115.14117328665031,77.82147904829439,0.7602012698818943,0.8381987057974224,0.2149409454167271,0.27236058886584336,0.6986672804634992,0.785059054583273,54.81943391149531
msw_organic_fraction,incineration_energy_recovery,55.59176897845235,60.05189085129754,17.874915021558277,19.91330058599709,13.292254886567203,11.32290663100047,554.9098156347524,1.0,74.21921109795701,0.5563974597191182,6.648891292379781,0.4329888014384526,0.8027032814796996,0.7992558205396129,76.76397649910525,-0.30718208901567357,1.0,0.2424501089830023,0.5412650349879923,0.16327371770419746,370.16326278288903,133.34166759510768,0.270695016445071,0.8730506637130984,0.1588085392030839,0.0,0.3341219673943567,0.8411914607969161,34.31842388477911
mixed_biomass_stream,incineration_energy_recovery,37.82199305159558,59.956974382856814,11.717479082872977,36.031742950647384,16.122972991950665,9.733643324818033,885.8402361865315,6.368995847587315,59.40596025172073,0.5691052979292769,6.676392709195908,0.8096561821848574,0.7818263874378931,0.8451651370957568,27.52478199426703,-0.49998477539337144,0.5964739942050608,0.3073454844656944,0.6345541519719946,0.45110556775380917,260.19726716504925,95.45685525666097,0.33527552929406096,0.8726118830954335,0.1949658756744095,0.0,0.5968387235549908,0.8050341243255905,43.9810040932122
food_waste,anaerobic_digestion,67.63085746371654,81.0064248629065,10.170809224636654,36.3010975753647,9.996409825326115,8.61187701092539,46.17315322675567,25.667987295250317,8.444999832538333,0.186638638824302,7.153571698236981,0.6460091935602874,0.31158722542786044,0.5361263018157909,27.16035700746548,-0.5237254376430625,0.666132500620146,0.1750103635727422,0.7700557347308398,0.6914306873805647,92.29734962932685,84.9342976431848,0.8439115300910552,0.7916800892423799,0.0745993805434096,0.33169519576798223,0.7050921320490673,0.9254006194565904,63.0433028939848
food_waste,hybrid_biorefinery,73.36759128035239,80.13792482464449,10.700769596515064,17.30044222813769,9.812842882217371,7.394202777926164,677.6453846966675,18.638806137996493,33.8411716416589,0.285942291881575,6.898433435803933,0.4067906175238412,0.8219763150374783,0.7609154404137499,22.724881041341995,-0.6274472847543948,0.8025931538631152,0.24304800101909266,0.8162478013163086,0.4634829911897428,35.60336355523299,116.99279539359509,0.9248457802855014,0.9468143921984439,0.06085013979163465,0.47895230245394027,0.4862147033586114,0.9391498602083653,62.81750871299515
mixed_biomass_stream,hybrid_biorefinery,40.0459572617185,66.42249527488006,18.437851254253168,32.420183437694924,16.365713283317803,7.3275786031544055,536.4231594357137,29.410372546555532,52.268924549276285,0.22807803393743198,6.943251637632079,0.7919074757831872,0.92211659932852,0.920372123551229,27.30830984382934,-0.4578526000783863,0.9533836777821739,0.08200505301148692,0.851379082262647,0.8260519097948573,8.154108039966601,122.10449372806467,0.9649043184062359,0.98,0.018868612304835195,0.5502490700260607,0.5390761900071599,0.9811313876951648,73.13136413778047
industrial_organic_residues,gasification,39.33348840809147,72.47258063351089,9.84162448211284,26.884541842672117,14.301940397004607,9.93420406450082,583.3383684213729,3.1905141537179222,64.71718302791784,0.20215406008309322,7.052316649354236,0.6219203365939654,0.791764909338565,0.848879928158913,25.779818856355053,-0.42104431650509366,0.509298121774902,0.5026462588567541,0.2916660566121678,0.42912937956572234,211.0400510598031,106.68995156401446,0.38313071262905346,0.8358741904689639,0.23686141624468118,0.023272594649862102,0.5328824026412249,0.7631385837553188,41.90243412879805
food_waste,incineration_energy_recovery,54.44979128189507,67.99601719794809,10.528974849075333,15.701939224856897,9.024568626779244,3.840923579329158,604.465559689464,1.0,25.33141185680037,0.41222897704865047,7.058577334840949,0.43330266915768456,0.7103346844350822,0.5465114213890112,18.254192211698694,-0.5600806689441736,0.5802291593896411,0.48630157911756605,0.6784221682907278,0.1561195718883997,268.6467574823213,86.79117502889648,0.35738329054999257,0.8797972652899133,0.26585925496305873,0.0,0.5775506477686244,0.7341407450369413,39.309521653402705
msw_organic_fraction,hybrid_biorefinery,46.70764007832369,65.7014422096411,11.068615683784374,32.6645221920522,13.148992877452395,13.500521017328804,445.1359969202633,18.37008987120825,22.13185025212345,0.25148326456608067,7.0939283410437435,0.46607652469388117,0.6471058747243811,0.797450219671472,20.09600339194137,-0.751501881398937,0.6231653667317811,0.6896365882407686,0.5561656750686365,0.5198860230019262,50.85251020310942,116.66724956326038,0.821823893621368,0.874090990501002,0.23658163085258146,0.4393441293425729,0.5003367694643165,0.7634183691474186,58.94339423185679
industrial_organic_residues,gasification,44.078504314911214,77.58796514665502,7.408663553847189,18.970117302600805,16.054458824938077,6.1625578299184705,648.4077274382745,3.1793236104270237,60.04140497473773,0.3613887052875211,6.580841983802689,0.2189108648386537,0.9004060150137313,0.7790007275959577,36.26011452837941,-0.5521399302827833,0.5672613134133937,0.7687470450297462,0.5365182491186489,0.572443667506042,146.0465593163487,112.03831883137156,0.4385045266573252,0.8653798730549066,0.2933595258408029,0.19208685891857483,0.5362622445809526,0.7066404741591972,46.586651629029056
agricultural_residues,gasification,21.208734764933357,67.45419027397963,6.813836150109711,52.790783536214164,17.542204486402824,6.476841763289828,768.1248902362761,5.814648694784314,43.37185159120463,0.28356472929562665,7.000259418538958,0.7921388587116538,0.3711948286412249,0.46196805789507267,27.831767034403697,-0.6933090920640631,0.41023657841935235,0.4954183051850324,0.8496447799220606,0.7537205960316886,126.9766516026495,99.75124733825474,0.5604444113344187,0.6889159660041999,0.2760899901854449,0.24161908674636495,0.6408119661887887,0.7239100098145551,53.95808528459595
msw_organic_fraction,hybrid_biorefinery,49.90527649809343,61.28353559120522,21.3557853712579,27.210162626705113,14.863356683082545,20.685637690388646,655.3826143219432,30.50995093150612,36.60653201288644,0.26784146769505646,6.86737190339977,0.3382223187350768,0.7100049440996815,0.7069426693200378,33.566018255346634,-0.751822841831316,0.6060508756316917,0.5770346568768453,0.8460076755782532,0.36670293548156213,142.24202294481566,125.31615441237125,0.8337602405606488,0.8303539765912812,0.2271165089843476,0.20196877157190737,0.42111593837241085,0.7728834910156523,50.85207917780804
food_waste,anaerobic_digestion,71.77206182841016,81.44310155621622,9.244245937647102,6.0,11.75940105138689,5.200793965180928,37.83461817495452,13.098140758820065,4.4202967619954165,0.11871659389602987,6.724302257962435,0.4958464522310457,0.8523725381488569,0.857853499526392,35.77606342792455,-0.7208589038262074,0.6953628621971378,0.5961475719215192,0.8396990065098376,0.40478675102085515,104.07733778489586,89.03484044147571,0.8731869100496765,0.9216371393302729,0.15748730458714646,0.3010978239353354,0.6204486618484002,0.8425126954128536,65.58899395672755
food_waste,anaerobic_digestion,76.31351760262645,82.08939795067133,17.08600383263323,17.797569643760493,10.778417241413232,1.8646910471363585,25.465075253111912,22.801736511757877,3.0,0.2250350042281769,6.491512337811294,0.25600382357360785,0.9252733465513163,0.8903390707826389,17.16667245603409,-0.7126370947706081,0.9174780630313872,0.5847832249436382,0.7426295311929783,0.05,147.40236669920236,65.83028099721886,0.8530848513541787,0.98,0.1278819931665029,0.1885652813007731,0.6645248368567428,0.872118006833497,54.38556949956431
agricultural_residues,pyrolysis,27.82920267665743,75.59654206198402,10.599676216592565,51.37032964298662,17.46510955167442,1.3872640371616853,614.8465119793995,1.0,58.91285378337649,0.01,6.623750874015731,0.46916638090031576,0.3791479807040199,0.4567276204500862,19.1071510854339,-0.7208232067280246,0.6312893976100183,0.34047350117252956,0.713346064688513,0.6284380878118712,47.33690554579228,85.5077074491363,0.6861589783840216,0.7538797787573926,0.13272039345610667,0.4484755700109292,0.6882158137968416,0.8672796065438934,63.52494883820043
agricultural_residues,hybrid_biorefinery,20.61017225370459,69.69697734478585,9.145050819558012,39.17706712645086,18.917969338533755,7.737346866364159,687.6994010671178,29.718327852218813,63.945898773365435,0.13893517883772688,7.246200476396918,0.31249848548462744,0.7565592928164375,0.7984583394097713,21.20355386090914,-0.7370965710784586,0.6442490827455944,0.34637937458976453,0.8158660210895858,1.0961889645152654,-66.64426459242958,117.17863192359229,0.9148049560466175,0.9215384614386645,0.09223788486609177,0.7445305573829339,0.624431930490241,0.9077621151339083,80.65919378165917
food_waste,hybrid_biorefinery,83.10926520052031,74.46804984124695,10.63495671356535,26.48597758843225,9.71562704140478,7.56660663525213,425.3867762410677,20.787014799145183,49.760805341071105,0.25569935083363865,7.4193937953913185,0.48170061283657317,0.808332750128855,0.8758115856084681,40.54936902930273,-0.813997413118515,0.5215494253985593,0.5187241985280779,0.6174297516607126,0.4760351297622811,102.25679294566322,122.34830907658576,0.8799272404953391,0.9714247173844508,0.1320225400066802,0.3058265118294462,0.4607892597235662,0.8679774599933198,59.71068289285639
msw_organic_fraction,pyrolysis,56.7610512521013,67.99826637612937,18.128004370129325,31.054217897416734,13.853891751452887,6.998218900970122,558.9118744726296,2.9437146669952257,43.95332340740534,0.10504171314721056,6.51756684369399,0.7239523543085777,0.6123581495328252,0.7218207140318526,23.280085061741474,-0.6199477041690009,0.44977194709819496,0.1725221739682323,0.7320353454204038,0.25977536448447164,156.23685530991366,93.93828248244519,0.6719374923929964,0.826256286517453,0.07173346125409927,0.1656185576365879,0.5627385671210828,0.9282665387459007,50.212198792940306
sewage_sludge,anaerobic_digestion,69.202042836161,54.80505916575478,27.942702216164843,14.111826533243434,5.359483239087698,10.12164850219687,34.205566960511945,22.97571311696684,3.0,0.3215928369011801,6.753062230899781,0.38659970171228136,0.9071637655076923,0.8383330937407925,35.92829464210863,-0.8495903291264424,0.8539667877058469,0.2743498931410219,0.6764467087934843,0.18477614337234913,144.60006693642055,93.57406107926184,0.7891881138199754,0.9091692211082516,0.08157549193169653,0.19584398198332326,0.5481556932300123,0.9184245080683034,54.22592799445042
food_waste,anaerobic_digestion,68.39422690657689,78.99266939029422,3.84279233945007,17.938129497967125,10.354124404573868,4.241346893698553,31.162553008138616,25.23457982187835,20.717779952745033,0.20851320248606225,7.0697842310876045,0.30909256545660124,0.9174905292586722,0.8076776952585065,52.86720567655292,-0.75359258047784,0.44675237657101297,0.36305767503145936,0.558114589475383,0.2695874366071843,114.54579422139042,85.44478452425341,0.794566624349484,0.9640575797551526,0.08772079903035447,0.2739070279963885,0.6095998438206678,0.9122792009696455,56.665150899870575
food_waste,hybrid_biorefinery,78.53031331832221,75.3639694917794,17.727944574387706,20.90551242506167,9.319905120398198,5.658036521393903,662.5272801003371,29.70999633469695,30.987332167314225,0.053916981160979455,7.276343353669167,0.47783254638212974,0.3136316453057469,0.3917880925423548,5.996752086485674,-0.8280545669197681,0.5122026398065787,0.48606392145575406,0.8788077663561519,0.6331900367277358,60.42516838186904,107.64658876055739,0.9583222896498511,0.8477772423200814,0.1605443105132755,0.41448008212501547,0.572740814603484,0.8394556894867244,66.03920941136865
agricultural_residues,hybrid_biorefinery,25.57680053315569,69.4263194563001,6.870229934829396,38.04251899147009,16.7263193491382,3.3924675896896517,610.8104204366413,24.864001283313335,34.2971899511098,0.1682710415163932,6.81626232123526,0.45015731779892587,0.6495774986572008,0.7658623228868462,52.94838075087972,-0.5297929641724282,0.7033775074502786,0.18293552857853496,0.7469393743330842,0.8673521810826674,9.297597412462839,137.15727493265442,0.9390001558793576,0.9384312171065128,0.045058771044073465,0.5472789677598368,0.46893708545579516,0.9549412289559265,70.0187135511182
food_waste,hybrid_biorefinery,72.0227089226809,84.13634201022857,10.338655965428583,22.326932486313986,8.100569831025332,5.79140958031717,709.4823401597614,16.36893967019604,33.4280561523574,0.22228012615387172,7.0440508334890595,0.6097548478389302,0.6814012458386167,0.7261165304877153,34.194575696923124,-0.8684153880584922,0.7234356693886225,0.6070224941813015,0.4811179541842897,0.4780928855801456,72.96839694105917,133.71253117987393,0.8685200093109665,0.945883072261075,0.15976101237920143,0.3819002676855606,0.4014302707230324,0.8402389876207985,59.11954288911458
msw_organic_fraction,pyrolysis,54.26955765380542,66.27781409565226,14.629627538838873,21.72389255201803,15.763677645861748,20.089139287665432,782.223847863628,11.796399436473461,66.25710315742543,0.2350200084933302,6.694325248857426,0.43594534905676213,0.9517612862188498,0.7484150027319221,35.62941043171967,-0.9055475020469385,0.6427808438420508,0.5744992547885598,0.5712067071004236,0.23449427094084574,227.5614762095197,118.20104844623582,0.5170533296859889,0.785704073174249,0.2657132362112643,0.0,0.4294779583110081,0.7342867637887357,38.31013954726555
food_waste,hybrid_biorefinery,65.52050731354754,71.3854048448749,11.434853219537965,23.150368304899438,10.72103704042605,3.378415415612679,426.96144404954885,30.408450854434882,21.538830710536384,0.22102429753932173,7.888582897898694,0.4093056117104181,0.9532887577998651,0.887227821130116,39.583747209292945,-0.7354868502289018,0.9352375464639426,0.3986640072780544,0.6534813110963956,0.8537888064283478,31.860396706723144,127.80335515460558,0.9124658688016436,0.98,0.07746151546446982,0.48867429426825154,0.5151842997584176,0.9225384845355302,74.10204463750006
msw_organic_fraction,pyrolysis,52.885897253249844,64.55805878667549,17.469659953162605,22.056893315149352,15.168095490109042,7.581948533040342,582.0965041101283,1.0,42.4923217238802,0.16725964865785703,6.699286133897774,0.5155773621667858,0.8307494496833869,0.7125235710457918,20.0004535069408,-0.9157908134006373,0.6595223327065504,0.24769063549856074,0.7460622101176244,0.3176525529928853,155.63305639195622,104.3501478669638,0.6546881017714665,0.8632841497879297,0.08951295539329042,0.16718686651439943,0.5206722570954675,0.9104870446067096,48.526577989211724
agricultural_residues,gasification,19.6840261881444,72.5390292302614,8.509456778532176,45.19335229264121,16.995176559557745,5.57544007278621,455.54115350489485,10.593158039792593,39.295725156237424,0.3771810965447731,6.50582069886164,0.9163808036948604,0.6793312744497179,0.65926213774718,28.63065685859021,-1.0397758253771168,0.9348786527573971,0.36861343360804405,0.7080275189912233,0.7891750741959139,129.92167500672446,117.02420676099828,0.5412892635338912,0.7861249377502519,0.16337057035352723,0.23396967530720922,0.5577016386336364,0.8366294296464728,54.73160593347592
food_waste,anaerobic_digestion,55.47410799517269,68.26924407784581,3.60550908259522,21.276325498599697,12.992022526588356,0.5,34.087225584177226,23.445128973941042,26.54608358804663,0.12484437365934109,7.356779937869275,0.3731536814255546,0.5898948863744463,0.47857185914338296,28.747376530829314,-0.9123591736190557,0.8712793958529481,0.45213125758894035,0.3512507056519396,0.3800237833884869,116.57954438777173,75.71488887925558,0.7741649709270293,0.9137169000721829,0.12018987841605028,0.2686245600317617,0.6851058171914904,0.8798101215839498,57.02045421831888
agricultural_residues,gasification,26.264087331576253,77.41519445874323,13.242088773764573,46.53851438569199,17.948726912499318,0.5,694.7965757099449,10.218726569873834,65.68085278239377,0.09831539675140086,7.656235902407696,0.8135087584615104,0.8137614023196152,0.7231864753305711,16.436894676899666,-0.8604058144292847,0.5860879111526692,0.27158442047192793,0.5063605808679119,0.7338705799796479,119.82891898750654,94.44187301318608,0.5181708458938988,0.8519060506932712,0.08921647919291745,0.2601846260064765,0.6643890380524379,0.9107835208070826,57.63562710981264
mixed_biomass_stream,hybrid_biorefinery,35.459557686774986,63.34827353831619,8.280019598354732,31.99026353784233,15.770007686346098,12.777698720611443,627.156082923718,27.34332256690473,40.305929865809986,0.019972949979742832,7.071062287716419,0.4495115113463248,0.9676330453301938,0.9636942430118036,73.50938028995587,-0.752765394739169,0.6795053436772325,0.4990235321333022,0.5436623860431146,0.7164412513578393,78.50613880939,161.8633270619311,0.8224326263742046,0.9511304053746321,0.1305123788917106,0.367516522573013,0.3057048276043504,0.8694876211082894,61.80689529578891
mixed_biomass_stream,hybrid_biorefinery,51.5626939097305,53.28954270232339,18.0433576745769,34.12457907899476,16.827985839922917,10.887200385574566,650.3867450421841,28.1001381431019,47.75722589219153,0.23284692214244176,7.64987681233673,0.5696334711736084,0.8212571655208856,0.8306105924735775,19.151376121491587,-0.880920984210056,0.6509078080352351,0.33611233949852004,0.4003666210639891,0.5912097624136179,75.62603929650702,117.50233655909044,0.809451930260864,0.9228592608733517,0.09403576708780052,0.3749973005285532,0.5116327974199936,0.9059642329121995,62.10468388793482
food_waste,hybrid_biorefinery,77.40053028476777,84.2640039680794,6.292756903360475,18.248111656449442,11.262894216176731,5.755983945127897,603.0979832013962,24.27432442623393,25.998500224666405,0.17866006850863403,6.638893703424295,0.5022575525664734,0.7797009099016031,0.7818502300226531,27.004259631794824,-0.8854647940501036,0.6812825465357157,0.32895332626162593,0.4967970677498548,0.5023137263207218,71.35306381961863,116.15476289521142,0.8640879835268863,0.9578280784668489,0.08043782206545509,0.38609593813086074,0.49916816244734086,0.9195621779345449,62.97974522150086
food_waste,incineration_energy_recovery,62.80805578288354,72.96477283216467,5.5251035280845695,21.367168394986976,10.253193255607414,6.650510859113947,559.702757130548,1.0,39.67318853435728,0.5372251899267596,6.873183707719522,0.23569048486066327,0.7892608936335059,0.6473809005608012,16.63417709137899,-0.7657961635924638,0.6705281284748676,0.6415509746756359,0.7634889155309666,0.13350814648289067,277.5799447701467,73.61254712485075,0.3431738916577971,0.895207476157605,0.3659537885972205,0.0,0.6419373336743899,0.6340462114027795,35.97811614376777
industrial_organic_residues,hybrid_biorefinery,41.78770422173255,82.49760550723443,11.315907377546266,20.975152540024393,15.115942703925347,3.4564821822062504,642.4233531726992,24.53806771188318,22.02748808998882,0.08452115311150996,6.969364023756598,0.21600738202633585,0.7936461872328826,0.8443455729254125,25.2279469608329,-0.8911997711164047,0.7372613311828072,0.19236082598006524,0.7355174107762532,0.9133197836945571,6.325559429093122,100.48683832300121,0.9169645679807263,0.98,0.04274983090922575,0.5549985469374205,0.6720522559759541,0.9572501690907742,77.59794424446441
agricultural_residues,pyrolysis,22.343575385406044,75.26660344904103,7.330124340537321,45.09685390955746,18.418423215724957,0.5,586.4986895158255,11.658157300278514,42.91955341558735,0.14341069416385066,7.097869000703812,0.5686978281941745,0.7200051990256062,0.6209557261721487,40.33885765485223,-0.935726948573181,0.6850965732818414,0.5537866917375042,0.3600076650399653,0.626555192181978,85.43363704866587,97.80209439505965,0.6119977425155253,0.8492638269491397,0.16646469470538672,0.34952302065281593,0.6230942770428791,0.8335353052946133,54.873315852840655
agricultural_residues,hybrid_biorefinery,24.686236311984946,71.18352672996622,13.340932493963914,39.6977394208365,17.7358667144613,1.8238004184776564,774.3735229628497,22.65932435201269,41.506820257111876,0.207362750230774,7.790938969922555,0.2248663894836016,0.8958382665173508,0.9270462712141379,20.99326750331885,-0.9232270985670665,0.40766552653980753,0.45641279080504893,0.8939484111035136,0.9970288949621408,-58.11083446833842,109.22347328535947,0.968709811005223,0.98,0.08756424706205708,0.722365803813866,0.6444859711792528,0.9124357529379429,82.2582059713837
mixed_biomass_stream,hybrid_biorefinery,35.30425165677312,60.780285791143974,16.473104912935902,33.34221551072603,14.601070405321728,11.368626683276615,456.9718042574561,21.397890755328365,31.295419474996194,0.12000275888704942,7.824305197313848,0.13178303736570324,0.6467271583656046,0.6370320452674114,31.694348291355784,-0.9936630376606397,0.6633992202790764,0.23013975474092327,0.5158104461555937,0.8027398119401887,4.612744087841271,121.62824345927984,0.7999148677452182,0.8717453180748839,0.07429422829811193,0.559447417953659,0.5364541088411581,0.9257057717018881,68.73529343987371
mixed_biomass_stream,hybrid_biorefinery,34.95264741915973,61.35000152576527,15.528645698103809,33.53809195483027,16.09612942415209,7.249657116741554,950.0,24.79756655594125,54.14955872803365,0.14445382829972614,7.216350792957005,0.5984462885528088,0.6638932057441124,0.7623395147139251,9.68216436731087,-0.8996089771898557,0.9235577965580203,0.31779626435152364,0.7520854874056492,0.8342208671560521,15.19181348726201,113.44338208470135,0.9251494751184461,0.9207377727165816,0.08904376105175692,0.5319693156175013,0.5864581587495875,0.9109562389482431,75.16462813887163
industrial_organic_residues,anaerobic_digestion,46.87441063784081,81.47098354392493,11.938541341850808,32.139963893190576,14.861948125092661,6.597306803459864,33.42158152413119,23.17394924227715,11.236085845257074,0.18182245438426764,6.9840513684429295,0.37413635022080244,0.7988538253638184,0.7998559647360795,10.959456853120118,-1.05660663641455,0.6507377582552945,0.30541207609600984,0.7994038018946094,0.3718463959051626,74.26532125870105,80.07190786341675,0.8436007108670975,0.9251724040185244,0.08841191835711242,0.378531633094283,0.6603751130811529,0.9115880816428876,62.65393436011888
agricultural_residues,pyrolysis,18.249468532840936,72.27920874058127,8.46053812019467,35.4218547786672,17.28265889595467,5.555740815239074,417.3603424506024,9.226374125827817,57.894442473694525,0.05680152373438106,6.308445075005785,0.7921579139768106,0.5789115892706722,0.7123624324365196,28.961261893751,-0.9022918509429668,0.7289512694841935,0.2949408927698817,0.7885027744545396,0.6464704744996699,72.28469669919771,103.67723287448189,0.7016081410251063,0.8204851583827442,0.1192758673255234,0.38367611246961636,0.596553857682128,0.8807241326744766,61.00366497393077
food_waste,anaerobic_digestion,81.49344161317678,75.21439758158058,7.3402924915829075,14.965598867260628,10.197243106774124,5.457855059966285,39.032380159588854,18.752482139645704,21.303777439328588,0.31558934596817945,7.1602288626633515,0.4213124343840742,0.8182586198690065,0.8253247946156954,39.153417725083884,-0.9065657411950361,0.8150115889631357,0.5249068019704726,0.7904427117919792,0.4815714404971786,77.27105272562719,81.44283018838011,0.8531106872789568,0.9329582632751888,0.14380895067960553,0.3707245383749943,0.6772992422336944,0.8561910493203945,65.34654378223671
agricultural_residues,hybrid_biorefinery,25.107451665101653,64.03636941169613,9.1441918365764,35.455339715093245,15.834301039795397,0.5,659.8066353460955,19.316468598821928,39.00152619165431,0.20869093988072634,6.607920569617486,0.32480126193076514,0.7473734816743498,0.7162729978843339,29.3958715365527,-0.9624536199311641,0.6053112042665532,0.46402490655479417,0.3396508448865066,0.8075312133064313,29.832050272991903,98.44157328805312,0.847396812176088,0.9782314375474398,0.0946372790031791,0.4939427265636574,0.6595433233060827,0.9053627209968209,71.74956958652479
industrial_organic_residues,hybrid_biorefinery,31.563055635442048,69.52388060208561,13.949503189394878,21.461604228222093,18.409141575030823,3.164732765254997,829.8338077302387,19.94647193507678,55.349231795380305,0.1593232309155735,7.190487351766848,0.42298980668248,0.8073089875859131,0.7971965796606595,30.449576050457765,-0.8880686017873648,0.8339253575193699,0.5774437814157493,0.9073252073406654,0.9460797210840294,-39.49263762998564,100.93900045292963,0.9785173570129797,0.98,0.12555098785553423,0.6740068509869758,0.6768796415178042,0.8744490121444658,83.39654155042649
agricultural_residues,pyrolysis,29.40117867220124,68.19358144177743,9.347135397344786,40.36099256154031,18.68575143571776,1.559935467974734,421.276377791312,1.0,28.878342279171832,0.09927224889874114,7.125506664186601,0.5748253719035342,0.7428362931496748,0.7893869184742917,36.40125748032934,-1.1866860112377033,0.6157745886698504,0.2162512570955061,0.6978902321563266,0.6482865398392461,77.34001727706554,93.29848288122284,0.6895390395155413,0.8748044027884714,0.06686690511280337,0.3705454096699596,0.651578392021356,0.9331330948871966,65.36910992960965
industrial_organic_residues,hybrid_biorefinery,43.67072527018134,79.2534295114841,15.065706403803132,25.63815376153543,17.437544782159936,4.213973606608543,631.8829880072814,35.025955899635136,68.31516505405676,0.09061425478742019,7.145533157021921,0.29511553340510477,0.6341838681297743,0.5383777007822175,13.549994423847398,-0.8829581443023695,0.7074449388407952,0.1270832595739522,0.45033136501920645,0.9343819485507029,9.415109570310406,107.21702969561554,0.8466942686809501,0.935383792730101,0.032639869495674295,0.5469737413758171,0.6412638723884413,0.9673601305043257,75.06652959401163
msw_organic_fraction,pyrolysis,56.52370618587729,68.67996790993931,18.696207178413683,22.522502020376002,12.353598898548523,11.949399510009851,649.1508410014554,9.536476465993406,39.243427244146496,0.05223455063629717,7.519246885095468,0.47419107579936076,0.7063770888173033,0.749998223267657,27.022109609994914,-0.9542876793154559,0.766941837564392,0.44346497455232126,0.28122976040810027,0.2415515072207362,231.21261086436772,100.52690601752334,0.504596929595905,0.8137311977410719,0.201645603444024,0.0,0.5240523525489654,0.7983543965559761,42.06595689796648
agricultural_residues,hybrid_biorefinery,36.69444672131173,61.87561775730391,10.465978844476638,39.53381498148248,18.686313903509372,6.5737378415888745,668.6676461865083,23.161046484550912,24.370225853744305,0.2796101764801222,7.026391789625087,0.3848239433247088,0.7460643875988153,0.7938194176473743,14.583412007310221,-0.951886356677065,0.9324551934987917,0.3740251004846897,0.7873620210396275,0.8540210983648397,-6.310707506543896,102.1983753365697,0.9216102558347615,0.9277659977706044,0.09652008389937479,0.5878200194975166,0.6499984556583189,0.9034799161006252,71.65884335813195
sewage_sludge,hybrid_biorefinery,71.21932695522943,51.60210416849927,19.377000801592693,15.897172113627363,5.77287577025046,10.652121528888289,723.2438631076088,29.188634907668757,57.75783694785701,0.2179858907596875,6.635961585821626,0.6063443482884407,0.5319585054164054,0.6579385923786334,36.46784961565207,-0.902511261479083,0.34558900233767115,0.4201116574685943,0.6159577477497856,0.215126365221333,152.28537921735546,124.77421500272825,0.8679321340983035,0.8595125640812367,0.14330203028949548,0.17588213190297283,0.390621405597492,0.8566979697105045,47.968756505830164
food_waste,incineration_energy_recovery,67.12140057395686,77.8031876096682,5.153858878216208,21.859527708581002,12.43682406355607,8.459599297767795,868.9492508965125,4.2121549729156955,40.77206575996081,0.5841308477909026,6.716623080793091,0.14942151001644616,0.6812686252603234,0.7566329950668567,50.06574778619081,-0.9568873540237043,0.6181106292474089,0.3562349743736222,0.6652905029723982,0.2773394081733267,323.27351867478154,108.10930925476848,0.2990591514600407,0.8767046343883161,0.23371981388911478,0.0,0.4920183052993504,0.7662801861108852,37.53005545151895
agricultural_residues,gasification,22.653242913513868,69.47642929119723,14.302851258372833,39.189620650661254,18.86693920528066,0.5,774.3630588370302,4.341597072279559,41.63332714190958,0.4192156696862972,7.174467477863537,0.07503161143837934,0.6248529717035575,0.6919296759468633,20.6507736250991,-1.1735290616764207,0.44259828379918664,0.8237168475497302,0.8759408473821508,0.7305889987805673,113.20356674839427,83.3841319329532,0.5514877407606081,0.8366146882000709,0.3106187370283601,0.27739333312105385,0.7218657274530238,0.6893812629716398,56.84586594925913
sewage_sludge,hybrid_biorefinery,70.26798809678766,56.16003129409478,21.337431374759767,12.391236078977563,6.204195314453547,9.926651868357391,514.4870729310101,20.798076703023668,58.54849599919618,0.1008079528684025,7.517585065980759,0.4187648641896969,0.6221792734054445,0.574177834116474,13.061270188316374,-1.032119834364312,0.3343392557079335,0.4619040399281169,0.47084098824625564,0.41848428079080324,111.98216779892309,106.62809230480455,0.8217248731182378,0.8617731207482681,0.14519100689735678,0.2805657979248751,0.530866055959216,0.8548089931026432,53.509422271301005
sewage_sludge,anaerobic_digestion,80.47971970304768,54.860891934389066,24.632515778107486,18.17455959582809,5.897214796529411,8.08938590673589,32.46882231537944,22.354691871863125,26.531282558029417,0.25549834518970865,7.197252380493484,0.028917756806567392,0.8251827537624068,0.6553292572312435,4.439352944800909,-0.8889093624534918,0.527670322788661,0.4379106759887158,0.7917510420625691,0.15140574290744302,116.87729975914672,52.18011574919034,0.8036254797130165,0.902336770633105,0.13055299330688222,0.26785116945676174,0.7586770752860041,0.8694470066931178,61.169560228735925
mixed_biomass_stream,hybrid_biorefinery,47.761479007489584,54.62389010827265,14.71224494647117,34.77408726123072,14.799579120154618,6.697340836711082,647.447440804928,21.452518780688344,41.25236999267729,0.24514986425881524,7.291032354145535,0.39524984503970273,0.9067585667846888,0.8721779284349103,10.871512597298533,-1.0178251136243293,0.7957215913679159,0.37537101763286973,0.6062107582207499,0.6324008182464538,41.25488899642435,109.42078189801644,0.8762912913013862,0.973006997966625,0.08565542700947587,0.464273015593703,0.5632293279193965,0.9143445729905242,65.03110475867993
msw_organic_fraction,hybrid_biorefinery,51.11306208013626,63.490116680619856,18.085930421347374,16.142778743016102,15.514408842712964,14.943560862912054,575.8806747778434,23.15773615060349,38.31182160201875,0.20094645167244088,7.171472802220927,0.5636755970874409,0.7083080983770164,0.7532582837103521,7.22482842869513,-0.9691395223508298,0.7517024375593543,0.5408883025867454,0.6961146422582066,0.5581211940536654,59.074340535224735,106.18597495159602,0.8545177822911626,0.864496166902705,0.18481002782684078,0.41798872588253316,0.5639131103149853,0.8151899721731592,59.07512979151307
industrial_organic_residues,gasification,40.04487454953446,73.15475545451218,8.99950660737703,9.910509677558036,17.44005473102057,2.6913079963659854,555.9114768953563,1.0,60.58837035659411,0.29949940854283474,6.634364907598014,0.5696219144060507,0.5885667140815002,0.6768368763842978,22.084491811655383,-1.2341976280297366,0.4467987895082977,0.29310885825239086,0.6098604611170464,0.648612644052355,106.8862479739228,101.57726417549318,0.5091957124571838,0.8093685408782799,0.12405659273951404,0.2938019533144862,0.6080776018205013,0.8759434072604859,55.636728759932076
msw_organic_fraction,hybrid_biorefinery,56.916303082062385,60.729025814792024,13.029869135034538,29.14920072691742,14.715419438057372,5.914026715360279,774.9238939959846,21.725672313239933,23.29196598702687,0.21285773086609783,7.468285328715852,0.1895807524395267,0.7759231014406167,0.8283758280802065,10.076176004641761,-0.7847732928976252,0.575899775319056,0.23736446044703408,0.5325942757713744,0.6405126383823679,42.533192186812315,99.09767371970291,0.8469168421304837,0.9675838217791457,0.05853471930635847,0.4609527475667213,0.6193460766562109,0.9414652806936415,66.65451178924069
mixed_biomass_stream,hybrid_biorefinery,41.55017283107867,63.257274843072395,20.082608619693552,33.03234911148115,15.182845873963503,7.120693859918864,655.447097745196,25.764375816877976,42.06347274971787,0.07708197720238809,6.89134639060466,0.7193829168367765,0.845513903847576,0.7219571091076604,23.05440145950874,-1.132909021002331,0.6996531759838108,0.7529179863239407,0.5977227975275439,0.6204595790445578,59.37923406440357,112.22625781576161,0.8971364757093959,0.947651082959401,0.1833133179611479,0.4171967946379128,0.5458365925700047,0.8166866820388521,67.51495128928474
agricultural_residues,hybrid_biorefinery,26.666116956377042,75.65638815400192,7.864493338372904,39.58195433660448,17.45000434407626,7.666477713156439,430.50634606872825,29.427966114001126,40.473622938634485,0.174986941609363,7.030777872598988,0.3348587573134342,0.6930679124913398,0.7119397225515718,22.954880517384744,-1.1464941265013906,0.7247141461970401,0.2858683326428773,0.8886350916108697,0.9997367722472228,-25.795640462748366,109.3213023520156,0.9352821294956971,0.9014175279325246,0.07955956838389826,0.6384302349681775,0.6445668143574648,0.9204404316161018,74.7075229197122
food_waste,hybrid_biorefinery,63.585701077745625,85.6862379311819,8.863075326228008,19.065406503711092,9.926685926255091,7.319523995093636,715.7623926433735,24.573317145802843,31.180142120256196,0.25658211586327867,7.414916040541933,0.6166709762341033,0.9629786272604328,0.9289913544934074,28.81347173495152,-0.9706981371890498,0.808363815187486,0.6432255350429155,0.2694588751527406,0.788820064995035,26.17836522473477,129.18851406615215,0.805461728921258,0.98,0.14278751829806682,0.5034328175980916,0.49360086658231744,0.8572124817019332,69.06947476972555
food_waste,incineration_energy_recovery,63.794279194093406,74.97138490754844,10.249305471529231,15.661763461547693,8.280381861243745,4.884666293616701,746.1439300016384,9.342673144618978,51.387726762462115,0.6072815075599642,7.145628174464976,0.29898711477710127,0.25,0.41808557447998035,30.294189141164157,-0.957914933414954,0.7370863778620869,0.25301105554591685,0.7551496266714574,0.1426636993988259,318.99468793819204,92.77506270814837,0.3585137117947156,0.7835664914977335,0.19174965051164403,0.0,0.543096210140645,0.808250349488356,35.30852209447953
food_waste,hybrid_biorefinery,69.23870116587145,61.406531895453966,11.634190925026534,12.9837235808412,10.145444368451994,9.102054175477644,620.9282781899161,25.192420162410574,45.393333435540086,0.21679085058973815,7.186205786629242,0.17797555992798744,0.6679117160241221,0.6152066728838621,32.5213518557605,-0.9589001516427769,0.46478424439379573,0.1535188487519236,0.40995551699033866,0.45058441447584086,68.88062461563399,115.25483363568829,0.79301254481348,0.8816814841293663,0.045564336720915616,0.39251785814121043,0.49252418362843087,0.9544356632790844,60.33455707950511
food_waste,hybrid_biorefinery,69.99167481101574,79.64904118007907,6.800226651637722,11.274755339783361,10.851557533474082,6.047225384614492,709.6819865201749,23.6579308936083,41.11150874360042,0.19476902050530126,7.282754978532927,0.6760613101918883,0.8279150069591452,0.7639585220503311,5.4740095952360015,-0.9177372003480055,0.6855148984127304,0.23874363237357663,0.3753303544219947,0.6968398859374129,35.54342339738926,104.0228913696283,0.8455869157285484,0.9438109238115421,0.05681211439304724,0.4791079911756123,0.6058158729608187,0.9431878856069528,67.1112888117831
industrial_organic_residues,gasification,37.16626601140789,80.87826196561497,8.82645197688957,28.983885438657282,15.032514967252787,4.72986852211381,802.7236548561549,1.0,26.185196995539634,0.19720416242810263,7.0998480383493945,0.6714933273711869,0.7340146115587006,0.6230427009147776,16.8926172181198,-0.9558365450491281,0.8289543467686542,0.30660009736429605,0.7760308192283809,0.4852490388433159,145.47327187397187,96.53595848222095,0.5446180913419935,0.8381783731764639,0.1266879119116729,0.1935759172104627,0.5986707965338403,0.8733120880883272,53.1396880494966
agricultural_residues,hybrid_biorefinery,22.137513046924006,67.99544871588246,15.62183313588916,33.364556639837055,17.349165791930925,3.1080241320002027,576.8109586432923,25.453408363819793,44.32217474266902,0.19791894318412415,7.1912398473474,0.39507016220851604,0.4504022191713806,0.5219750336240877,56.91297776153966,-0.9998287977056111,0.6547083462567859,0.4275575139478148,0.8122809013235593,1.0351690646742302,-20.681267250557607,134.98719947366482,0.9529196693835696,0.8937060241104764,0.11854755548425445,0.625146148702747,0.5172782496300947,0.8814524445157456,77.70953900437925
msw_organic_fraction,pyrolysis,52.79011722407682,50.58314934627293,20.210138490241846,30.607725296746036,14.297263707422466,9.189958778491413,760.6352193664383,9.093746482189776,37.18900064712517,0.15391750988748387,6.962064248861539,0.21473467973017724,0.5525212726751499,0.6013646009706126,28.945114091533583,-0.999690834643945,0.7976630090909788,0.458720095943433,0.19244260575722905,0.3374836295982018,225.24394017605266,97.06288366635903,0.48095971436828155,0.787014526264995,0.2131964905220638,0.0,0.5633891160570832,0.7868035094779362,39.9716369976893
sewage_sludge,anaerobic_digestion,70.35294459354084,49.350651102484505,22.110949262896156,6.0,6.138927253567947,0.7047785873694146,42.16509264810623,28.770233545855938,8.947376723149276,0.30820213223018594,7.621585363275695,0.5819872322887102,0.6170838715603575,0.7060758051318263,21.892110941891765,-0.9969049221849222,0.5179304176033606,0.8025714682514649,0.4025531757894452,0.5768918759948588,91.79184313438434,71.20604329389768,0.8022638224188723,0.9032635293152028,0.21134785966097308,0.33300819965094974,0.7521475638036179,0.788652140339027,61.35236387109647
sewage_sludge,hybrid_biorefinery,84.13485936120594,65.12332626313464,24.682053520469125,13.826846647726969,8.556074931371784,5.339014559954348,457.7235154183421,20.61495595747787,60.326930128236185,0.13372306074708895,7.312963705680692,0.7554244849842824,0.4938138859168713,0.7077159156840317,59.60187095953223,-0.8599610537952775,0.6677168170755683,0.2168760957200423,0.5360645195977781,0.5256985144699224,105.1741014186305,135.50244517801204,0.8970769867785067,0.8962139726116256,0.06364148220691739,0.29824908722433635,0.40248290908858275,0.9363585177930827,60.94273046728115
food_waste,incineration_energy_recovery,60.73029718315342,75.35690541113036,8.402046466482659,15.104984519112683,9.528703187536584,2.523637555754922,648.2461665143915,4.824424008168569,56.440930111715765,0.5482416931833,7.191361231555341,0.37749633348645956,0.7702974249959393,0.8082718313024224,41.17360768258402,-0.7929392163694342,0.8408643519786309,0.24358542118767648,0.6256464070550664,0.21820584306286148,261.22194038485964,89.2374191528119,0.3489458455523989,0.9272308502943591,0.12101303396223279,0.0,0.578334658353767,0.8789869660377672,37.215030828068095
sewage_sludge,hybrid_biorefinery,65.9331678131319,52.9393064834448,15.699716653240179,7.670233858682442,7.197460672352679,10.301232701457698,406.36537155570807,25.752759099622615,33.328319891135834,0.0948666455964504,7.173620693282111,0.7311992297109894,0.4611246942786111,0.647001574877272,13.105445674237176,-0.844019454145594,0.9257785537090463,0.3811621983758479,0.7537578547723681,0.4020280813800542,105.11338132287747,115.2149087826296,0.9148267731597673,0.8292158473561222,0.13448507188996417,0.29840680175875983,0.4820519211529298,0.8655149281100358,60.36144265072278
food_waste,anaerobic_digestion,69.80778307773889,74.4743981391516,11.049606975349217,15.354571591292567,10.980844567471719,8.555101054325691,38.38773571897523,34.09164217384924,21.530352114460403,0.32967655582424304,7.128580375531857,0.20168427641288747,0.8710801628492028,0.8544607132982293,40.56662311896047,-1.0459159720503755,0.6562776056737052,0.7613774334541727,0.6126695688212597,0.5999832544916219,106.68279235066431,97.12787753281238,0.7694164269380661,0.9208091250623036,0.22208672555088782,0.29433040947879396,0.6207969605523023,0.7779132744491122,60.861094825359125
food_waste,hybrid_biorefinery,69.18731699735609,77.68395060887514,8.070287528549054,19.17095914996448,9.493922708978012,0.5,781.1230702377109,20.172760862826966,46.69664444799354,0.12677043224410428,6.894417343236321,0.14155791974980714,0.535103043870689,0.5982273975011043,9.961383461268289,-0.9621560869611036,0.561975559600796,0.3239439093617514,0.7495124409452266,0.45337590221384116,23.962498049195208,82.15197367466139,0.9352027438162913,0.942848898619343,0.07650627297049621,0.5091883167553372,0.6673638896730378,0.9234937270295038,65.60520536089855
industrial_organic_residues,gasification,39.21780998356574,66.11646122039137,6.07551883387157,24.706132727815277,16.20967320723576,5.742334167385154,789.2666701248306,1.0,40.31351257436571,0.24856980941535328,7.335294825906548,0.33103965810832936,0.5620288273311107,0.6257586989066692,13.815919443282567,-1.003108657221539,0.7589032067802479,0.5209966352419367,0.8437062707706048,0.6228637671932603,124.86396432188361,98.01719767530113,0.5272134011696216,0.8120847277331683,0.25158239663297344,0.24710658617692569,0.6211500410177745,0.7484176033670266,50.468171469862824
industrial_organic_residues,anaerobic_digestion,32.20805219613297,88.5363471054041,10.289840951894698,15.627706029549154,16.95067712423489,8.287435130318496,42.96961787290982,27.635724505294434,5.433865455241724,0.05945442179547927,7.31147706113137,0.22189173901183248,0.8121535872977624,0.794730851529593,26.34574592272184,-0.9560824474667805,0.5136432197804389,0.4111059168348353,0.7787004027323288,0.7421987802025994,63.55140144633614,73.50801965698486,0.8144143938917994,0.9076347516672222,0.12462508807131494,0.40635999624328273,0.7763994176604411,0.8753749119286851,64.39877552437561
msw_organic_fraction,pyrolysis,55.924129676000206,63.22085314590346,17.724442334680976,24.517763064114817,14.238325050254815,13.559494928470986,730.4972059855986,3.0407700991022666,37.421282343570276,0.12655441595169437,7.34296912204997,0.5928654170814127,0.9440379800529409,0.8195135707418659,81.87998016907295,-0.8490980878598597,0.617552055841177,0.2826427283543832,0.3365744889196452,0.25504445161760725,288.59536685537137,131.54732177220845,0.5166563910971275,0.8515110178225949,0.11143377616605196,0.0,0.36375545423898703,0.888566223833948,44.33108213436651
sewage_sludge,hybrid_biorefinery,84.88011848541272,56.55869403923459,20.02158826739073,6.694537999762485,5.892563881047846,13.667769630393364,605.9382668004855,24.618137063279683,32.474913272025375,0.09905592721635811,7.159237278417842,0.6624290042003959,0.7419386745754059,0.8298242570093632,41.64126901430136,-0.8206008752888376,0.7320698872164724,0.6177286899744437,0.19934160155277889,0.3003763234220801,217.42239778886847,140.94380531200912,0.7471553333114728,0.8648850441593542,0.1989142337378423,0.006695070678263726,0.32427328951070444,0.8010857662621577,41.12893037957195
mixed_biomass_stream,incineration_energy_recovery,41.63493527732629,52.64416834283287,9.492389507792533,26.95829175720978,14.771355118260553,10.001846462615033,723.227428155409,16.33056906275588,36.13731848240447,0.5280207700626005,6.551270664948157,0.6835301869809209,0.40495010054631125,0.5240983522147808,35.449206178778425,-0.9785088239703248,0.8816249263201317,0.5691980910308376,0.4905726186133933,0.3150061650108385,279.43245964410846,86.38378229490519,0.28731264437351683,0.797532333737091,0.4688930147591173,0.0,0.6146498705397255,0.5311069852408827,34.45465754966488
sewage_sludge,anaerobic_digestion,74.26568570831206,49.17496633474768,20.333427621155177,16.779422908695324,5.338878369670998,8.23655322725516,39.73297952517646,18.888963467876167,20.099252067095016,0.20826886613499246,7.061831171575591,0.923612600016031,0.884099163275592,0.7961990564237196,15.51198976004349,-0.9373341640743011,0.6075002071233963,0.32924961150829934,0.879794353958398,0.33601879323025313,85.03024780004745,84.87633343979536,0.896181723900096,0.9225938937844008,0.09403944015981246,0.3505707849349417,0.6272065900906801,0.9059605598401875,60.16257613153375
food_waste,anaerobic_digestion,63.661100285189875,75.41010001383908,11.910056445014014,30.321383496023287,9.901217533772488,5.3798325844051575,51.74194147396576,23.023684039469718,13.618388672279455,0.09338539517461243,7.835708506574688,0.2763072264634572,0.3994028014997319,0.5971801486668482,27.81341666882441,-1.266977671516519,0.805398915430249,0.8146643712569273,0.5011355988216314,0.85015864586576,55.85587561998378,76.62332371895137,0.7697296497316484,0.8532521451780108,0.29582387856105474,0.42634837501302913,0.7837542509380915,0.7041761214389453,67.24158815104964
sewage_sludge,anaerobic_digestion,76.3821120361248,52.61041900511747,23.21398420693856,13.210458616699595,6.986899497662019,8.667556009211662,35.169207887773474,21.590118160781376,3.0,0.17160914575885525,6.804966069457599,0.831686533263543,0.8035192345463075,0.8055032516492955,22.185071060481945,-1.0033782924291283,0.7611039367373914,0.22079711679908937,0.35838646131731433,0.1467929414226695,168.60606024051785,75.86018342158432,0.7554586459259304,0.8983541336768873,0.06821768144244494,0.13349075262203156,0.6330303238414909,0.9317823185575551,48.14472162888598
msw_organic_fraction,incineration_energy_recovery,52.47165798530393,60.150877793549746,19.80406311620857,27.93950701978194,15.127491477854319,14.540283121340149,609.8038477622913,10.52744151816248,48.28303303575426,0.6058585033216386,7.052150407144067,0.4395241704913701,0.3819497465329416,0.6043431832198476,13.612178062940055,-0.9213663648278979,0.40187396750454557,0.48371872604217564,0.28900609904700325,0.26827740622699847,349.0502375050722,104.91106711087698,0.18563147655167944,0.763918677079278,0.4603140344914305,0.0,0.5068575182600609,0.5396859655085695,29.998349218622668
agricultural_residues,hybrid_biorefinery,25.875221485628458,71.6751118942418,9.712526982356334,39.27328733139345,21.099859440392752,1.3694322717155711,532.7719946884997,31.454128264410997,55.1898322939152,0.2566302055223392,7.218554933151436,0.4324105669948597,0.8077173311693222,0.6801836767198192,34.75494830377046,-1.0389937608937665,0.6941562663526969,0.17588068633213755,0.3581925985720389,1.2760285339548019,-71.28715208056178,126.35042133742554,0.8545549691005895,0.9674163009240635,0.03555459523162885,0.7565900054040566,0.6157240599046588,0.9644454047683712,86.21720690239292
mixed_biomass_stream,pyrolysis,41.832291333927174,48.756141871196306,13.710454835219766,35.295768705005095,11.233111466066497,11.240275257865093,749.6984969675656,1.0,31.160552780050836,0.019639451092283162,5.864765740512944,0.6068958410015041,0.8110663070042277,0.7782415225226131,32.70577123866919,-0.9988430684504879,0.5492318589138839,0.2184827027383563,0.25708095118349206,0.1991058019390281,256.9266981600259,109.63844436770532,0.5141399782709376,0.8197155527727302,0.08994294083156182,0.0,0.4667588323860319,0.9100570591684382,41.108491381928104
sewage_sludge,hybrid_biorefinery,78.91933950731301,52.44865103674414,23.331514265770615,11.073510674362563,5.248545848963032,12.863391928418455,718.3137866696247,24.653238379498333,51.66025464971274,0.05449758039181665,6.977387139281235,0.1369734875256126,0.9139110625508003,0.7657244624240074,32.84369051144626,-0.9834314835355688,0.708750544169931,0.27078626447755627,0.7439617868933539,0.33480402649476804,150.6331088403985,122.09601029939871,0.8469045822264583,0.9027321021333277,0.07438754334520133,0.1801737432716922,0.4310463053056979,0.9256124566547986,51.73133969253413
mixed_biomass_stream,hybrid_biorefinery,34.77275440186741,59.54753694808731,17.030981829960712,30.383601191524463,18.221702870799117,7.28070050538242,538.3406163216279,16.71181812824706,53.673012692371586,0.26060402390810455,6.941961786309448,0.4982094548914703,0.4828221747473486,0.563607064420454,34.3638790499765,-0.9066336779434983,0.37307215988145104,0.09737965514110317,0.37799103610761275,0.6655181796114994,48.960445830848805,125.10722300491896,0.8233896118805438,0.8775437180239553,0.030779148092445568,0.44425858225753556,0.48795493106758797,0.9692208519075545,67.55224899918285
mixed_biomass_stream,hybrid_biorefinery,29.615994711392403,65.83372531546406,13.657914890598208,28.701979314448415,18.190777353859573,11.784443425251077,682.167297253565,12.236667407281086,53.54704459681258,0.10503980519266923,7.072516317769533,0.48433958147610207,0.7534010319955738,0.8444430282511199,22.00360168099702,-0.7781807600721351,0.4780995092782113,0.48715392809479335,0.5686556394481223,0.6535238438638424,40.4153892014094,120.8970056837623,0.8384199724033612,0.9199024025387853,0.14743603921161497,0.4664535345417938,0.5074752157355069,0.852563960788385,66.61057688550572
msw_organic_fraction,gasification,41.72110705861809,60.129471166237565,19.674175495464286,22.219547424787326,14.929426925292335,14.479112806441554,751.1085876922738,5.664571948982583,39.76790120094596,0.2594193557893526,7.0241350652053445,0.11042697358223304,0.9174483900634064,0.9211063610211473,38.1978062807692,-0.9125943359817653,0.5572133428509789,0.5057881189145165,0.44813767763535134,0.30129035842740026,275.01266149605226,107.75527992651723,0.3495147876503256,0.825329408232907,0.2454510703948588,0.0,0.4991508266092005,0.7545489296051412,37.45473160546961
industrial_organic_residues,hybrid_biorefinery,51.15637693883484,73.32241208777968,2.0,20.630223416461437,17.07709708891442,6.025016073290249,429.48333602737057,25.246659271897908,51.288712468138115,0.12909607150319127,7.063637813217733,0.2751538444705386,0.4975972786391033,0.5294182232657121,39.16782255767789,-0.8298007181316746,0.5916412281471267,0.585793474041014,0.7575857685812303,0.7844647590050843,11.191929893661786,118.11692991866391,0.9092336371899189,0.8887269990963165,0.17571754961093475,0.5423586236528265,0.5509141947776243,0.8242824503890652,66.20573059267292
msw_organic_fraction,pyrolysis,50.15201903094946,61.95486259990323,13.612744264035385,25.214660633161113,13.310278478778837,14.225300205700496,657.7071838883338,14.469588477772797,50.474607169449015,0.0109214110810745,6.424983279962033,0.44198530117146984,0.684564359164089,0.6447999110087428,30.678540038678655,-0.7437696724409165,0.8535301034640903,0.45852418629895736,0.25900553978287305,0.26102455652803364,215.8714526066748,114.51990791933508,0.4805331075995324,0.7861192344487091,0.22576892881502847,0.010723499722922577,0.4546890449659828,0.7742310711849716,40.58604399117714
food_waste,anaerobic_digestion,67.3011113282256,75.38648725289045,11.583715723984458,12.978629980744575,11.19459240591741,4.304403080384434,39.8581924474346,20.122810778005032,3.0,0.04101741738591358,7.669673313760172,0.5410754066359761,0.8503533249131576,0.7479256748921062,71.73811608305198,-0.5681353076727649,0.6484010569057177,0.8886815193511911,0.8462073416103051,0.6239682186822089,83.11876853831222,111.11905994394726,0.8847070463707633,0.9338397065330228,0.22754081318421115,0.35553566613425397,0.5524358505103635,0.7724591868157888,62.03193542506215
agricultural_residues,gasification,26.72207193516019,73.26064211018212,11.150658812162893,47.41795866299859,19.014519694592142,0.5,734.2621979091499,3.4845048462882984,35.679365050086076,0.3185784443690568,7.122545491732527,0.6126495005385277,0.8099403227778603,0.7885470904397285,13.772953676121396,-0.8251325083559922,0.5814730484984464,0.28060722790405973,0.5984687032997317,0.7851760877056302,96.43935627794477,93.68715381554769,0.5251291358680151,0.8562857349353313,0.09245629806690693,0.3209367369404032,0.6796484560555139,0.9075437019330931,58.71379112730316
food_waste,hybrid_biorefinery,78.01125151939183,73.29806673689623,14.181134291203996,21.773252203741652,10.381425824460747,3.5471105585166383,621.1921240278353,19.38996209979215,45.07531249795772,0.16712619876151846,7.216856388589231,0.0972312167619366,0.8307999702174405,0.5898878188316126,8.81941654444666,-0.993366024668233,0.7500578435975803,0.6580589927607576,0.6235119402122906,0.551510504197494,49.172862918564704,90.59420038820417,0.8788267084844111,0.9713719013474889,0.14255303642935072,0.4437068495621696,0.6445207299329004,0.8574469635706493,65.9928112438973
food_waste,anaerobic_digestion,72.56865866809073,68.01957024884882,6.541166521363916,14.498827234578481,8.46596505267352,2.3714590750150597,42.6262423703375,26.493272192694395,3.0,0.22142555619941526,7.265094718362919,0.5504480226994828,0.8726433695757344,0.8324023834619907,63.3378959894026,-0.7626775253817238,0.45606320244816745,0.17555302792605298,0.7727575048370946,0.5344457735848969,112.30079350982167,96.84049838650353,0.8806250045001269,0.9659625967992623,0.040958339167722756,0.27973819867578786,0.6078912365755008,0.9590416608322773,66.57001974395416
agricultural_residues,pyrolysis,13.9409748108329,68.86209355200124,12.362948764901349,48.632832735821054,17.808046377082405,4.999578721594768,627.2623496918227,6.782868895612589,58.85370297191069,0.06640386924555236,7.1769410338487525,0.13052299143418108,0.5297996544080423,0.7005552383732778,7.680743027964272,-1.0216771824092101,0.7798315005392512,0.7491239042572506,0.5283867528158359,0.6053222962066381,90.27271126991292,85.13500652158322,0.5875414764675301,0.7827503093140366,0.3065898857080875,0.33695399670152487,0.6850919234729171,0.6934101142919125,54.47312596711886
industrial_organic_residues,anaerobic_digestion,42.52553122797421,67.20301344777903,9.627014165208804,19.81444470271292,14.726346198062721,9.196459669573297,34.62742830377071,21.893837585002288,14.494459603297864,0.16114184011142957,8.063215095519821,0.6321985606331166,0.8488057803897067,0.7990788274729099,20.554571435050157,-0.8408953229017712,0.7339587721866138,0.4180730510461153,0.686667700805399,0.5182909973123222,79.38605119284925,79.02542219427734,0.8178675923649861,0.9171720302845692,0.1267393206283553,0.3652310358627292,0.698100744701988,0.8732606793716446,61.14580131273661
msw_organic_fraction,hybrid_biorefinery,41.744548386405796,66.94044605503586,16.99327494909949,21.693154218521244,12.95418588036029,13.271339302230619,835.0213903457742,24.991978148277013,54.36581101503313,0.12174625244520987,7.0050046636483385,0.511466886340985,0.7253788688904546,0.5749031513712073,20.88744386056993,-0.8106637172762332,0.6008517699013437,0.18967951901623423,0.3883165552086868,0.5145975848191648,96.05906073743164,135.12863896184126,0.7850971145938361,0.8748621368017638,0.06115062390330842,0.32192451756511264,0.40200810570315704,0.9388493760966916,57.888051030398486
agricultural_residues,pyrolysis,18.438819570457095,69.61744586382976,12.108846667056557,38.19069953478803,14.151307792570405,3.8306432182867267,592.3214555663075,1.0,35.88838075962415,0.10801763479877924,6.657232930685743,0.6359175754710555,0.6336990035347325,0.6256613434391918,4.878980536523676,-0.8500425834037888,0.6059620575606194,0.3253154619542676,0.8382939056755088,0.4114457445644914,114.7144152510234,79.87468549108776,0.7136323799285545,0.8265926937606043,0.11899620772800226,0.27346905129604315,0.6701249822721472,0.8810037922719978,57.3025819328521
food_waste,incineration_energy_recovery,77.22800969075875,76.7678471216248,11.530232282931198,23.68137664308363,10.984720302276054,5.231078659873115,810.5815707954692,3.6587284570594174,51.23297277909421,0.5376269046953719,7.157193084175935,0.23184566690294273,0.726313493434812,0.7723667608083999,16.56530158903288,-0.8631597245200318,0.7408268511611025,0.7557084144640326,0.7144404255400155,0.1060634699303181,329.8960816106997,82.38992235035957,0.3405402091181275,0.9160253149672181,0.42991269886181077,0.0,0.5897027931196196,0.5700873011381893,32.50522566268142
msw_organic_fraction,hybrid_biorefinery,51.07559254890672,66.2467192057722,18.23512558415776,20.24264326474195,13.178306931416364,12.347102873251432,717.0151534352058,25.998446385319873,46.97450153008756,0.1414773931064254,6.939442831329817,0.3019637100140334,0.761941478905755,0.7664369622354968,34.29153671242433,-0.7916047302671103,0.6531954933938356,0.6076917534220972,0.7296024526447399,0.5591239293485322,105.99551166674726,116.9552087552123,0.8601279898495475,0.9055484876466691,0.18574124525392408,0.29611555411234475,0.5074535341660861,0.8142587547460759,62.98774717285767
food_waste,anaerobic_digestion,59.48739442244016,70.67627759578208,7.915308122065799,20.882512339141595,10.1456866570526,3.2492961080240823,43.590116592657765,23.009929105305783,11.357416043526861,0.39777191252860666,7.147186522666885,0.2247307319726394,0.5342841510762705,0.6449076630684751,32.81630017319135,-0.8898653214397367,0.9451934411997569,0.46538975128802834,0.4004617079533799,0.6101746428507864,76.870894704383,79.52758196404153,0.7553488127899876,0.9001372190933968,0.14363387796094718,0.37176390985874547,0.7156722005637965,0.8563661220390528,66.31519489320708
sewage_sludge,hybrid_biorefinery,77.94050513014462,52.19640130790885,23.344110581825596,21.726642513280957,4.815043836066417,6.662972359812308,490.49592971812166,18.81707594035725,41.46388209441056,0.12909521846673921,7.331992148221802,0.5193576859719546,0.6265815315794081,0.7080553136322933,20.711373149862304,-0.8270765944039482,0.7622751842542868,0.09975622269505885,0.7499191201557279,0.3731643178434072,91.70278310557777,129.86767019870643,0.9223875883980022,0.9266519569569615,0.028116027143664284,0.3332395244010967,0.39858209624814733,0.9718839728563358,59.6600949903247
msw_organic_fraction,gasification,52.992485266664126,59.114395865192456,12.305834025388577,30.291837042490496,12.658844735772462,17.17701616368076,532.9376373785686,1.0,39.2440141890509,0.47233561598130863,7.09187046257847,0.6167802833117704,0.6275872168801174,0.5598820241423255,24.7871956416911,-0.9306490267884651,0.39661055462737593,0.5085316008908118,0.628848487823391,0.2083437398961016,256.8364328674391,113.89029618337686,0.416315431475024,0.7113552554408021,0.3301931691177069,0.0,0.4464130112856852,0.6698068308822931,34.46516326770307
food_waste,anaerobic_digestion,59.97375556820381,77.53864223704862,4.129350409161087,7.764274626188131,9.693483952484456,12.390752686537953,41.87693976512456,29.960520218285012,15.300998462284326,0.1943810369011978,7.46338706585702,0.19344180430325877,0.6064507824704708,0.7382973592321558,15.342441409647531,-0.7062851551244296,0.6640305428513873,0.14569123400392386,0.8374283136170749,0.6053994837656653,40.26360043003955,79.58128499637175,0.7980971539427638,0.8160294997839792,0.05810352625749453,0.4668477910908063,0.7143390180264898,0.9418964737425055,65.84778582643993
sewage_sludge,incineration_energy_recovery,76.53897105666275,47.15920859537785,24.17315614443491,13.322891321538075,7.937911837452508,4.252703409573544,566.1256817776477,5.960444423570922,33.66586120149681,0.38530102479659645,6.869065702557904,0.5046260202403069,0.5172270338597168,0.6834561824357752,11.406902035067164,-0.6438377636872226,1.0,0.6170429030060943,0.8647026559216996,0.05,301.24890633850106,79.17352816905908,0.4067768217326347,0.8547221065127468,0.3905308229898545,0.0,0.5942972201628469,0.6094691770101455,34.662758201247364
msw_organic_fraction,gasification,47.847399133870915,72.47599462612257,17.479109375406285,19.47327564756015,16.01853544491895,10.430026844198949,670.5704483970999,1.5660938840028495,52.489837194452875,0.23629301985372267,6.6527002899097045,0.27224584479091535,0.7557686772028758,0.7767156637204922,10.230651589156697,-0.6805202843446376,0.5759219703236031,0.5596921006002905,0.555375078926097,0.3496358461835946,204.5278884124261,90.33948503408534,0.4176132494054049,0.809104685727023,0.2751943250435518,0.04018730282486725,0.6014489122967838,0.7248056749564482,46.605378421805185
agricultural_residues,hybrid_biorefinery,26.80628026238233,75.76724765912023,10.70785146200581,40.79542709869705,17.03289523194858,6.6265091051021265,633.475197120744,22.066518576634824,16.93275383221401,0.1710948379390914,7.009613257922018,0.16293038928721837,0.6672877484709817,0.7993536820150613,13.628906020690003,-0.8074443814650972,0.5777868227614847,0.41300914813458883,0.49122001638116086,0.9013976833986759,-11.682375001136387,112.0117666763745,0.8294538715025527,0.9121943041894544,0.1130281276443039,0.6017724026003543,0.6087718762615271,0.8869718723556961,73.12078992498547
mixed_biomass_stream,incineration_energy_recovery,38.1218379109784,65.24258151273665,19.041011567735993,27.002309225009245,16.75158030815557,10.755348529246332,702.6828694497669,1.8340041015274968,40.04440325501673,0.5091282480790693,6.588699028643327,0.4043550555053956,0.7879162660898886,0.7852082816929238,10.5742664715684,-0.6498633112474022,0.5793330397999508,0.36827266184546903,0.9322529344974729,0.3351874585937143,276.804789223887,83.28992874652738,0.3701241983600756,0.88139095226411,0.2398989217504433,0.0,0.6353731948562625,0.7601010782495567,40.35147523479915
mixed_biomass_stream,gasification,30.648538490631303,52.63046721942129,21.862734004600014,26.255109931926626,17.04273373004154,7.403176303098583,525.8166120671937,4.107803880383306,41.08002973627878,0.3261312277934566,7.085034370103437,0.5491303138408689,0.888947414276623,0.8340998415774303,29.778808530516027,-0.8612218683225337,0.6337724886117221,0.5793938650996167,0.35365500178029174,0.493788733108306,220.5689341690519,119.6485173580901,0.4105219414306524,0.8716193836031717,0.2328912137848243,0.0,0.4789044825570373,0.7671087862151758,42.696693820615906
msw_organic_fraction,pyrolysis,39.88925583486192,73.2966657686135,20.735091592793932,20.02152363499433,13.066972208484735,12.480501635739246,548.2044331937868,3.324631781721531,36.44181572839156,0.05197183801211729,6.308475681628811,0.5938351088748584,0.5352814573518674,0.7079656383833337,81.88504727726671,-0.8049665782172387,0.7600505626476061,0.4500749118340894,0.7529268668159904,0.3091836624603196,194.64480678661772,134.03998202324556,0.6283750139638116,0.7712310494000373,0.23348622622128298,0.06585764471008385,0.3625468161452411,0.766513773778717,39.16185557983046
msw_organic_fraction,pyrolysis,39.06307676505751,60.424892198805985,14.48268669933073,30.377792073825102,13.267564192846635,10.768239273504111,684.4894342191728,1.7854843855979183,73.91889435229061,0.03862976037166215,6.944799123899424,0.5518392318629936,0.7856152558304751,0.8671526358926458,8.51337667708926,-0.8285586268902082,0.6760791135546472,0.4103323589409995,0.8791508013909404,0.35066791592918684,127.35967389772532,80.25601640742852,0.6685571639822459,0.8414948365084715,0.16987076732387413,0.2406242236422719,0.6547468551495342,0.8301292326761258,49.42845976335751
agricultural_residues,gasification,24.922033757855655,68.23732891071484,9.222544994076342,46.34025357398066,18.127078703331954,1.123036020132126,655.9045397870475,1.0,50.7113351670467,0.22233232047646723,6.581820096530608,0.587536322932797,0.4199555738233768,0.6361280220880592,42.94330461724818,-0.6687363350252337,0.7672648084213308,0.25053876409999787,0.7471112776818055,0.7231107473899465,97.55806594654025,110.24064493863169,0.5559194731141502,0.7748320521454181,0.11059774737108462,0.31803099754145386,0.5788704436961477,0.8894022526289154,57.31623446222279
mixed_biomass_stream,incineration_energy_recovery,39.000150045384515,58.80379070964271,14.292241179765615,35.9419329663707,16.55374785864574,11.123526791314363,716.7178971529223,1.0,58.614355574996075,0.4757798054365743,6.762888067852505,0.45678680311771097,0.854409312472886,0.8233146991444011,50.9089958045381,-0.7948324098957229,0.7047977925916113,0.5959728373871194,0.4777339538213666,0.3894920568918667,321.2220232729169,116.74560664615848,0.25811174516555796,0.8709270601551042,0.3724938109897204,0.0,0.47123769122063974,0.6275061890102795,40.157575771915475
msw_organic_fraction,gasification,53.83644085686682,65.68492177307469,19.642598873182717,30.050145383824,14.0035675222285,16.530518464961432,653.0770618584684,1.0,39.623459374946094,0.2625915607140432,6.420727721638481,0.2810455782853724,0.25,0.46808244593798287,15.463930515920365,-0.6516152284912936,0.5951743846270613,0.13735772076368827,0.41656365807774126,0.288616846747971,266.1670440195423,108.89286632146124,0.34091093152753504,0.6466195578739266,0.11037253267717916,0.0,0.4903753572242313,0.8896274673228208,36.46939963988871
mixed_biomass_stream,hybrid_biorefinery,42.0158487442677,58.32368416904979,15.78400550252847,27.18330084844011,14.617915944031376,11.325316047254994,699.5106548584669,21.840278316316805,40.82800614244925,0.1922340924514289,6.507609807943959,0.2977006708433605,0.8752638597078789,0.861029539632727,11.664331526135935,-0.5526256095668696,0.5903308274777838,0.3148185663460698,0.5552225387572269,0.4659337109870814,66.25024606791388,111.46702921837621,0.8233444760259906,0.9486946864137205,0.08543837629679066,0.3993500102132107,0.5158368415835989,0.9145616237032094,62.35264608131354
agricultural_residues,hybrid_biorefinery,21.658831197395763,73.72894804872637,7.31701172636412,36.49967517195323,18.33288440389417,2.948042907670244,588.5098530991714,32.21786917244329,48.437889045634705,0.11679819832194642,6.646172396723529,0.24922799184058017,0.6176630646189745,0.502381068674464,6.825558765993397,-0.8827997144823619,0.7673742353754758,0.7029262321529473,0.8835966840735463,1.0666856392772404,-91.16513898133847,94.4345764192359,0.9602011100119412,0.911754476701982,0.17393354682331347,0.8082211402112688,0.7376467542239619,0.8260664531766866,81.77028476598583
mixed_biomass_stream,gasification,44.700151920808395,65.69363294644916,13.6852280977316,46.63157439862036,17.763582040003808,7.025580190473786,664.5588604581042,1.0,45.327091593923264,0.3871586333796104,7.77345656462889,0.33244304437277267,0.6851329823797724,0.6644391522792303,28.01907163160223,-0.5463985958802705,0.946910118651721,0.5716895724503414,0.21055263293783646,0.46874978801389117,197.8555813026069,99.98449045277431,0.3600545404509644,0.7724260064111378,0.26536652610036204,0.05751797064257946,0.5768907930852966,0.734633473899638,40.50452544560346
food_waste,anaerobic_digestion,67.19729855898247,81.94833832448182,13.005414324156488,16.304120405585767,14.161019161445036,1.7005666068008813,43.03598456940129,18.244996627063152,17.276290979154695,0.22865027954265005,6.795891658926866,0.5616542363494021,0.9625742413704642,0.8456731900674699,31.903360915036423,-0.5828074516889351,0.9604591209083622,0.18124825518372784,0.49547121532101035,0.6026414616195963,57.07737826651484,75.67145534478249,0.8168961764905986,0.98,0.038109047641175293,0.4231756408661952,0.7343103039521929,0.9618909523588247,69.01063832897763
agricultural_residues,hybrid_biorefinery,18.80860610846927,75.9241700330074,8.690273819034276,48.460871188968895,17.135371143740592,4.17192835219562,650.9131692362901,36.82034630027823,59.13513225153783,0.2579718988979558,7.859732709690367,0.5263764729468638,0.5842979227969322,0.703813121351806,22.073801147155173,-0.5959913801182628,0.6428280287173996,0.6523823803335123,0.7864478041570339,1.2402100389226687,-60.22079916236074,118.01067517553173,0.9495185704096383,0.8888795062062206,0.17302217092047859,0.7278462315905473,0.6517373918496623,0.8269778290795214,79.96471631761179
msw_organic_fraction,gasification,53.715538007444486,66.01802053861138,18.09288685706838,33.54626054060536,13.429420584710046,8.092555456787913,464.9441349934308,12.178934374910316,51.11587042140019,0.2844516632025008,6.957154006161673,0.5325216035696366,0.9390307951776568,0.9426709551910053,17.096291412790258,-0.5704838916088055,0.8734275977743853,0.22491988059424223,0.6104999428832822,0.20447117873726367,212.91803164868324,103.01624020269252,0.46857882580887616,0.8678326372936189,0.0886383096133174,0.018394722990433144,0.5027929214132901,0.9113616903866826,38.0651372639271
food_waste,hybrid_biorefinery,67.91176047586734,70.68547545982217,10.804535398987966,14.710930132115045,8.727849020385186,0.5,799.8089789298672,23.030743741544892,58.27883265066092,0.2234134684897192,7.537251346361341,0.24224858198315385,0.6318859067293725,0.6295581502472105,43.54560760422411,-0.5291889347700687,0.6599972819944051,0.40418635030961436,0.6997529174060052,0.611366642986725,58.80511348855333,108.25589755560884,0.9308181159101536,0.9506304669341804,0.08951907943510216,0.4186880169128485,0.564732779585454,0.9104809205648978,71.02756146715068
industrial_organic_residues,hybrid_biorefinery,45.06782963278558,78.46729415970128,11.936613579051057,31.09789360695693,14.462878682583264,8.97616438758086,615.0932868819858,24.14037060503286,58.304173114952675,0.06154107772142482,7.846852997225816,0.5355465623624356,0.6418474822855994,0.708309687743114,77.8821619172431,-0.6634872080538833,0.7154229998169924,0.5454288211381104,0.6388193610527884,0.8704745074617141,33.93355257102322,168.06868295037856,0.8797154145391258,0.9035556136993992,0.1641915012016359,0.4832894738414981,0.30693237611326885,0.835808498798364,63.07980994740701
mixed_biomass_stream,incineration_energy_recovery,31.696660561779932,58.76430635046224,16.733739434918338,20.539075777713805,17.4617035869339,12.26519420010893,708.5418129459377,4.630852387851408,48.319670301882425,0.6496388701193765,6.1889753429322285,0.4400167895334491,0.8020173040468672,0.5782925678910161,34.73175425229604,-0.6076077370375598,0.6085442451906575,0.5152293572554484,0.5630625028710354,0.4272318203105335,294.4765219741563,96.79955657090724,0.27011060947967225,0.8426610869589236,0.3470699425197642,0.0,0.5845196500951213,0.6529300574802358,39.09891577468316
industrial_organic_residues,anaerobic_digestion,50.4197512595247,77.74699845183329,7.162943491668218,25.887495434458007,17.19154664557703,4.15546386357582,33.65522820320954,26.675297258971533,3.0,0.1255740940255519,6.794867167870914,0.6121071365207464,0.9574230365707622,0.8063067530924113,22.434707606205347,-0.5885066126523038,0.6255830093019824,0.21470433379796344,0.5850698489752858,0.25273905457900747,143.92463939048875,69.88800251051515,0.8261477861204505,0.98,0.049949823934245526,0.19759833924548376,0.6877709998467755,0.9500501760657545,55.685754085875175
mixed_biomass_stream,pyrolysis,35.79571516903616,66.83311043338463,15.702796572019231,29.9500576415668,15.25686603237453,12.254779607981648,631.365148409744,1.0,57.252774279534975,0.029157008611075064,7.103975271541646,0.022727194523729694,0.740036115292495,0.6621303645279881,40.10566699472179,-0.4416043778167037,0.5951787644495837,0.189655678616264,0.44152000594756324,0.42687598437927154,157.62095337354324,108.90976541112408,0.5064147197929175,0.8008267375771077,0.08488670607896008,0.1620234977310565,0.5207034249259446,0.9151132939210399,42.52440168746223
mixed_biomass_stream,hybrid_biorefinery,49.07766783329245,58.33894851301984,10.919327241045131,33.68199727049791,14.728452803206876,9.452139502574463,544.8377260210833,18.673917839686403,35.5478303782438,0.23589031997232202,7.0706095866720045,0.23600932346645073,0.7281867211847104,0.6815602742727837,12.32743324943194,-0.5572684062271873,0.5809593541272696,0.4502184923287154,0.6210474007937389,0.5154358611585356,62.33818189203964,115.63484639923792,0.8479776195577295,0.9041593963627196,0.12938221848692386,0.4095112158648321,0.5047914347220468,0.8706177815130761,58.29002608402071
msw_organic_fraction,hybrid_biorefinery,53.935653188116106,55.783272344485965,15.273392109647611,26.59785702963393,12.950811636106529,13.016874801663224,537.9213867833627,24.45053851884149,37.79990128151391,0.22998205440583835,6.341272031114085,0.22677014020016317,0.5542331902217246,0.5099467921519147,22.08764332704191,-0.5128009361438219,0.7125498869067712,0.5777065215574292,0.721075780653992,0.24653929561957086,127.11824316153827,123.1401279155411,0.8472924327678686,0.846641816584796,0.2080981553508746,0.24125131646353695,0.40613270863872086,0.7919018446491254,52.75595119999426
industrial_organic_residues,anaerobic_digestion,43.43710530854891,75.76239007672281,14.254396328962327,18.2592239218934,15.128252489696344,5.122535281662095,40.304889881437745,13.509503733326712,25.23952375357033,0.21736575950454767,7.356479410025003,0.02520568079942201,0.37097188194913483,0.5758377444651036,27.912587587086673,-0.23422137402986873,0.6117805859285163,0.34302810340213824,0.6428136248753026,0.4962624789736788,91.15666462713092,66.87936230596173,0.7868621137111447,0.8448654305544598,0.12548636996642887,0.33465801395550415,0.7571811016586212,0.8745136300335712,58.83057120883105
sewage_sludge,hybrid_biorefinery,83.69629108989454,52.03134774406516,20.923808279454292,6.0,7.268940160607632,9.659656465831803,762.36441803922,28.16718134801352,54.46735847342099,0.23817811649776716,7.363524067001152,0.7487753440220777,0.9012869583854474,0.9195779785117244,28.949713792505438,-0.4381918643905608,0.9138403586546657,0.32858273835416474,0.38896431856288266,0.4505086155550036,115.18418167992263,128.7208615864385,0.8295255119016642,0.9305822392513069,0.08296771254419254,0.2722488787534477,0.42163367654610867,0.9170322874558074,57.79063409888819
msw_organic_fraction,hybrid_biorefinery,45.30965548626326,55.10603446570801,12.618924503212284,21.74522954825276,15.000629933932258,16.55851646657358,760.4184062278167,29.151994369059885,36.51128717240586,0.0739278959563888,6.797715008773506,0.3275346755273737,0.7871212421224477,0.7628603704283575,28.55021084754898,-0.43663063840356686,0.3121038838096355,0.5252744522541533,0.7026160706622981,0.4233864344655883,100.80980411651518,125.79553197327195,0.8259471764417493,0.8792489816247543,0.17654396939020917,0.30958492437268786,0.4310632683546823,0.8234560306097909,56.7753076081738
agricultural_residues,hybrid_biorefinery,26.408061521551524,67.76299864282153,12.239656966659936,41.88427915212716,19.875247547077375,5.968287186643245,558.5378897938712,29.826488830810558,48.832875061549316,0.19189183424298764,7.446873168227037,0.41532182187717875,0.8103229536865664,0.8423914994729977,53.41570408768587,-0.476223890674717,0.8257536540740386,0.5637229975646944,0.2928301027481869,1.0469582493964358,16.382713793613892,139.409954930961,0.8046552611307183,0.9423577421584166,0.13563751439721303,0.5288760680685353,0.4965942099674211,0.864362485602787,71.48320112925809
mixed_biomass_stream,hybrid_biorefinery,47.34484633704692,58.89674430701911,14.697258661110158,39.584911915793455,13.52530467564463,5.849684184686336,612.4469844163989,22.300160483273892,76.70483736541085,0.11783570746032249,6.693513376870505,0.21101879947801705,0.7351213373415699,0.8187531379507866,18.562745106365718,-0.47855750010685794,0.7048389457392876,0.37036449125505627,0.33409188856244726,0.5845888067874407,44.56562231921974,99.08240108810985,0.7994566868060488,0.9344225058822634,0.09395355325772572,0.45567370826176684,0.6071232159768694,0.9060464467422743,64.99729399987788
food_waste,incineration_energy_recovery,67.91408443332794,77.10967971276384,8.382359026957882,18.958424703085587,10.25303308652336,2.4852741712716893,610.0699396412598,1.0,54.96156023592696,0.5708290254892009,5.992661947716081,0.7259204401772361,0.8086834653579748,0.7761023860112717,14.572154728503527,-0.3024054626656555,0.6652975691951122,0.422609453603147,0.6944635236759458,0.1593357611130864,283.9072107475603,82.3928294695836,0.3942925969342635,0.9397744853060563,0.20353685823728096,0.0,0.6014073965523338,0.796463141762719,41.92713370640243
sewage_sludge,hybrid_biorefinery,78.73055977395586,53.96882246131249,17.205772441579395,12.857018827491842,7.0041520088396485,7.306336527749738,637.9749585877321,23.80755541249068,59.13864243828726,0.15799711920270845,7.504561184738785,0.47302989854494226,0.7670149121924604,0.6667342423236394,38.61994905421552,-0.5042653821413142,0.6655611020113114,0.19177711431314412,0.8600788096855643,0.48248117707974225,105.26091330758965,124.57560611009146,0.9417177386107384,0.9172550074531258,0.049946215664373135,0.29802360179846843,0.4504847741675883,0.9500537843356268,63.76234379060471
agricultural_residues,hybrid_biorefinery,30.31072038574632,71.63848820364761,14.6744930654733,49.86476087124824,17.492823182979173,4.066533257845284,796.1660256329469,22.34220298993571,29.293246005460574,0.11639462650413442,6.856147336413261,0.2320401519037298,0.8743291784918319,0.8687895452800434,7.720755612366291,-0.292579126101471,0.43860829415525054,0.3315625035602343,0.4499692519171638,0.69158994038842,43.54267591047594,105.50764678810164,0.8425897923266723,0.9507653502986151,0.07072694067702545,0.45833071192084174,0.5968463827375491,0.9292730593229745,67.74884884648955
msw_organic_fraction,gasification,55.03607222091909,62.64124099576475,17.972667974191168,24.938895671126986,13.119330045439675,6.702421886750379,710.125633541777,9.857275243863016,57.24447316523241,0.33656940285091674,6.781449191068966,0.3431690102689195,0.7262473617159488,0.6300892742566504,31.574530948726107,-0.14601652528139558,0.5935905526691233,0.5487886491377102,0.5089086581999737,0.2792993391730826,232.78911897202886,106.46085533056902,0.43776373216425435,0.8317372621265977,0.24457962402994107,0.0,0.501125563404557,0.755420375970059,38.526718356029384
agricultural_residues,hybrid_biorefinery,31.811775425833506,74.75842867940935,8.116486686308214,32.46444384130934,19.40289557296066,3.2078960029466557,495.08961553262,7.446052917876548,33.43907230746913,0.14759378930831724,6.746922178395447,0.5554149128001954,0.7648989356452155,0.7956405376883693,21.72826880326918,-0.3766712856127391,0.7911405538152648,0.32786574426977455,0.44067306662427397,0.6915234259896366,-11.127925557824124,117.40537241975586,0.8721461876594575,0.9755800112221085,0.07376551241093805,0.6003322741761665,0.5342121409821629,0.9262344875890619,67.14736717264947
msw_organic_fraction,pyrolysis,57.578918645578476,62.10965443031579,18.55371347123027,26.741119615271373,12.95067965413121,8.803683803305052,691.2307632066014,1.0,56.1780158603482,0.09378965266326043,6.96246877783013,0.050151022527011,0.6795570409913174,0.7718304559828227,34.43768136612338,-0.22013946387823596,0.9098155561250731,0.3576389761064615,0.5643559363649109,0.16665694488915572,210.92905246208286,91.03474953415963,0.5634752792702532,0.8388482072521024,0.1506331048196185,0.023560902695888664,0.5575342671695109,0.8493668951803814,44.283420443753904
food_waste,hybrid_biorefinery,80.64898462577891,74.876991703856,8.730114910265847,22.731215281541196,9.239057744125146,7.812610549478623,581.6041492337075,20.627060329290046,54.4818776051484,0.1870380606437385,7.187942119991848,0.06702704564223512,0.8252907514522688,0.786062139380217,39.34047427371806,-0.26478758788450396,0.8362481482888326,0.16433892058249772,0.3722673538005225,0.46231707691103413,90.30465295593474,109.55614946685394,0.7837407282551591,0.9603405093722109,0.041611221507420096,0.33687103128328644,0.5250984439369857,0.9583887784925799,56.773041559051364
agricultural_residues,hybrid_biorefinery,26.32363034713498,79.21978040421341,4.899914907058586,43.844707299506695,17.69204425078822,3.6686001708865836,586.3778745846939,28.176922935228703,57.35028473166702,0.17208292746671694,7.653689181515437,0.5747370932564149,0.7349314974923004,0.7484502303117098,18.285823290570296,-0.3052687616719739,0.49877428545215563,0.11335724383709643,0.18,1.2530612672379076,-46.29698084982086,107.48883208333463,0.8052987662643072,0.9334579953171969,0.026547658252820152,0.6916804697397944,0.7099427836168943,0.9734523417471799,82.18707353910501
msw_organic_fraction,gasification,44.619392814672466,61.187087313952794,16.530379307639915,33.64720305308458,9.857872075247375,10.167493781328611,474.29257253748284,1.0,56.82882114531303,0.23276800849399318,5.983205708859037,0.7566708524586728,0.6065324330899822,0.7116470229283742,13.348019309710981,-0.10595102247139965,0.7869469867723433,0.464204985367897,0.6104097038694242,0.23625813972588414,212.0378395410503,103.84675457118018,0.4719636376947496,0.7723684039331778,0.25173349386132127,0.020680936257012235,0.5054149245755883,0.7482665061386787,39.435802270576424
agricultural_residues,hybrid_biorefinery,36.40004421281786,72.0428790287939,9.509509853965987,46.77957110004741,17.8995022345275,4.033765042968372,679.1667394670192,12.448715122644966,8.430768063066822,0.19586349945658976,6.851498556257056,0.0896974949957322,0.9105405841182261,0.8501115904812455,15.981957886964405,-0.2232801494605727,0.7817169136367078,0.574141809743728,0.35029878489489036,0.8789873020730379,-13.316512788467678,101.93136419214972,0.8065141405226025,0.9624797203179878,0.11868056419001088,0.6060169163336823,0.6568963422868593,0.8813194358099892,73.20636132632596
industrial_organic_residues,anaerobic_digestion,40.630075918759424,64.90494850617257,6.441112012810134,30.94923590616331,16.573330754835837,0.9782929511412917,42.06864799160289,13.090335381967327,7.673265782238486,0.09545739082589985,7.4617735376600685,0.5846160055798573,0.36405879724401363,0.6093972065129796,11.680334067769554,-0.07699892292554344,0.7780053510992425,0.28014276722988324,0.7192387066780239,0.5303657287373189,31.628736678249123,68.8979969240437,0.8797309064579056,0.8825836669009314,0.08745634947625558,0.48927600862792436,0.7540594238798749,0.9125436505237444,69.27689295442487
mixed_biomass_stream,hybrid_biorefinery,41.42494544476266,58.663695727922885,9.224824155459697,36.27394851179493,15.953000874955945,17.26698023081655,638.970217002651,24.5101802654202,48.906042686148766,0.22555294506105028,6.811592375761868,0.48253623065837986,0.5590405695261045,0.635374582270031,24.20827749254591,-0.06951209181728933,0.8637370417055567,0.10484562556749218,0.867810764769426,0.619504588282481,48.99231424485687,137.46241832461854,0.874686728029311,0.8030169820478604,0.042153957767553436,0.44417580715621596,0.41280459718731133,0.9578460422324465,63.846113110185186
mixed_biomass_stream,hybrid_biorefinery,41.96323697209655,53.80396287204143,12.078960631899948,36.60099905836632,16.488801192434963,8.068195650864675,857.4945937318327,21.230161810562848,50.54372390236345,0.210399827509708,6.68433543238157,0.586494812288549,0.8738616260213666,0.8130274128205353,32.59007526144116,0.051011500095316076,0.7166568650468134,0.5758733716284968,0.7589882666694919,0.6422805102912141,29.35333792094209,122.3510388345023,0.9201892820944041,0.9457028127208444,0.14139962354066235,0.49518613527028027,0.4973488762930023,0.8586003764593376,64.57146995761893
mixed_biomass_stream,hybrid_biorefinery,41.155507342788084,65.7280591206239,6.303187787946458,21.330171092421686,17.555074906461662,6.841437056864374,481.3659835326613,21.986507967237266,47.90814896556866,0.16893898364032786,7.313804951272484,0.31598726150296425,0.6407853609905235,0.7189619868241781,9.874875602334406,-0.037560255343887725,0.612665844491288,0.23939985304335293,0.4213234544888188,0.7676933687324461,36.058675642116256,113.88955276421277,0.8227197851443913,0.9277054075852825,0.06722862903077004,0.47776967365684087,0.5694738423621236,0.93277137096923,64.0785357197667
industrial_organic_residues,anaerobic_digestion,30.947253938876106,73.04443023244778,7.687941210280143,31.413767246849602,15.619121094000306,5.763066499800013,35.06743765517762,24.628738083957828,8.682418309977583,0.12470385507712486,7.242407218524468,0.2532661582237241,0.7689151110530601,0.8263685635145419,26.194488563099064,-0.1628181537189209,0.5145927027078332,0.2910933636982431,0.25388639503053523,0.402556004004976,82.39457972681143,69.69108666608727,0.7033914259169317,0.9317880096395651,0.08374748766879891,0.35741667603425603,0.7217671279016881,0.9162525123312011,59.41187030066421
msw_organic_fraction,incineration_energy_recovery,50.76040546725463,58.74031325495156,19.65629743799766,18.2533790965646,13.259434138029059,17.439591224014816,776.6650282878842,6.546823688468867,47.99690598679343,0.5410560126220685,6.484527667644266,0.33797943132428326,0.8090797459244349,0.8101306909935242,19.687936853275026,-0.15730309918534593,0.45587863938246154,0.022608673402013942,0.7276385317178652,0.24544561089261183,293.3418382635858,102.16208630586934,0.2668708488673053,0.8221838533064902,0.017400598756946262,0.0,0.5163028433128518,0.9825994012430538,38.666314757073536
sewage_sludge,incineration_energy_recovery,75.74116234747322,65.057675424895,20.651536490436158,14.223803741695257,7.117336749736831,11.243786028862878,780.0270572316075,3.8866611533236584,40.11886580510196,0.5198574361555903,6.195458936565622,0.6032880613057664,0.6949218169991774,0.6731074940774386,47.59540622283528,-0.15240741137942518,0.7008941660930441,0.5961457524164139,0.7938352850623559,0.05,359.8133332114833,120.29352491227785,0.34801536396801014,0.8283385361917218,0.42216576203976997,0.0,0.37787618467222184,0.57783423796023,34.78585497741562
food_waste,anaerobic_digestion,68.19470473877125,69.78218537812837,7.759853366264043,21.108791356561127,10.02699462735478,9.181308118684129,48.27355517790501,22.31747792337166,3.0,0.2612025129577414,7.592478273915514,0.4334298564191264,0.6278118131613194,0.7797917403006285,16.960877792308892,-0.1964017160973054,0.5795645630471963,0.13425488650632605,0.6255836837160046,0.6204063993089263,104.3940071166045,77.19368061892018,0.7868011526117423,0.88304849498081,0.047917829123071534,0.3002753061906377,0.7302068782746997,0.9520821708769285,64.76682896070919
mixed_biomass_stream,pyrolysis,47.481320991533735,57.08486025549437,12.823019659602263,23.479503146545433,15.130667928506472,8.195243363210306,859.6102316287354,8.296176934831514,38.82418664341249,0.01,6.0007153207146,0.41454064010447167,0.7680760949309021,0.7657246718237243,20.622510831268098,-0.2890052024266238,0.32416433985730214,0.03650893216106514,0.8540625162497135,0.3543666281982557,141.58671100307635,85.545914612867,0.6693121767283139,0.8577587000502351,0.014132533029607883,0.20367088051149002,0.6277190023464216,0.9858674669703921,54.51310463895596
food_waste,hybrid_biorefinery,71.20827475597459,75.60462710353939,8.995367558113315,13.484182355757056,8.766398347661518,2.422893041099914,653.6881618954825,13.643632469204778,56.33693641841205,0.18129088802344565,6.777218650061029,0.856260749951336,0.8754572528320405,0.6413089181123335,26.302331366687472,0.008238079782500969,0.4756377485570052,0.7269070626085995,0.5741136440828405,0.3665409545380203,85.48970003883667,111.32733613657356,0.9350690197291176,0.9724444530060765,0.14533125785068482,0.3493774024965281,0.4947056619111352,0.8546687421493152,61.614791530053836
agricultural_residues,pyrolysis,23.849238810148965,70.64772745844313,7.351991020206628,42.18997127235055,18.053541784538403,10.88972530099279,508.88896066175215,1.0,37.349034682731094,0.01,6.545656798667873,0.35610744048126125,0.7272683144791651,0.6845339781678672,36.431436475546086,-0.07893076929211365,0.6435486172167594,0.7441618487842733,0.8188264249923274,0.6972182057530361,96.3175192497806,113.23836448728615,0.6369671243796331,0.7815689373263132,0.3230167215294465,0.32125319675381664,0.5573966132273198,0.6769832784705535,56.71948922059615
food_waste,anaerobic_digestion,71.54399768239735,78.52978029329623,6.022388342853066,18.97903620678979,10.346032477101154,6.9578594987848845,36.46596493201176,25.213796981422792,11.461243389721169,0.24129106711823278,6.863031350543739,0.684738095501256,0.5357929671864414,0.6264644632414345,17.475896722100558,-0.0726712870591692,0.5236723163602857,0.5582125808825346,0.37099183463271357,0.39716821378730244,108.59801416705146,80.66100110281953,0.7588219898067847,0.8639226802330838,0.19690391724187062,0.2893558073583079,0.6628454222815248,0.8030960827581294,49.55288173726306
sewage_sludge,hybrid_biorefinery,78.63966321498424,57.22037626762389,17.99231437815989,15.630643617002033,7.281274638248783,7.541078978251676,662.0667646800539,26.535962014406678,72.79339754076597,0.2226962481870366,7.433703871084073,0.7403316473158048,0.7816581468795349,0.8351293111776414,38.77768480788092,-0.08996957106891498,0.5682695572361132,0.1926490320979368,0.5492562643593055,0.44502465225511545,138.58370747587236,130.33074859801974,0.8837530450273291,0.943177504946758,0.05000911738411799,0.2114708896730588,0.4119541150854952,0.949990882615882,55.205185093525046
agricultural_residues,hybrid_biorefinery,33.34561414449907,64.67611891522668,12.059590096547645,51.99465959903861,15.802789653513665,2.8772538789262168,820.5920606486638,26.409432116990402,42.84214951864825,0.34725656805603233,7.116638895182624,0.3686091961751137,0.5991688176721774,0.5488939567588528,15.63726211873701,-0.1909512528505685,0.6714684588575691,0.16184224228074084,0.9572098242720131,0.8856344930802312,-39.18006439760583,95.6504676956245,0.98,0.875740666042016,0.04043650964663747,0.6731949724613139,0.6914160742901536,0.9595634903533625,82.18439659260325
industrial_organic_residues,anaerobic_digestion,44.60888923227058,67.16221263794212,13.528749378064145,27.682315446099125,12.362076653963731,7.679297506347265,39.68416112788781,21.391343855720287,33.167184063577196,0.3192121266381611,7.017872212163363,0.5053169066025299,0.5471721175101819,0.4140399188037382,35.19116210867687,0.062417280722649994,0.9234141816912786,0.7817443141533337,0.6561639873828464,0.482415618966178,127.58786003203772,78.87858149343518,0.8107112668294831,0.8449517612040144,0.2804386634178096,0.2400315323843176,0.6909810072597424,0.7195613365821905,54.38532305400634
agricultural_residues,gasification,31.933262375439924,67.62410457960384,13.328468751126906,30.345115404099893,18.916441503168247,7.010684831859386,700.4330009101988,4.1500949408395424,55.38243959204221,0.3589999781118641,6.983024298745195,0.42874775081330385,0.8313482459667438,0.8202588941251948,28.39016055532837,-0.14159100213691522,0.7157179528761417,0.35642675495288645,0.22999454728284335,0.6111467510736338,179.58305164023582,101.61753323431164,0.37272366306275945,0.8537959305433256,0.1481630828818137,0.10497908664873812,0.5996231629503488,0.8518369171181863,45.39672932527118
food_waste,incineration_energy_recovery,73.73818623503549,67.21933410249048,15.060288696701635,15.847236318100702,10.54755040657695,4.5660550643099285,696.2872835186528,1.0,35.87329218975948,0.4983502610170726,6.808871599114271,0.7781065014407267,0.7334007134729461,0.6281830945073728,50.61164527932137,-0.003817832459702991,0.43510259836603127,0.6070442686937138,0.6780465703630627,0.24198259791403556,288.68553108609615,116.14407018664158,0.3797977772558543,0.8870339048322547,0.33530739351951094,0.0,0.4419515916113953,0.664692606480489,36.38794295063515
agricultural_residues,pyrolysis,19.922183484032434,73.54569484338376,15.568367954981635,34.94457930023746,20.066605554889595,3.076318094241403,409.1664673382518,1.0,47.138719711662496,0.10808282719430734,6.246758060540349,0.30963687726298694,0.6461974964452749,0.6732924846517157,46.72727130155596,0.17749639624634875,0.5892241438545672,0.28238530719168786,0.6515153818443284,0.6200445594958051,96.91170276460454,98.49100719346649,0.6461155689824312,0.8479817797384078,0.09947319272517935,0.3197098629490791,0.6180360810182008,0.9005268072748207,61.683080842468996
food_waste,hybrid_biorefinery,58.80154847367281,77.00157570544246,14.212657778692483,11.473683679363731,8.584171534772521,2.040219949748508,755.9513791378939,31.52318792098432,50.37854580735468,0.08998631952225669,7.142221294580652,0.6812470339880837,0.3716260632451506,0.4081038113889542,32.4118084596783,0.062327543402309026,0.6928109155369654,0.4528984872674569,0.7141072940529118,0.7017796899069358,55.083845899642355,113.89927891144953,0.9587450465840351,0.8642140389724303,0.1261161291234986,0.42835364701391593,0.5549216427718968,0.8738838708765014,68.34625973011757
msw_organic_fraction,hybrid_biorefinery,51.55300943179994,63.77892107219172,17.60763875455094,24.780015457032896,12.757505401375726,17.863625573429914,626.9495350729633,19.899493114302388,54.96613401096666,0.23925050596455333,7.644371281917747,0.7526236802962414,0.6141543632824302,0.6147185507624073,75.11190534232651,0.04012098621013031,0.8117008009707878,0.1538196457555076,0.6871587546298505,0.4738434537688652,139.06080620213865,174.15739096904696,0.8469542040671525,0.8324247727641967,0.06051377987174882,0.21023167220223726,0.18762771262364003,0.9394862201282512,50.58756074712273
sewage_sludge,anaerobic_digestion,79.55091513419853,58.03128672823455,22.579427089575553,11.830243675755884,8.991287014579694,8.28474364247638,35.64796607295547,17.335152283751775,23.283628273164055,0.15020253838340752,7.035163954099654,0.5717264712976683,0.7954518805069557,0.7198853816234387,20.60156656315462,0.009091513347529667,0.6838790035327402,0.199919154792849,0.5869745894662862,0.3087340298371494,168.28776435594241,70.18449731349372,0.7944885595730503,0.88725735290927,0.06139086408705741,0.13431749517937036,0.6985293954405216,0.9386091359129426,54.11423968697525
msw_organic_fraction,pyrolysis,55.60347341582901,71.25276983238088,14.67711264802168,16.77879156669937,13.211886609218972,15.587526853039368,525.0861753206152,1.0,24.353892145465387,0.1315160998934152,6.293338346151673,0.6654882138342592,0.7590340429618389,0.7613429533169438,33.567398001836935,0.30472095787939235,0.647319338498826,0.5178121485479396,0.7117740503296275,0.25815815418081706,214.36448999090314,112.86511179569617,0.602069881717872,0.7799399358311915,0.2504166894816233,0.014637688335316524,0.46276788973190525,0.7495833105183767,47.41720218948538
sewage_sludge,hybrid_biorefinery,79.4078439353921,62.00117795695662,16.850148210667847,13.338481521566216,6.199496330067289,6.692036194684476,594.4547364158592,18.18087853438796,25.169037803719842,0.20721489648677538,7.12694554080554,0.32167499332855426,0.8669056594353763,0.6119058808190873,22.395558778310658,0.2365641276662041,0.776070206196596,0.4823185838484899,0.3728728901159412,0.32981529983966856,137.11211267934624,124.42176928681286,0.8121079686324782,0.9333244666461996,0.11374307247952112,0.2152932138198799,0.41770794866571204,0.8862569275204789,53.866152773723734
food_waste,hybrid_biorefinery,77.80264329931283,77.21509467025376,4.841188331007421,24.038645182484142,11.08063039280418,8.485086110703616,590.6092964044559,24.50486888457556,30.78267989848297,0.17641286343744517,7.288944868159666,0.29932938193917075,0.8272538044112545,0.7453528012207784,32.935236318261545,0.14571440991421652,0.7908562577085197,0.42017483250138077,0.4550500335011649,0.569106755412666,108.65505135270905,121.83527177365895,0.8183132561554995,0.9540653409106679,0.10858136505108722,0.28920765882413235,0.4839652136978447,0.8914186349489128,58.281896034109465
mixed_biomass_stream,pyrolysis,38.832274539713914,65.81777418052208,19.470726147666603,19.801979280641262,17.560544219816695,9.059788570219851,677.2194125401768,10.758211650417486,13.142293293299034,0.13703525864780622,7.248873971607047,0.15430120942825656,0.7159182859877997,0.7623616959016444,26.34544961483482,0.1840645115320679,0.7838672203871336,0.023630753496904203,0.3259703348760651,0.333790256746031,187.1837823072894,93.46106640145744,0.5104181604817378,0.8329333519470731,0.01,0.08523692907197561,0.5815335070027718,0.99,46.97259976331091
food_waste,hybrid_biorefinery,76.28433324123021,77.95465291523878,15.070800878714007,18.922851209713304,8.82307245466576,1.4837744636113088,670.2431253483755,15.812283147278247,41.26820552724339,0.21249215561409196,7.559900750968823,0.16647376234722241,0.5270374218512147,0.6959059074386618,18.666598788794307,0.3320509144311985,0.836334515922904,0.5793597167131015,0.4441654756912331,0.5076572111175982,53.73232684038612,102.00451545820606,0.8539728486653069,0.94381256962984,0.14342038179455124,0.43186408612886723,0.5748187156132082,0.8565796182054488,61.05111378811595
sewage_sludge,pyrolysis,82.75099084107731,62.48942463587345,20.73604442584835,11.58345247003317,5.218820833954137,8.309444655169504,781.1013297541152,5.0973584600678095,72.75203447529464,0.11637969407596645,6.610855658827036,0.6568451766589763,0.5404378699611562,0.562468395659941,34.195353729681315,0.32272634101518327,0.7699387945929792,0.2657887159773531,0.28781724738516373,0.06022816691235558,254.13872726596236,110.91927438722891,0.5463358133928226,0.7683246566501054,0.12103999502299523,0.0,0.4294645420510924,0.8789600049770048,37.87721741330114
mixed_biomass_stream,gasification,33.48965642224658,64.71257128688416,8.173344101761685,24.325514399204955,14.419642484255478,9.756396003173409,690.7703930821717,16.252394973672708,43.90451382650939,0.3240777793832814,6.856304521058337,0.3983411490569611,0.8321663008975825,0.5950414719312062,22.728991165608907,0.3360662994194546,0.826783542084958,0.47772749551596416,0.8007259420732572,0.4843626689427586,155.60850755793854,102.11935802366774,0.49375400542065734,0.818863788028671,0.21692237247888188,0.16725062971964016,0.5690894817796819,0.7830776275211181,47.27338442757785
msw_organic_fraction,pyrolysis,53.424158906768305,58.40027216888398,17.181010974571283,21.01869688049234,11.116602801895748,13.578682219700815,827.936634161383,4.2421037867038836,43.760573994920925,0.07128671075061926,6.619417193379675,0.9192622343888982,0.99,0.8952336691746718,27.98154779189609,0.22609341459198112,0.7091162206907795,0.4369408225908834,0.44859661285835106,0.2159671574858172,212.2986112448076,108.99487106861895,0.5706393564277938,0.8582929880528383,0.16545104891850743,0.02000360715634389,0.47385555849625377,0.8345489510814925,42.27875815563588
mixed_biomass_stream,pyrolysis,32.994240693901546,62.14463878260937,14.858786564174418,33.78555773558741,14.706520769229265,10.54676013320781,588.5317457940107,1.0,56.42348769995825,0.12652303665670622,6.461703140414442,0.6584524654978536,0.8093287004189539,0.7541080578241162,37.63796715632559,0.6304441150731486,0.44598042524024595,0.34720851439226513,0.45021342812482573,0.36336691281050615,160.9858154271547,100.71690672600602,0.57140223333858,0.8261065030230544,0.1401876923445689,0.15328359629310467,0.5498517380498587,0.8598123076554312,48.328938152641115
food_waste,hybrid_biorefinery,67.93901361790246,77.8411969009085,8.839450903193072,21.950471445591635,11.329300338220328,0.5,768.6954902887683,24.260984815609447,38.623728232313226,0.14475760138350904,7.16111159146142,0.46722454119003504,0.5420064631617185,0.6636038918785402,17.256845749736854,0.400105089118572,0.7556266098282531,0.4024061337714034,0.4772528885616218,0.7365904871904484,47.26672679248293,87.18113022308421,0.8931911854356083,0.9580936408264935,0.09461510595546442,0.4486578524870573,0.7032018533761923,0.9053848940445356,71.70315515435371
agricultural_residues,hybrid_biorefinery,35.236450015328444,62.2979980027991,8.49870461692623,42.14358910852557,18.664085330065856,1.3766447938651392,645.1595657004864,19.675531111148505,45.2946915425209,0.25326747501343694,7.187063893079294,0.5151201832968105,0.9768430327700999,0.9230277701349319,66.9600157749378,0.383728324607144,0.5141881736655094,0.09850207461037719,0.6084732014876579,0.9323890964803196,60.41541784957899,138.26137348482908,0.9236914014786033,0.98,0.01729312794234314,0.4145054081829117,0.47743416183183307,0.9827068720576568,70.44035543974695
msw_organic_fraction,hybrid_biorefinery,66.18612265110825,70.69870880093097,16.745135047626132,28.84934402571486,15.838772835396961,15.710688958154194,614.6499881090704,22.56021390150771,24.389586633112977,0.2342340290248086,7.584995831925411,0.5842710119268546,0.6856218721099226,0.7044583876982322,42.36350325746182,0.1989905391138725,0.6606888612361279,0.36753312451765796,0.5544215509506049,0.6765185040669214,83.00836033249544,134.0111298574098,0.8153722459847201,0.8618810504548725,0.1302537954054503,0.35582244069481705,0.44351233480309216,0.8697462045945497,59.79218366184453
industrial_organic_residues,hybrid_biorefinery,51.188776405993636,79.84408758925645,13.180944196138096,25.40050399076738,15.188943099172109,12.54692989558485,621.7955992872933,27.741421587362606,43.09517758727944,0.05108078418517287,7.0556250512118845,0.527286380572088,0.842217501423058,0.7141577815026992,69.59081391776704,0.22943599198266762,0.49713085427545534,0.12027975459262298,0.6979834049969116,0.7384475258597666,113.63515363197936,163.1394299624898,0.868850252425901,0.921935457051389,0.034740945610025484,0.276272328228625,0.30382987693920227,0.9652590543899745,62.5257584108924
sewage_sludge,hybrid_biorefinery,77.99532701734296,56.819956568285825,28.077167905110823,12.19255718205569,9.856468052009104,4.61937555003603,701.4535768091132,24.568682602800223,33.191024744147924,0.23611588818970347,7.6857834980812525,0.9336732427335835,0.7715070292855584,0.6546851935765816,18.766445628285123,0.4604613221528855,1.0,0.5195265231035687,0.3597008073456078,0.541899144105452,82.25251973790657,117.71006337799952,0.8722834324048364,0.9364828845339644,0.12268981268448595,0.3577856630184245,0.4996911623453073,0.877310187315514,60.48255370853355
sewage_sludge,anaerobic_digestion,74.09614226498542,54.903843814707514,26.713910784365044,15.649334525039887,6.921687197275383,9.20692612134478,37.492480661423876,28.38611886924665,13.205037816735171,0.2695160171068288,6.675631461158328,0.23162653079977255,0.5024159730361553,0.7109981740104077,56.22165130712153,0.20163999065557486,0.38880225538193014,0.2334607117873037,0.2859861311210842,0.30973304076251074,214.20477979365046,98.7742138712432,0.6855781723948393,0.841564282168771,0.09054073354453102,0.015052520016492313,0.5482769854348934,0.909459266455469,46.897069397366785
agricultural_residues,pyrolysis,22.04794518828119,72.84124471484044,8.697651541072817,44.03493567180146,17.195954640937295,1.4891754377791466,692.3166557287504,7.771658166255072,58.12549412590759,0.01,6.274603513109173,0.1268132150452273,0.38963172113697414,0.5025777272300613,26.037523100694514,0.4881444611226816,0.42309699185558813,0.7491153991825067,0.7319628939330862,0.573624967313023,55.59131861378427,79.53507622763017,0.6627115526224356,0.7781238826954858,0.2914633476691091,0.4270355360680928,0.7075918284529168,0.7085366523308909,60.052402606329984
food_waste,anaerobic_digestion,71.66934643704657,69.81969687106854,9.263443599720889,17.544182194095427,9.088322169242252,7.001042843403734,32.64758188077412,14.478062913715828,3.0,0.1886798349366184,7.112645110138736,0.5910027517918917,0.6269333952118809,0.7679162486805917,41.90827079352704,0.33335174548125357,0.7985559588386986,0.35062524474396173,0.7118670901269846,0.13553054263235753,158.15878466962283,90.96183435061371,0.8362396927712713,0.8901322433267748,0.1166017697339764,0.160626533325655,0.5510702227969412,0.8833982302660236,53.422703228638056
agricultural_residues,gasification,35.23151893268893,64.17471795670112,13.084684974932395,41.47564225964849,15.955874783095073,2.5401071586744384,801.9967904173088,1.0,27.18819074547357,0.2979119766285802,6.212770664202564,0.530775392071476,0.9072048398598804,0.9129002000573115,21.567423838368658,0.4091141608267323,0.6501822519874205,0.1573033573774497,0.660963729404427,0.5334941956364803,163.4776091614316,98.34093492789302,0.5199222136061038,0.8840618334653684,0.052142116087532886,0.14681140477550236,0.5997848549984834,0.9478578839124672,49.80659537231743
mixed_biomass_stream,pyrolysis,47.75468699850333,66.19624115675482,15.576185019112298,29.55233026094296,15.666578379766959,5.270469675013121,571.495773199705,3.7337718207262434,41.800333032816084,0.08644065053694323,6.3188069654176,0.34767057983721505,0.5659691862090666,0.6322912937592052,25.441265901610695,0.5387958430150533,0.5562596394053527,0.13369443300686334,0.5815096886266601,0.35404191584930983,134.56019628675466,80.37838093107993,0.6162977808185505,0.8265625290545008,0.05397517465324378,0.22192156808635152,0.6548451113232696,0.9460248253467562,54.364600676975584
sewage_sludge,incineration_energy_recovery,81.827551423523,49.33469102769303,19.721453965314694,8.237646079127032,6.8465052598976746,6.007921780729106,653.8704620880968,8.160171187481183,58.5356798004885,0.5984812523612645,6.958153828541059,0.33755608190548053,0.7568554036402928,0.786106585993113,3.6869113100371353,0.2852359095257063,0.8246682750184908,0.2783358352462303,0.27728238038318387,0.05,350.0208242473194,63.05593585478189,0.23426962918313066,0.8775993299936741,0.1591341093577553,0.0,0.6791266533958847,0.8408658906422447,34.23168997251015
sewage_sludge,pyrolysis,77.16767961891627,59.54250086503915,24.43759771026031,11.785514956401746,7.495693235438329,7.129398802169657,423.08563448614984,5.74591800888291,50.14114055697235,0.1209951922928039,6.822083715418416,0.39446597825025725,0.8116945992582388,0.7763156070356545,77.54989217591873,0.743384084154337,0.26849981560192665,0.26827336300042914,0.8983143439801404,0.05,233.4532373008832,123.24281009769939,0.6862300726398681,0.8451944496288873,0.09693676942842958,0.0,0.36235363106474006,0.9030632305715705,43.197483981563586
agricultural_residues,gasification,30.27085103046445,67.28571125168139,11.277180083202408,45.999038052634006,19.00879508868025,3.3866718343659783,708.8711368317649,1.4400967038342998,58.590831094379624,0.20790133618115952,6.727386077788796,0.8296776645707851,0.8304943398641966,0.7137714737924098,44.46534429577167,0.3688828358556675,0.6853814610064474,0.24157602556930866,0.7103512826594657,0.7009725768304885,167.77714054149013,113.72142963290582,0.5502553309899674,0.8318029866889237,0.08814847375803192,0.13564379080132435,0.5556801267295189,0.9118515262419681,55.21604717734095
food_waste,incineration_energy_recovery,66.5734846001406,79.70984939595701,8.663799503791624,22.70350012603111,12.217579360772126,0.5,596.9682593521618,1.0,70.89913460767487,0.519178132413721,6.339710711235436,0.9144891535306382,0.8731230365765144,0.79132563212248,22.473420880302807,0.5315631118123745,0.9824120396392162,0.20743316032695586,0.18511378919718935,0.2408351066413094,260.12008283327094,93.61657138363991,0.2959375795817484,0.977004255700793,0.08734384445993035,0.0,0.5602649267050885,0.9126561555400696,40.33594992954536
sewage_sludge,incineration_energy_recovery,82.48636669367612,48.987059299251065,23.202939673556937,7.4083213941709,3.5,10.988483917804912,770.8574547476632,1.3910831662679009,48.293100544827375,0.5806724566036077,6.964671308246634,0.7424515883984321,0.781407017155909,0.8186246617147517,8.553981359438374,0.356683316638065,1.0,0.17289621993948437,0.5573044432363121,0.05,379.9198113291571,91.05267005701103,0.3018028504563182,0.8431867676765562,0.11398362449320006,0.0,0.5317754207525736,0.8860163755067999,34.24590254520535
msw_organic_fraction,gasification,58.600297856634775,54.27330595493693,14.374315099479833,28.974536832713248,13.823010950587964,13.071683125199975,681.7251132713533,6.011710614008333,56.49358103021755,0.17016403972983435,6.6216841034836085,0.823497599769808,0.8042809724873088,0.738015935452473,12.264271589138119,0.5278569193339517,0.9027069679016486,0.23492387455965583,0.295139474167652,0.2770735053315972,262.96204194822684,102.4118176549416,0.3781628946470978,0.7953569014143586,0.12024191327909478,0.0,0.5219466045679956,0.8797580867209052,37.41043916270588
agricultural_residues,gasification,27.2415698458374,77.55287675554737,16.963321179548924,38.49602473540468,17.32466102719293,1.6259641293984948,857.2185484418817,8.210468512338224,62.56902159110027,0.3399077229828732,6.338222535521234,0.33912701646088494,0.6515185770416442,0.6874396871831843,4.173193213742752,0.3634023407469912,0.8632958105829509,0.5955826405962169,0.6799725520119311,0.6264716418651403,118.09103495104117,76.57426998267428,0.5157415504140641,0.8331135630431136,0.23130052294880563,0.2646986105167762,0.7348012876173082,0.7686994770511943,53.449103170411426
food_waste,hybrid_biorefinery,59.07725099250659,74.59652770353946,5.749216955767683,17.23429164699972,8.483343121636286,5.300894881878728,615.952349379724,20.62143719807259,46.795423696487184,0.1746340206549353,7.102851487750875,0.34949863384592195,0.7969570061361618,0.8432397934811029,24.21288580753123,0.5609324690813282,0.7968493764800079,0.578698954716597,0.6719055345168254,0.4997886438990623,56.75959239312089,114.18123799715282,0.898830010163729,0.9684480683271769,0.13739584637520486,0.4240010587191665,0.5089996174622525,0.8626041536247951,62.928271105998746
sewage_sludge,hybrid_biorefinery,80.41549011170835,52.73869162835024,24.792241376351427,14.547606942737458,4.589456254156416,8.147451433436103,539.8028201085622,23.697608025161067,7.177846313050921,0.1938000852235154,7.3991943372944,0.20105242177839405,0.9627898045986019,0.7114913547601653,12.741472633561791,0.6411676836623923,0.6803905022120408,0.35653625063549227,0.1950165988095155,0.3750593680894079,162.63652258714492,98.825356994152,0.7478061834105977,0.9509998236487492,0.08135739195504621,0.148996045228195,0.5623796031157118,0.9186426080449538,51.21669399945619
mixed_biomass_stream,pyrolysis,35.67080398668254,61.17461737211957,13.481525009858677,35.62728142727512,15.87402808611954,3.286316565199603,694.3288302174519,11.908927001810644,45.347127529393106,0.1490871037136366,6.623206719561248,0.5781620827329602,0.9476176847088306,0.8092558052489697,30.329090817588806,0.5596118263284383,0.6334499056472261,0.3312899014677283,0.6573692264016652,0.4279851839932787,139.31355537302048,88.843531985342,0.6675910572626558,0.9077782320410149,0.09311062141837205,0.20957518084929747,0.6265592037135634,0.906889378581628,53.27852554431711
food_waste,anaerobic_digestion,86.13416283798725,70.8592950800975,8.167788268504419,13.876676597680973,7.858442558972074,0.9927454237851654,35.42252561859539,27.372387631035078,3.0,0.25371561538345183,7.62861374771959,0.733581845787868,0.5273079511722399,0.6359709225475487,19.198266092029343,0.7886770047407231,0.9405580037502437,0.11021041350944875,0.5937509063041235,0.5808247238631933,84.70413659855448,66.15121991011556,0.8601750562725642,0.8985758017717099,0.03117260582065364,0.35141782701674157,0.7796171239335048,0.9688273941793464,65.58103216301141
industrial_organic_residues,anaerobic_digestion,44.304168295221714,73.71854014100096,5.4650740702716725,31.147930581398043,15.360878097050731,6.100967410671062,38.261130298723536,23.513817559974232,3.0,0.26315791543185385,7.375658905116829,0.6915922624164652,0.7012101495046854,0.7763903124702891,11.749500744472229,0.853399693136613,0.9593818785018492,0.5213768942175832,0.45758451262765815,0.6728581381205393,31.830849999145528,72.0143529517683,0.7870167372755345,0.9134189925536178,0.15956732174419452,0.4887510389632584,0.7690058801140539,0.8404326782558055,65.60748984160116
food_waste,hybrid_biorefinery,86.5849238658826,77.82087784387329,8.837685342434348,18.375188667942215,8.659222202080633,2.3592579506242783,658.4290162555454,21.35539517159723,33.80438841281367,0.16450126583858282,6.689884827710813,0.09288175092750449,0.7158897405424794,0.7428718854467895,38.083429272140414,0.4914825916464822,0.6876933737197185,0.09566925786708913,0.7194419825118099,0.4365657388415344,66.31306863908553,115.23392969452861,0.910776230047783,0.970822173950805,0.021583074574511904,0.3991868347036739,0.48955009573182906,0.9784169254254881,65.18803501232584
industrial_organic_residues,hybrid_biorefinery,52.7715792971333,66.54037583550445,11.307747250049374,21.788253741783954,14.621070818965112,3.4188505393638233,656.2475474677715,18.843736191167196,40.80552663357028,0.20712107911087546,6.983178577166828,0.5458146069640131,0.5533501211563233,0.5897755301830679,28.55243126253851,0.9171040012584294,0.3394156735764337,0.8582520968320617,0.6638674024966104,0.643798306303859,98.52530106009068,122.55945948306183,0.9257000654057269,0.9280311577446986,0.22573885985905048,0.315518698545219,0.496585840633892,0.7742611401409495,61.88173454514458
industrial_organic_residues,gasification,51.5824156905921,70.85265702062293,6.16321255003048,30.26703274680843,16.157038568735913,2.748733246033958,669.6639738463808,9.135363324628978,56.08474318661404,0.22142208707615982,7.143740862615898,0.6083190521251771,0.8369872166910186,0.7054593319549654,19.80008232828412,0.6915839729472373,0.4014187395971379,0.1692133306565946,0.3923231207847907,0.5226384939500084,129.36951479222552,98.9955481189494,0.45750517164397414,0.8763610333503165,0.05991228951183438,0.23540385768253114,0.5939512680429523,0.9400877104881656,50.89311662917318
industrial_organic_residues,hybrid_biorefinery,50.95989614503751,67.83348113929681,10.663547307161348,14.248142915463882,14.672740768512917,8.156225616465331,777.2330631167865,18.910530707916795,38.65243129369002,0.13491148960907376,7.061096424034022,0.4320850977255415,0.5788548099807344,0.565279223815781,49.223151577425604,0.6276616377460542,0.702121879557102,0.49786250618400996,0.5819479524451258,0.6355089807998212,65.2987472786568,141.8170415520208,0.8629602166140675,0.8726680365735907,0.1523138592651755,0.40182143563985245,0.3934064939232195,0.8476861407348245,63.2204612415777
sewage_sludge,incineration_energy_recovery,77.2197590195673,49.994428300753064,22.587059142356235,13.276481341571145,7.182059229325806,10.483332035354271,565.7536048026259,1.0,37.98519170355652,0.5907288883870281,6.477336161835741,0.1469281921161186,0.4764727728487499,0.6477906213841756,46.02584992148791,0.8522140970728176,0.412046789615911,0.0971094960499671,0.6612808583802439,0.09375916721516363,368.14232288251645,94.14381319019073,0.28369114571687054,0.7943171590791531,0.07773783351463656,0.0,0.5251332631547533,0.9222621664853634,32.22532422259674
industrial_organic_residues,hybrid_biorefinery,55.30283966937139,71.86010669620518,6.200730072129612,17.20293778109999,13.531171317596,6.862920958173412,809.5559141374042,29.917589882864107,39.13996598504959,0.023440908647983538,6.741553294348274,0.6829030881574426,0.31839791137309503,0.4546589011021054,36.60418375529119,0.8703689339674965,0.46939538633021893,0.48883247961599285,0.6039934223152711,0.6468165645262868,75.90026361036911,122.08974690564143,0.8975901559241993,0.8365601217282896,0.16791605744236182,0.3742850295834569,0.4997220289029335,0.8320839425576382,59.79062375874958
msw_organic_fraction,incineration_energy_recovery,56.51166964674528,64.26991900206025,18.30714659396784,20.49236165685894,11.929734024643503,11.644209781020471,621.8197673593645,2.870805126406312,36.51324452708889,0.5731027954108935,6.4701321037148585,0.4240222971717753,0.6986001927589459,0.4843770647525238,21.689905531370925,0.5856371078648435,0.6039247286208731,0.5067316841655626,0.8463023328061752,0.21448169669856965,299.9224312635614,93.90499770810851,0.34398789850814254,0.8206347338581926,0.362147933998369,0.0,0.552949143231009,0.637852066001631,33.06159521984411
sewage_sludge,hybrid_biorefinery,76.20342646288577,59.8182569498136,26.769989565869775,6.0,7.116877661763423,7.068921896623445,703.4104173611993,23.48120829683287,40.35149467378143,0.18656253655875663,7.0748720597218036,0.6417030667719674,0.9150289654914208,0.8302323752518237,36.776588242988005,0.693550972924352,0.695896759479991,0.5273406414162017,0.785308004678451,0.3815961317476169,127.12999621514709,134.4069993100509,0.938180793235006,0.9436788205833405,0.1210134712599261,0.241220789051566,0.376545889457892,0.8789865287400739,54.5794820831726
industrial_organic_residues,hybrid_biorefinery,47.89829797416018,72.35809993631499,3.687100892514949,24.148021612615437,14.413520227170956,7.157424547171868,653.48368242302,6.111205923355463,50.87958068705781,0.19322786475956844,7.263144502024869,0.3810833626818429,0.8336655185659275,0.7741502012254542,43.935479558768606,0.7939922892286668,0.4038782292473285,0.2546811305042518,0.8246213035219,0.4579130081884711,110.39086867724461,133.57029195091306,0.9265400230648194,0.9691536627595122,0.06267488743950111,0.28469904239676724,0.39773932521771066,0.9373251125604989,60.17945604394901
agricultural_residues,hybrid_biorefinery,16.68533442956666,70.08045705263284,9.16817256547889,44.85609104601236,18.48743294343841,4.421655783726064,743.2745910569754,15.699094481582845,55.42679652027977,0.1515393822649745,7.331152598920669,0.5860978701178877,0.9177381068243444,0.795608658453864,24.94287498023915,0.6140171167522607,0.7831408450087601,0.359361190379611,0.8975044901734984,1.093044627249379,-55.810827623214166,111.32406590775022,0.98,0.9593415756369807,0.07490972261765325,0.7163917600602965,0.6545536816382833,0.9250902773823467,84.3769638333686
food_waste,hybrid_biorefinery,62.10243574300546,80.45988851066589,4.976928275480167,19.37176943549047,10.456943810415817,3.909358745865865,511.46854662654283,28.15243268193383,29.5140602716699,0.23253735279608176,6.648838363965073,0.18389976645826003,0.3034137231644947,0.5858089754563449,17.539915119323382,0.9027203308278724,0.7263703868088796,0.5851760335721932,0.6248770822712344,0.5803537794638288,44.45510411745453,107.49355975465842,0.8835657406634084,0.8776397366283163,0.18231955305441233,0.45596076852609213,0.5619222538259454,0.8176804469455876,63.14195137261739
industrial_organic_residues,gasification,36.876684284403204,70.3180843108017,17.254404465681368,26.360433652017683,16.17156163962851,4.528312205701927,524.1657975619148,2.6781991788045167,44.19445818446771,0.4040127030979479,7.156628797679993,0.3509361647576648,0.4493753207410287,0.5047956553297586,21.985891152299637,0.8445012390562541,0.5733948697191292,0.3898639087428275,0.834705167209993,0.4803084261388814,162.29199626642907,103.43871067669394,0.535052999543198,0.7877999916291782,0.19344301430245495,0.14989091878849592,0.5612535870311121,0.8065569856975451,48.42989023173063
agricultural_residues,pyrolysis,30.31493185966629,69.28795469996798,11.54887116243691,36.544179550802795,17.646706644501634,0.8268116692929302,768.406535804855,1.0,46.88283621745154,0.01,6.951283301829066,0.24939493056122117,0.507645368095188,0.5042006745592543,87.82789213034309,0.7603208300091082,0.7470287438186997,0.316078582808131,0.48670270267227134,0.44452070210945754,196.1906653463679,117.39474791041938,0.615839588427915,0.8212103908653976,0.11128803952526388,0.061842427671771706,0.4799274601987155,0.8887119604747361,46.09259033572061
sewage_sludge,hybrid_biorefinery,76.9563746108936,45.27331227187164,29.881848177895485,21.886520791235768,8.172591682425319,5.890484919398528,592.3910710513329,25.003326995787532,34.27375640763045,0.11074205491427218,7.660495496568467,0.3013384753914262,0.5723992621415595,0.6682594322086592,49.802549210062274,0.8234079368170987,0.6415776269348517,0.6012308088676676,0.7983750319099994,0.325538666778657,171.11161669822502,137.7437638248197,0.9224674415730242,0.9201848421085033,0.17107067947737437,0.1269828137708441,0.34665132866593773,0.8289293205226256,52.66246023344357
agricultural_residues,hybrid_biorefinery,33.001509330766396,68.8086046092858,13.791530881945054,36.94936030843963,19.81592754833364,1.7320237166733297,564.2239184829606,24.813054517158104,50.11862996111681,0.05843309346132204,6.98161157457692,0.1130830526888765,0.41621183008922197,0.4856018797966476,15.524412664874761,0.7956558074775606,0.7382419312260261,0.06351426432975732,0.33234118501670495,0.9881796394055633,33.94030477947471,100.96477099910543,0.8200077744525731,0.8862805090874211,0.017011444908104998,0.483271935637728,0.6860059890949849,0.982988555091895,75.32917670684155
industrial_organic_residues,anaerobic_digestion,42.96974426064386,80.01206116295982,6.676080953058352,26.855436713048512,17.16795573675507,5.52507287077447,34.39502214670581,22.151535281542866,3.0,0.19094783161700613,6.829060450147193,0.2131091298702001,0.7146950797257483,0.5055450563494608,50.54521172431399,0.8463619261923264,0.8912827960614843,0.06134346759959014,0.8495710086333702,0.41231056654160736,91.32672043305683,80.67901456653362,0.8507659724525373,0.9011219942057433,0.018217625613196554,0.3342163105634887,0.6660819321837135,0.9817823743868035,60.054235443594784
mixed_biomass_stream,gasification,40.86838066796381,54.456482960847474,16.927530712734704,37.06652502223741,14.381598910691897,8.886728800560713,661.1560105034084,6.225623878225151,68.65548686808641,0.24732907933357384,6.684484498393174,0.7374343612299922,0.7942887514785087,0.7470829322607939,32.27831512600386,0.8988004263035261,0.7829954664302192,0.3189979172396477,0.3287681850177019,0.45975850946602426,226.02144916180274,102.40735857061043,0.4089796935488999,0.8080051798251694,0.1451837474247062,0.0,0.5621607743424705,0.8548162525752938,47.086340833258895
food_waste,anaerobic_digestion,77.70461119612536,84.34982034354482,8.575636486528786,6.0,12.116305530662714,5.494606476098719,26.83723036665117,24.71348072333737,13.38279770242137,0.15726985806180488,6.860451033929647,0.2803643286397054,0.32984696535406954,0.3999133148013677,24.5546414273048,0.7804758290360281,0.9108730390548794,0.19932182119998,0.255453372945779,0.05,173.06357035074328,70.34669434497845,0.7078302441949301,0.7853091272760119,0.07566492671096973,0.12191280428378369,0.6407542402895872,0.9243350732890303,44.391101760384295
food_waste,hybrid_biorefinery,69.62568270826162,75.41700598462508,10.513159854057239,9.666143821736139,9.840974523550534,0.5,571.3169082909565,26.94313330596752,44.11385378897005,0.29683490540191954,7.124730867155819,0.6004483662404766,0.8204822893993327,0.7953881147567101,15.775651166017896,0.6969266123824738,0.70438341456107,0.45242058838788207,0.9656585098686324,0.676283817700439,8.592218909550226,103.70176435951662,0.98,0.98,0.08724966719029398,0.5491111197154539,0.602983680107167,0.912750332809706,73.16708810787554
sewage_sludge,anaerobic_digestion,67.85136310608331,48.94445236030747,18.75226440199346,6.0,6.193944295237173,6.265760503270391,42.87350085894341,22.558640002307946,5.443864465986332,0.1534113031293971,6.781801451303107,0.7801808254188686,0.5740471033699355,0.5634998034536407,24.7662129545947,0.9875675428715052,0.4393250119471056,0.23051992553784684,0.46650442530230646,0.3537332820470395,145.49593508113387,81.25918652315963,0.7951802488361934,0.836206430892927,0.0774499468708721,0.19351705173731465,0.6501413929810875,0.9225500531291279,54.549884167851225
sewage_sludge,pyrolysis,73.32392438227599,56.15930517712264,19.02850085794388,11.235551025291672,8.306848798523816,2.8629637372725822,630.5099940750374,1.0,41.64741015718779,0.01,6.856625001506798,0.21844586579831177,0.6968714442938017,0.7992438290398969,24.7169257773678,1.0225900390558806,0.48181109030462577,0.4341806740600884,0.36440720569090174,0.050240454515978306,211.1044847774581,90.73958998899967,0.5685367245256822,0.8621014199464455,0.14634900360770783,0.023105234344264647,0.5334761105777275,0.8536509963922921,39.83762226106248
agricultural_residues,hybrid_biorefinery,33.92013289662376,61.204188220172924,10.954365843772013,47.25571782362278,17.268839361393628,6.162678781902617,804.1689017471051,27.517911725986384,38.552930769869306,0.1775193149415667,7.271019564951363,0.4472022152571639,0.8523970355756472,0.8923304336836733,51.91472292028477,0.8185612156001203,0.8914647599742235,0.16687242710239045,0.4595785664971395,0.9132624241288536,9.23034541761298,129.4481045565766,0.8475320673715396,0.9395991485830298,0.039097188941981276,0.5474536482659403,0.5196119198526815,0.9609028110580187,76.29477456903061
food_waste,incineration_energy_recovery,77.76334649987405,79.9310546845559,11.45785953372786,20.308671369115093,7.377462884930855,7.3208781424846965,390.7514232255084,9.079941103425163,46.19479911250086,0.60848249936836,6.85544030616486,0.5661038655088302,0.9637962622666751,0.92222347563642,28.569446290443036,1.0716648215745308,0.4542667710691748,0.6565271799933211,0.8418823231890088,0.11947941126583182,304.1806570785077,98.78254321910755,0.3845127430405657,0.9453566375655845,0.3317384556634262,0.0,0.5063773482726537,0.6682615443365738,38.11310305113381
food_waste,incineration_energy_recovery,72.33818416073598,83.909541826884,14.2470682360417,20.7102894694785,11.330158987402076,6.933885168330015,814.4624136124942,11.787093035638856,46.292426779441556,0.49838654593413806,6.710696549958727,0.6450021887377764,0.9173763580677318,0.7848772791728473,76.65213662994701,0.7817853314383562,0.7302799696012258,0.6064786050505658,0.6617596228647373,0.14288031227145634,374.5703942264326,119.67840114822138,0.3485028846368963,0.9269213603269064,0.31492966469206524,0.0,0.40154734686697635,0.6850703353079348,36.61261153106091
msw_organic_fraction,pyrolysis,55.38821883983477,59.10660365290781,15.584523567963254,15.228514805246432,13.407815417256138,2.694449908880653,752.1222520453969,7.0763097555263235,64.21721752994459,0.232745397960552,7.12751983588072,0.5404838731210977,0.9845645132904202,0.9328303307334853,74.33032180564612,0.9478468251781919,0.6529111722033102,0.847934478016198,0.6088516771634969,0.28341998653449746,236.23573526890573,121.4338814217574,0.6565904797783975,0.9341573462492215,0.225321360619911,0.0,0.42322670534412943,0.774678639380089,44.33826532853634
sewage_sludge,hybrid_biorefinery,87.30706381697539,52.096633705526784,20.953998549604975,8.021101306537027,4.5670634399990355,7.743370381873177,709.3888752252195,19.473562433194044,57.45121328084259,0.1542112049657454,6.613571036480734,0.5288126545016009,0.43543176128909195,0.46185292336796935,31.144562976230347,0.7109872743157112,0.7284330990968495,0.2725084227526813,0.7507993092958843,0.2386025562784384,149.25942762742446,113.21993338927463,0.9158012470109869,0.8260786935880886,0.0900486676930523,0.18374174642227414,0.45659817612191633,0.9099513323069477,52.72589197215213
sewage_sludge,pyrolysis,65.94536924171749,52.44462969786367,22.141334848003257,10.978856608575276,8.29791290354036,8.237193256352079,589.0797846360064,1.0,30.737589922790256,0.02800751398897472,6.602215704880311,0.6194565394927068,0.7988858147183053,0.7539441660919934,28.639061728754413,1.1302744110695366,0.6493517190772974,0.4276456519786496,0.7148606177929699,0.05490351373737121,218.35741472187286,106.69449453855961,0.6506113248131944,0.8298051840956696,0.16190616447323927,0.004266455267862709,0.4505288017666447,0.8380938355267608,38.693489673785926
mixed_biomass_stream,hybrid_biorefinery,50.610798872370374,63.6316919826369,14.536242629405757,30.553737758587005,15.550209627362372,4.41138706803685,555.1294642637765,25.312577518443582,26.00489631836149,0.12766628180711553,7.012609492158408,0.6746845049025166,0.8199119303831104,0.7369220551229283,33.755603511141715,0.86115739220131,0.5297351398685929,0.27728314158701806,0.3203839991734116,0.6907704817099994,54.968391830826064,123.70815013688855,0.8431910507092962,0.9730718939840575,0.06259621369954424,0.42865352771214005,0.5008739789399443,0.9374037863004557,67.08825252651705
sewage_sludge,anaerobic_digestion,81.49681052611211,51.619642755268984,22.436566998714333,7.671019116022123,5.509535726071516,7.985068364682542,35.12665322747271,19.33500688641654,20.54856825922799,0.1525456310327161,7.795176582869556,0.38153056126547863,0.8136930055445802,0.8424452984952515,44.778534968199764,0.9633004838486506,0.9572852882616543,0.5352891582689083,0.5378369208190131,0.2999034080677235,185.4718655265124,89.10710233269401,0.7690861965532139,0.8956568645942056,0.16048362484162845,0.08968346616490284,0.596994000655457,0.8395163751583715,49.816076960633126
food_waste,hybrid_biorefinery,84.99194229847745,73.94316104204754,6.0478171007857675,27.03976112270942,11.545161176652835,5.201162444646188,856.1525606846074,24.63807662578566,34.09129322747681,0.08815090433412656,6.687409111325894,0.5419147171835234,0.8939543898933403,0.8390157003167497,88.0,1.0607478245577955,0.7774441989176637,0.16190130078414477,0.4666067489726924,0.42093203564643406,170.7687955247179,161.67241022721996,0.8635967275053317,0.98,0.03542990456006109,0.12787325837735614,0.24169762559368937,0.9645700954399389,54.55481275470688
food_waste,incineration_energy_recovery,73.45441503726097,85.01549094753578,11.39426227028756,19.248571893168382,10.867371597065711,3.7185163887898174,402.0808840307927,1.0,52.406860195965436,0.4855618394655783,6.762344990783241,0.21377959582641026,0.7878240005853446,0.7715941785184846,40.769779574337306,0.8411650773783812,0.6350531394831849,0.4665699359679058,0.7541120728435357,0.112935362723277,316.08151182844966,88.8471851546487,0.359600771155468,0.9268004983532909,0.23963647731192433,0.0,0.5572290158272857,0.7603635226880756,32.92344459487424
msw_organic_fraction,gasification,57.351652900762645,63.00753180574994,18.21742450741263,23.130798603817237,13.466642428410786,14.830907920280337,498.4088239446437,1.0,55.07114354252293,0.23140304102141188,6.771414626793896,0.43433808838518645,0.8053069856368811,0.7220574350608917,24.119631404572214,0.8073273921671146,0.4483441632112904,0.2151954450954562,0.8782901643375959,0.25459308777162054,246.3126445936524,107.89480840750801,0.4805032327132515,0.7849551687058993,0.11549933184260516,0.0,0.48814306663866175,0.8845006681573948,37.743766851154675
msw_organic_fraction,hybrid_biorefinery,53.134532020114314,63.98862104133896,16.343496773269536,23.183511729094413,12.363627512439212,10.281578499642034,586.1606630540517,26.52740082427005,44.98885277628602,0.40167884736736004,7.033682101538609,0.572674899559918,0.9270865490665904,0.8097593320437158,27.7800722477688,0.7179396448010869,0.8370924594729869,0.3003313282628948,0.4982799406898999,0.6435191399321054,73.33417631233317,126.33196662183758,0.8384129276397742,0.9606135257010631,0.07562427061549876,0.38095019139653724,0.4766691233017075,0.9243757293845012,63.137581192993444
msw_organic_fraction,hybrid_biorefinery,47.54025768629377,63.78288389229865,19.154658840822243,33.06155401902099,14.38706105309594,7.448199808890898,528.7388851046818,21.270014525499644,61.78574321220195,0.13750465805349027,7.520509971554261,0.4878058002210005,0.3131243256984766,0.5820663573995819,19.430463818552322,1.0163415707224774,0.637679043263743,0.42131212168483,0.37924957265062004,0.6803338378365578,69.39723882193817,103.39587142786496,0.8216994585180987,0.8443877079070307,0.14804637988205668,0.39117600305990086,0.6054846473352797,0.8519536201179433,64.27573706201945
food_waste,incineration_energy_recovery,78.2608558193288,67.29381669802594,6.0726945265867975,11.798303385348973,9.094641960516096,3.5221922908279537,743.3682759202103,3.477152547613642,56.58924481563621,0.5765527079909167,6.469082242589474,0.18575874679921964,0.7714647844175152,0.7953510427538246,9.562860013111468,0.7291797559313938,0.7910204475412564,0.5452136546958792,0.3032852019504322,0.18036727375153563,303.7289801245597,56.98058605895845,0.24602665419574993,0.909741200346472,0.2814212945172567,0.0,0.7397829788623985,0.7185787054827433,41.88443363945317
food_waste,hybrid_biorefinery,76.56010963922547,76.11548526359424,10.038169705227153,10.730995502541756,13.16982542953546,5.954308919105145,655.9662838689287,32.209334549002335,32.13690476532974,0.24078727456509333,6.9556919235565715,0.8966745371947162,0.8753519975956717,0.8749085148744118,44.89349308386598,0.9733491694625154,0.6982062669702622,0.43796128769092607,0.4616671179349237,0.6562450918913937,112.02989212685662,126.73049174981796,0.8854705800255722,0.9629892736550061,0.09997768208561847,0.28044183863154126,0.47737133205917004,0.9000223179143816,62.65565780335022
msw_organic_fraction,pyrolysis,56.88574874432593,59.079635113856426,18.736696746410992,24.74146203529552,12.451965781117767,9.394366527938818,814.5311856120702,7.678402018539577,36.82388935400903,0.01,6.139203785100613,0.4710844176713421,0.8152560123728915,0.6885752580335587,21.645499025576328,0.7900773586805426,0.8224233918557535,0.24512942566548673,0.5029838112184054,0.2449405842236872,215.38423620856975,89.62137307474876,0.577672140522737,0.8503829632280824,0.09507947791930393,0.011988996860857803,0.5821954912936913,0.9049205220806961,42.1134210756306
food_waste,anaerobic_digestion,83.31149358977208,76.82903169066712,12.412534592086189,14.29161695097667,11.793575460459309,3.5322129536754656,43.095283839950724,20.0858609643512,10.023774273133881,0.21904852211528708,7.848392489748525,0.2809484903435355,0.25539937073205454,0.31753487648440937,20.5391789789094,0.8628775030366906,0.9130461385694428,0.7112369809440404,0.7067613595799151,0.8409854794024408,39.203430816470494,60.26173259506525,0.8344407284467333,0.8007640744784518,0.2616813863701696,0.4696014783987779,0.867849791810299,0.7383186136298304,68.05202397290485
food_waste,hybrid_biorefinery,72.01477796983512,81.6526419831655,14.794161438250004,10.005711581686846,9.968216895474715,7.467877013857626,658.4723162718174,20.55706814046153,47.22225731214359,0.20594930113785598,6.755606927852368,0.5413401932874156,0.5254078240607528,0.6706200386223978,23.85797950428109,0.9974110228204583,0.5422786340915469,0.2775682331684531,0.550400164296709,0.5255421055475435,77.41529130831377,120.45275094313797,0.868632117440167,0.8706047189415405,0.08594549111815734,0.3703498927056785,0.4816574161513123,0.9140545088818427,61.584177461882014
sewage_sludge,anaerobic_digestion,88.0,61.89584358976828,22.90242451414192,8.982245519416981,3.941157929410224,6.507991459336219,37.607904462137896,21.41341769886928,5.027810951469792,0.22357019449004686,6.799875496463295,0.6439130632406603,0.7281691301630705,0.6747430344453478,43.95112398371754,0.977080283597032,0.6321107205363331,0.6198601951877438,0.893561382672488,0.34287134827261906,141.23743277932797,83.84065770578097,0.8893474505120212,0.8786204767389322,0.18867533250244195,0.2045780966770702,0.6341650771158658,0.811324667497558,53.055020795507396
food_waste,anaerobic_digestion,83.06630194859022,76.02399831846566,14.363243368732965,15.943045805688808,10.15047433696893,8.0561177445161,37.210627130039406,23.129861520954922,3.5061951474436306,0.2214754367444131,7.465795235393702,0.7664329922764185,0.6989915788618418,0.7670972845328123,46.04935386667586,1.0164794691167247,0.4705156048356452,0.6884748714987137,0.47298070373725387,0.5909436438371372,131.95863449665939,94.17377311645009,0.7831669911048142,0.8891280264745972,0.22547089695837222,0.22867887143724835,0.6343561641891696,0.7745291030416278,54.01142936412245
industrial_organic_residues,anaerobic_digestion,43.280417961272406,71.62630971461024,10.545091553248213,27.858391406018757,16.032042957774493,4.970211975341457,44.35788416866798,27.073441803750555,3.0,0.17102612215192764,7.360234179106767,0.6024763705887458,0.48656529595857695,0.6520949149325483,42.00518422960752,0.9441186416853949,0.6968500883378473,0.16870754704835447,0.2910938278907388,0.6713747519996734,111.24476562471268,84.02113357563601,0.7461800827923942,0.882673213678174,0.057251212090976625,0.28248112824749955,0.7054859529365808,0.9427487879090234,61.253181809146696
msw_organic_fraction,pyrolysis,66.44942325024,63.85065766822232,19.497526363208546,23.28903758575343,12.64747840416255,9.888702799953062,686.5838039462014,8.156864657364647,47.35178292512274,0.15426347315494612,7.031838482398268,0.30639616412184806,0.6234947551692152,0.6280375403923452,25.780077073904817,0.8356712978489932,0.7532189217665524,0.4297064255026622,0.6583914778713685,0.11360047799004669,191.96548108629804,98.98417601546296,0.5998886429979186,0.8054562618349915,0.19469864910674753,0.0728169322433817,0.5040227577080052,0.8053013508932525,41.39775829096955
food_waste,anaerobic_digestion,75.84657298259486,74.41464323859299,6.504178053736974,27.302189139105057,11.558736425327035,8.770476110594503,35.30342556794555,19.590361437244045,3.026660453387418,0.2551874860813649,7.149932775021248,0.4644829877600478,0.7533895941718867,0.8142004067044091,26.395292696128404,0.9948310639357274,0.5194911064325686,0.5752571991598854,0.5199890948019833,0.3952985291487007,143.4755059828281,78.97058437598133,0.7657625799471383,0.9141850980724682,0.18526244981209455,0.1987649195251218,0.671331021802286,0.8147375501879055,55.901907894654855
sewage_sludge,hybrid_biorefinery,80.66471226879584,54.683140448604746,21.909445313039257,16.880193309595757,9.52897408365365,7.6704888583191435,704.0911278901224,18.98786280730272,57.3830577619775,0.14377607405773093,8.250794840341843,0.08379886940402795,0.910233688985922,0.7677099198760435,18.746262051213865,0.8934694445628147,0.7967296660759892,0.2734445929961023,0.5112313647874914,0.41279874732590666,133.7181240505782,97.82189240035417,0.8208183287409611,0.9584220538315485,0.06428744092026865,0.22410876869979685,0.5759636591466776,0.9357125590797314,53.724045825504454
industrial_organic_residues,anaerobic_digestion,43.007129955223895,68.13192269137532,12.18449123656725,22.89633987856759,13.663744705374533,9.371631638445217,43.87456736199598,22.45583941463405,20.038399016095426,0.10987365762916157,7.352023114918685,0.2270177963326803,0.8289772970793318,0.8246629615751044,15.801844566914896,0.9625918034487113,0.46657035690582216,0.1348156803652523,0.5099434701588276,0.4762314641239583,107.10865606118173,68.93387236314524,0.7400458697772049,0.9231170898948119,0.0417514259475745,0.2932242699709565,0.7419610675644011,0.9582485740524255,60.602875366285154
sewage_sludge,pyrolysis,88.0,55.29340487694828,23.981628909629926,6.0,11.296034193104067,3.227473095409663,587.9771245643357,1.1521635859886685,70.29618622678979,0.037958043870606195,6.954657803258875,0.2630915612788745,0.4603999771052439,0.5783826122638063,23.247846589256465,1.033485213228901,0.6442824448537212,0.45001508790238615,0.8246969900058252,0.05,223.4580796926311,76.85065970186105,0.6846292607358986,0.7839662989225805,0.17996672628544966,0.0,0.6065228436744156,0.8200332737145504,42.791750620350314
agricultural_residues,gasification,32.50218001936398,57.43691827675743,10.739577739063101,44.64248610878952,18.39273337957426,7.420774480449165,825.325623934485,3.3453008098663153,37.08673742677302,0.19170426215477834,6.611017588895801,0.6824740590812517,0.8152400096123176,0.6719610614326175,22.19377058411108,1.2317132665763533,0.7780059986447112,0.505176928804488,0.6083865682915733,0.6599350709560663,148.02397195706894,92.69927388291431,0.48474914543624936,0.7958817071799916,0.2156381704301212,0.18695072218943132,0.6572948004371013,0.7843618295698788,47.24560683525192
food_waste,hybrid_biorefinery,80.38690016490938,70.89331914095203,5.583520615503414,13.458692373528873,8.592882165774421,3.8255402654418007,558.2713858780253,12.29136839114844,14.168335436794411,0.18862114111243275,6.754842462147634,0.0423164018537587,0.9879435554835567,0.9355550437108496,52.53254049444986,0.9630654523274951,0.8374394673427293,0.3985880858355019,0.4853630744342275,0.3125045610072608,126.49700407097963,118.46131087235696,0.8379472988987651,0.98,0.07638489457504066,0.242864924490962,0.4452704198828766,0.9236151054249593,52.94446922552699
msw_organic_fraction,pyrolysis,51.14330765747755,61.23902883614021,19.616845641191244,27.690457628736205,13.218978326361267,11.910288449517093,660.4136149041709,1.0,26.799632866862247,0.11984210952629791,7.335535015366185,0.7476409704322015,0.6225281946187264,0.6064507671900985,12.446259682035572,1.0683032574929328,0.49836873288036565,0.3553468122873816,0.7246158008154115,0.27308869287292126,169.6177412219008,99.94780257218117,0.6375932086918094,0.7843056438619298,0.1711686561915802,0.13086300981324472,0.534038446262668,0.8288313438084198,47.73775114828568
mixed_biomass_stream,pyrolysis,35.81356322591964,54.95476784411878,12.444799531766783,36.45593966247738,16.73413379400221,9.963240521863714,670.7323138120067,14.437392142078908,38.527788330423675,0.09687518944881686,6.593854215444187,0.23809782971269647,0.8716732728465153,0.8681238256222914,59.65646937459598,0.9825349921641561,0.6086195441494822,0.24372741769243841,0.3194088978866143,0.4298955778531751,185.70869743644565,119.23064830729577,0.5091573671956232,0.8466155711427913,0.09196630708054905,0.08906831834689442,0.4670472991945629,0.9080336929194509,49.603035254558435
mixed_biomass_stream,hybrid_biorefinery,45.08322291349943,66.16622516145839,14.997549643981365,30.431119732284916,14.86781154986175,16.76827981981164,547.5428910269645,18.083213138696046,46.96916918170113,0.1658650649427623,7.508153586157331,0.728568559449952,0.8520150890187576,0.8481424511203797,28.01994593281584,0.9413091094661611,0.7558176408422135,0.5857341541835801,0.6477903368270821,0.591042651753415,76.80704596716559,144.68140447723727,0.8428551102240852,0.8918940459770377,0.18807042734945423,0.3719297507346348,0.3685483071897657,0.8119295726505458,58.59489614036217
food_waste,hybrid_biorefinery,74.86817490407394,73.82011113740103,8.767012255983637,21.21279697006532,9.337532125605682,0.5,572.7456520800683,22.676544625677344,51.42749494090438,0.13921137730555783,7.046325126653874,0.4639660153498666,0.8150821912766943,0.8629002895253053,25.399037652790113,1.2096467888049747,1.0,0.3030922600971942,0.6662933019981223,0.5826145351892718,46.306626471006716,97.37806231040642,0.9401906067275199,0.98,0.05870003664066116,0.45115161955582667,0.6156590803184481,0.9412999633593389,68.33649028038187
food_waste,anaerobic_digestion,66.27210229975421,78.65085378854674,12.283257626713239,17.691480733776938,9.703475265722144,0.5,38.62014680875841,19.553666315537594,3.0,0.2931491155691319,6.519436958717186,0.17611095052432865,0.8957772320366809,0.7933342777854681,31.457932717635096,0.882165064276402,0.6884346687339125,0.43663612079201797,0.7374892395960274,0.3555345224489122,134.22202201841688,69.66058370914216,0.8549611859409533,0.98,0.09241746352253073,0.22279994280930682,0.7115829438380125,0.9075825364774692,60.462061664724025
mixed_biomass_stream,hybrid_biorefinery,44.68012259081578,60.202263862499954,10.346871945101096,28.791124052870977,13.151599660076872,8.255447790780627,583.725405147017,21.00824327686902,28.36853256910877,0.22925224432469918,7.35738642143838,0.6678321403705898,0.8050109522783723,0.7527240616964578,39.12913884136567,1.164090760049157,0.4979278947435712,0.46880357701575837,0.7627915386160432,0.6405987588715507,84.56302785601848,128.82297147226387,0.9263363213481937,0.9460800066927274,0.12236676380890717,0.3517843432311208,0.4629160876240366,0.8776332361910928,64.3236877273013
agricultural_residues,hybrid_biorefinery,31.457326449170306,65.8979822162194,14.648592970585955,41.408737658005556,17.66549267638557,2.4594553101889978,692.6723765495951,30.454548819359992,32.52268719658403,0.19944668183259137,6.6009268874150875,0.8481851523190567,0.7682887890129708,0.8079146367987962,35.534033238131514,0.8924008986650183,0.7558218869034934,0.2753642591366986,0.6364963363362184,0.8883274088196178,-4.469489795613837,126.07252821438829,0.9497627090982562,0.9610993296634172,0.05999593061268258,0.5830376358327632,0.531892407759325,0.9400040693873174,77.54920328865289
sewage_sludge,pyrolysis,71.76635347965086,49.69766261609042,20.10207665973442,18.806278530822727,7.947238140683606,2.851141535854696,599.8168616553178,1.0,44.51459182861735,0.1431282659725388,7.141478829353292,0.5038373561076472,0.7158529010462055,0.669473821722058,17.12301412369438,1.1912365795295294,0.8828195067906359,0.3810779999014045,0.4210077909366314,0.07254514565057954,216.7838280003299,96.96094465695995,0.6056009454717867,0.8698851485970386,0.1266416676810851,0.008353693505636648,0.5056391706907067,0.8733583323189149,40.87641412449619
sewage_sludge,incineration_energy_recovery,88.0,48.40173230725361,20.26494465626878,15.147943253508998,6.415987753240118,7.1503137741154585,641.8858612097147,8.569623144499692,50.821076289518665,0.5000926041446851,6.883221721214402,0.4855843519365506,0.5858458092681503,0.6773938691510875,12.724049852891929,1.0064366979646355,0.5900451008363085,0.08574610877324187,0.3211067283128203,0.05,326.56432387005947,84.26239423721375,0.24907123381432095,0.8464160030303726,0.05752462045838169,0.0,0.5675137145409802,0.9424753795416183,37.58666577508838
msw_organic_fraction,hybrid_biorefinery,52.39040107103278,59.651914825039086,19.134496479464392,17.225739267486404,12.615780986406207,13.229450629391312,754.6268140522101,25.203036878107536,44.128398500556074,0.14017777293017905,7.473860721389429,0.15167482096832938,0.7886822251259386,0.8250249551120716,25.097338680804427,0.8953553342098706,0.6541865605949814,0.27317403428921283,0.5304171940985656,0.4960443644833155,70.99263427686294,123.49063498446736,0.7921321297963686,0.9016706442160636,0.08388732416078276,0.387032118761395,0.4591790497417643,0.9161126758392173,60.348089011454014
agricultural_residues,hybrid_biorefinery,30.936800374604033,73.75656529855976,8.86537638517431,44.70477089483702,19.05525225082452,5.497688368724908,739.2775563139627,6.816325022683948,44.17587293101678,0.1397424652085799,7.017740168167733,0.3586664131543071,0.6885860545194001,0.7799234523168384,8.250179089176983,1.2719151330093033,0.593309623651103,0.4279491674336692,0.22928893706569908,0.7038349497942686,13.189101898895,100.56687892634956,0.7875317287376951,0.9127219142910644,0.11089357000952117,0.537171163898974,0.6255443261844783,0.8891064299904788,70.3644535069332
agricultural_residues,hybrid_biorefinery,21.185119282900434,68.66443548719117,6.930482449914596,33.73991380198977,19.26470486628683,4.419968756800167,680.2978317449422,17.57251539107363,47.52557115568979,0.08826757684463739,7.177041679760726,0.3729597118570527,0.7441469259401371,0.6319158240031677,20.770636401514107,1.1251469501401499,0.6145229889846852,0.20719383706121175,0.3137079250600973,0.9060752840634737,24.60281244978614,108.27508102089179,0.8173239769159873,0.9413647142313947,0.049577683132451075,0.507525162468088,0.6294677150155864,0.950422316867549,70.61058355240972
industrial_organic_residues,gasification,47.10722065055607,74.86804940949784,14.490547858623199,30.08084957985701,16.693774198338517,5.722972723802494,632.508656119646,1.0,44.106054763569276,0.2722964697652334,7.059603121264361,0.5564260393998137,0.6870117775242609,0.6537291188764378,38.055026367389885,1.3410830761350006,0.7674674453106562,0.5098998454128727,0.7645366284783668,0.447388736619488,177.5406105747067,112.17849118897462,0.5255874312049594,0.8233461817402273,0.22594058508972903,0.11028412837738519,0.5080124105353684,0.774059414910271,46.2262643320653
agricultural_residues,pyrolysis,29.467634160746748,66.57104956186052,6.866485997245615,41.75034784178635,17.150117642514022,6.820568382914529,448.8154118104313,1.0,32.62041635257057,0.09810604192645736,7.210594787567333,0.5993756031053502,0.944506571606956,0.8854930795637839,5.423355705600011,1.027385206431454,0.671950076097009,0.3368044327536934,0.82811974465775,0.6335368255537305,58.13940843912842,75.03937668849238,0.6872360057324637,0.872084873541347,0.10792749415797624,0.42041712093732875,0.7444340137876503,0.8920725058420238,63.34467275390002
food_waste,hybrid_biorefinery,80.54769410472397,79.73966613171245,13.558017036578688,19.134439503128732,8.750670356925264,0.8893424861325663,588.9698940799341,32.97137424630886,42.009743224084175,0.19127108474800647,7.681508509134205,0.37821065242592267,0.8374425914509722,0.7723808464978259,64.15461626162228,0.9392563905408167,0.6091059735288358,0.4941511197061928,0.7685333798966314,0.7626872223049636,32.64834236236991,121.01459376811833,0.9561647997653037,0.98,0.09561685697993522,0.4866276821756626,0.5308722743380482,0.9043831430200648,74.27431302676867
food_waste,anaerobic_digestion,82.93500495049256,68.46394842895097,6.293522138221716,16.229945445803832,9.134755130190126,5.975905751332178,34.622023981962336,30.72166905195244,3.0,0.10939933385021217,6.763678658196721,0.2112629365033863,0.8998039999088043,0.9259745952536986,69.21317880074109,0.8523301787768588,0.43253685007897136,0.4650874390065259,0.6764529450379558,0.22962521346835973,172.98679572400798,106.35311008819353,0.8041829309204347,0.9560934630671677,0.12146550587823257,0.12211221889868058,0.4907643359725469,0.8785344941217674,48.008293914336534
agricultural_residues,pyrolysis,29.645589216622565,64.24676095993193,11.11122747452705,41.43538745694043,15.828792863701693,6.299542359501907,545.3441751788124,1.0,37.85181772777042,0.01750963483259864,6.709615674165808,0.10850308386435714,0.5035080207672005,0.5363660584451933,10.960448751217399,0.9830866581134116,0.5785022537795923,0.057817015257198075,0.6736619597643909,0.47373322705305465,146.48222012069635,74.80153905156331,0.6129989401337329,0.768076742233357,0.02519838468565063,0.19095527241377572,0.7105289991539704,0.9748016153143494,53.47324076815788
sewage_sludge,pyrolysis,88.0,57.95121955279445,25.305198101768305,17.97082482227252,9.746098538205146,2.943844254750445,718.9534181049665,1.0,56.416242036197495,0.1185726568046373,6.6086105602010665,0.02818261813734916,0.6793322189066129,0.8051533972453052,32.640148064848184,1.2559474740257783,0.8470650316084927,0.3274044372291533,0.30651733053174224,0.1389134962908421,258.1763742830031,84.75148880878848,0.5382770323006705,0.8761363367397194,0.1121028366156892,0.0,0.584500501769309,0.8878971633843108,42.994837660911
industrial_organic_residues,anaerobic_digestion,59.825628462916356,75.44475767432982,17.581257703268157,17.04625782507747,14.359539862072705,8.245775487734056,41.711789297339884,22.41607957138809,17.60601024138571,0.23550706455570072,6.66422698310643,0.5205707075764532,0.8514804171498074,0.8246517570834624,25.73819027618448,0.9495955206477737,0.6025807554659169,0.2955255483937382,0.18,0.37532908824816,142.14521778793696,90.15612930325288,0.688925228191978,0.9210980006839712,0.08671470436679607,0.2022202135378261,0.6080664557132642,0.9132852956332039,52.22619956413197
mixed_biomass_stream,hybrid_biorefinery,42.233293517273886,57.85671055338062,16.281175118411074,40.564886312816924,14.956040968977854,7.966227940019307,939.5502472069654,19.442292434280958,28.883980195986904,0.276430033678292,7.13227826130791,0.7408454726470781,0.7004157909584646,0.8017733548803276,29.097923714289163,0.7272991582823964,0.7209471683069499,0.6673679402927013,0.4809967344156935,0.6787810779839049,24.963767899350216,117.61715089379557,0.8637532258355545,0.9076195562879936,0.1865936511893325,0.5065876158458436,0.5302942008733245,0.8134063488106675,63.57224805185515
msw_organic_fraction,pyrolysis,57.97328735639781,63.65295741804421,16.86104216752403,32.54503722477149,10.711452557545426,14.314674114863035,591.5576710383548,6.514951591482075,51.09331155580886,0.1313271459385616,7.354276624338297,0.19510504585509214,0.9095872939994026,0.8694342245388325,17.530724325233994,1.044192180991165,0.839662857941726,0.3829569511594471,0.6066885703065277,0.08408861945928021,221.7758250358848,93.31880429876901,0.547077827440998,0.8277917457583429,0.15877565503318575,0.0,0.5273478947085732,0.8412243449668142,39.36689967970357
food_waste,anaerobic_digestion,75.19681502157366,80.65433198190061,8.180015482919796,16.19320867212683,9.196605187834724,1.0169482227150288,36.819281310775715,24.716082443466902,23.08815360524482,0.09655277883832555,7.139365379041906,0.4484075696619933,0.7335635095453077,0.710786574831697,23.644505431546985,0.8164110437600209,0.4258743727583494,0.34164632568034653,0.7767519750449682,0.5961620599035211,64.03460388032957,60.80463814121555,0.8829419617751963,0.9454041206573327,0.08397284667607505,0.40510492498615697,0.8111312419092191,0.9160271533239249,66.67383812860218
mixed_biomass_stream,gasification,46.278551733620965,57.63031415348609,15.813246895837265,39.67169744583863,13.932932430947842,3.9912204550901205,618.2142702825204,1.0,44.69569191562357,0.3076622804364663,6.914342996218534,0.35189306249261154,0.6346256996525594,0.540859857006988,32.57613744846914,0.6619648089206054,0.6843988492108981,0.38909276669639903,0.5603722090685466,0.3943939776002183,224.48201375968895,107.89385615990888,0.47030595408091475,0.7924256889598605,0.16786969072056573,0.0,0.5189042742304224,0.8321303092794343,38.976111381947575
food_waste,anaerobic_digestion,71.57716527543,73.84147887462791,9.842105480628753,7.9168909720293925,10.539010291559379,7.249214231572382,36.05444142210508,15.903904936073992,24.951363475993425,0.19536004507036553,7.3981358672117645,0.15944368757587266,0.9011561050729744,0.9290331646966488,23.287438757469328,1.0213665793497737,0.8057655256444274,0.6254811700525313,0.35697148649148847,0.36808113444972895,108.03255829124981,69.1720130122181,0.7112538670079352,0.9256771385058018,0.17046580261037053,0.2908245239188317,0.7169146231988451,0.8295341973896295,54.52362762175349
sewage_sludge,anaerobic_digestion,86.17001231476097,52.42030567867952,25.537216591795577,11.078918078063138,5.997764317071751,4.70359223576814,27.55032361072409,15.180361410693855,10.585546928279825,0.11647360619108911,6.57415780054069,0.30587005452507193,0.6249151350436228,0.6169866603572953,21.130286665054697,0.9889994893061647,0.31617203565255325,0.4317720958898575,0.6346456470356713,0.05,186.67905729970053,55.217998763088815,0.8102058704705466,0.875423511555295,0.13258785148029892,0.08654790311766096,0.7203789538784799,0.867412148519701,47.534317524193725
sewage_sludge,hybrid_biorefinery,84.36627513298716,53.44089767083183,23.242341122300132,8.02620927787578,9.641089369583385,8.90251243133972,582.1129580388729,27.376833129664593,59.88223317233826,0.12580467613334376,6.6535039184319595,0.2205809115620245,0.6349808193073376,0.6254724647114229,13.657187806634292,0.9957738642626283,0.4228402043988057,0.287162231458645,0.8346431286903566,0.2776424718326947,102.15859482186757,105.55123916129077,0.903989668078173,0.8667443259514023,0.08665140931766675,0.30608157189125307,0.5055485061121888,0.9133485906823332,56.995465410639774
msw_organic_fraction,incineration_energy_recovery,59.61294690773721,65.39727270851634,14.540646188670156,17.887249241962095,14.709715009164194,17.24452614704437,676.9916055308834,2.191575305349418,57.555336152612455,0.5829245025699193,6.7262525091505045,0.7078974389637883,0.5545256881764568,0.6761618882088984,35.69722825563356,0.8044669635888839,0.4933307743912827,0.35716996454064603,0.8503539007882307,0.22401587936178727,334.4294079163928,112.08559166919179,0.32850858728485016,0.7673638317397622,0.3278741277431494,0.0,0.4593593267796365,0.6721258722568506,35.10656254074859
sewage_sludge,anaerobic_digestion,83.53519308939673,47.41776565046286,21.835878920905845,6.0,5.119706721991911,13.865174976001065,32.88483244374281,11.287036977873555,17.75799433311379,0.13288530521520223,7.418802623046964,0.12597703379120173,0.8376997475458835,0.6710803290906682,33.52386377417674,1.00826725168734,0.7593653881273056,0.3307496428549408,0.47515148605371416,0.21174762738337244,183.260778534198,83.6244006021641,0.6918098093847171,0.8294293959993064,0.11606450266204876,0.09542654926182335,0.6064560538024256,0.8839354973379512,47.21960039495342
msw_organic_fraction,pyrolysis,73.17014478430815,65.89476443937427,16.198846000019998,31.509700597642237,12.99695665200327,12.173842276428909,629.0682155379818,2.749831655499589,30.36035182491177,0.01,6.92975893206357,0.5649576762794292,0.6804537138214866,0.7415637373070043,21.860969846376133,0.8475873330826857,0.7449670553739077,0.594360242830534,0.4747567351493584,0.2434151708486511,226.53002594068377,99.36898975262207,0.5586689019546915,0.7967796156096715,0.2771123300528156,0.0,0.530556654678166,0.7228876699471845,42.4270387303275
msw_organic_fraction,hybrid_biorefinery,64.27598611553243,61.35779504735866,9.464985765980416,27.98136316294829,12.160797348280298,11.10415826068229,623.0881017093141,21.31723770325204,77.73321471436071,0.2963894003798905,7.394710230077295,0.44520916971269525,0.645351497341761,0.7418624218847834,33.40132870083952,0.7513132894061209,0.8753755305847701,0.17917621746690102,0.7790870131919094,0.5550194766620062,73.82891246800641,116.04269758171417,0.892659379050217,0.8985744319891791,0.057445064370260805,0.37966516242076254,0.5113532449618826,0.9425549356297392,61.69925551397749
mixed_biomass_stream,hybrid_biorefinery,45.45768268384243,57.55555987833572,12.846399612945032,26.173358198216675,13.916894977471248,7.575621126216958,770.5212798755715,19.225150573840022,34.07115316660166,0.19463894442311908,7.151824671440732,0.6113250790442393,0.7374244798367546,0.772766443485571,34.61356623398133,0.7866558072988082,0.3848809729974617,0.47366752316551697,0.6832677984801321,0.582877506682043,95.045932715573,128.7833321240269,0.9066936080600534,0.9494538610520162,0.12725811076378413,0.3245560189205896,0.45042604029096045,0.8727418892362159,58.54745345275776
industrial_organic_residues,hybrid_biorefinery,54.81881073441019,81.26396171330941,16.450452592624455,20.567074809308878,16.565776271125074,8.276886096770768,524.5595488173825,13.560525855950017,46.72929791519547,0.07533816974729124,6.851989191657861,0.1793944213011096,0.5948691104204841,0.7168707969434636,22.243459089798435,0.8951574373604679,0.779135795501093,0.37865265942820003,0.5918113942607919,0.5929656899403589,57.85791549217982,112.6315671505561,0.8443661995918914,0.9067374435801645,0.11506753881297578,0.4211482714488836,0.5376547299418468,0.8849324611870242,61.50772214868194
sewage_sludge,incineration_energy_recovery,78.04306805706828,60.16828477431473,24.73012410682098,10.988726029732334,9.098884793591667,7.437802341083646,751.3945672717974,1.0,49.859685691170704,0.48472777729987826,6.806814942179364,0.5488293266457861,0.5006459501276883,0.6254184883038785,17.281811167305317,0.9244100465234143,0.560599939861389,0.17013466646154204,0.4472127328627132,0.07260948979602669,333.37592172527627,90.87419053477066,0.28364491295975564,0.8143687820795185,0.12176907607824847,0.0,0.5376888744142276,0.8782309239217515,33.07844084358644
food_waste,anaerobic_digestion,86.28638077252184,77.97102797086507,10.890978512849914,19.859197415435403,12.236412414298472,7.4105993099312055,39.74382006796397,19.45845742189845,3.0,0.05377205357371351,7.021101158766142,0.4590408886669651,0.47760453384677953,0.6269914322992438,11.281479368651484,0.6605239544338032,0.8201326648886154,0.509407648332696,0.732643636548858,0.5031086154720784,70.4020549736569,76.976507987193,0.8280099850610533,0.8532489820275404,0.1892769207034405,0.38856609097751454,0.7055443796817888,0.8107230792965595,57.841163562466114
msw_organic_fraction,gasification,62.97258323894835,61.668698598876766,12.921789227035557,27.004652911900155,11.718509289939698,11.385193101825713,591.8387419375402,1.0,30.739162436967273,0.3257784203634477,6.913706642339457,0.4786319606111552,0.4888590471794136,0.5772946821392464,27.646066757923563,0.6619185510864646,0.7401599685077236,0.20725223379726831,0.23591063163638087,0.16306442832781237,252.13807191584513,107.557760767247,0.34757186304520765,0.745626685489667,0.1258219851546389,0.0,0.46978069650976606,0.8741780148453611,34.021019061922935
sewage_sludge,anaerobic_digestion,80.40536221895402,54.08537581400291,23.117685199749193,14.562156257723192,8.445704358219537,8.720124162826771,37.98671790584134,18.042337134796487,16.879535525207217,0.12088385157701276,6.843575301279931,0.3687133393652897,0.6324691332791363,0.740560310057194,31.825324841677517,1.0325859599786398,0.5612427312950838,0.11327891889793616,0.4387050255266077,0.20396046959097164,192.84324431937128,90.8969862015068,0.7381324543910878,0.866801092772647,0.03971577129047295,0.07053702774189279,0.5664661127757674,0.960284228709527,48.3275650793311
industrial_organic_residues,hybrid_biorefinery,48.1276766398892,61.12314660496028,8.096831204349701,23.7274342680346,15.88471612617051,6.5395010300989735,653.4287656624599,20.063656876927727,63.731118152693554,0.2850482664708627,6.913314486410631,0.12005583292344994,0.8709718233059169,0.8204757625163934,31.772180504016177,0.9465456715361418,0.8805441094542962,0.4774987253303605,0.4268594089429157,0.6835705863413679,41.14497921754507,109.30821345554736,0.8105428116589122,0.98,0.11164590556719033,0.46455849553884393,0.5750791423869569,0.8883540944328097,67.88485664032315
msw_organic_fraction,pyrolysis,61.344662729250295,66.3162913269937,10.101408684198425,23.584006623271865,14.419495836348785,8.941395026334652,455.37448060100223,3.3060907832478565,51.248830306768056,0.04776630561823185,7.2525311908963195,0.7572293597553005,0.8576652427649295,0.900414246408745,45.07451217810835,0.8151006880821183,0.4504558158737403,0.5389280038906338,0.7710765457711249,0.27075293132340406,165.13135070280998,121.7531366763072,0.6707577200388627,0.8812008622948531,0.19921695343018872,0.14251597220049356,0.418759662384269,0.8007830465698113,44.221192246108686
food_waste,hybrid_biorefinery,77.7943881971511,75.509182377771,7.816745432621726,13.533855587980558,10.391875287914967,0.5,842.9889038475842,23.659108639065366,40.951261077734095,0.19862593685591873,6.941995777350501,0.353206165043053,0.871609422981277,0.7224373551917396,23.475633987030246,0.8315817866381368,1.0,0.5524429506875111,0.4742992435358729,0.5838634684081628,4.131054839076562,102.23952250656461,0.8833313040874126,0.98,0.10225149425973179,0.5606985588595413,0.5903472130152453,0.8977485057402682,67.25205478630038
food_waste,hybrid_biorefinery,63.97908261159559,77.65022573163215,6.583774097683463,20.017366696653486,9.291953508541766,2.3830092940598364,760.7495300085038,27.09670471862156,63.11376237977528,0.16480663991760655,6.64051833582362,0.49701298641540376,0.7879909413697672,0.8066994992936736,16.284198046665573,0.9244119230651437,0.9494582894644495,0.26636664421488654,0.3396668107268688,0.6019919049799186,8.628795539447516,96.03887187543313,0.8479966765365308,0.98,0.05699592554442947,0.5490161154819545,0.6269704723827761,0.9430040744555706,70.07524282725866
food_waste,hybrid_biorefinery,71.61899701075633,74.09090995264165,8.780660121482216,16.958187449164065,10.758751640305356,0.5,628.3666607849549,28.811859746044917,70.59302008549852,0.08503529181314085,7.265852186846104,0.524579188474534,0.44419108683267394,0.5477812503610672,19.44649071968489,0.9177130403221414,0.42892656103966437,0.30170712874686695,0.5112798279352835,0.6860895460380994,19.2137172705231,100.9700610659087,0.9062862920617837,0.9172219800558554,0.07541827193940828,0.5215228122843556,0.6195183260972835,0.9245817280605917,70.85466439782273
mixed_biomass_stream,gasification,34.67553061654171,55.76763495380122,13.65764356528366,35.20076174029896,14.674859011967193,2.772068652697394,950.0,9.588983721282347,56.187350722118765,0.38395150276439116,6.832329446308953,0.4312589761668166,0.9336917824448188,0.9450723369655716,57.12529102787532,0.6857049946960155,0.7127400771681703,0.4798244508106454,0.6391558797435744,0.5541861383245553,199.92940639530906,124.23633004847383,0.5048852074603571,0.9056701886850573,0.15693122256724865,0.05213141196023621,0.46804552912364517,0.8430687774327513,48.11873546468047
msw_organic_fraction,hybrid_biorefinery,54.76210854737181,66.56862781240164,18.906658177653227,32.98065379779327,12.746704222854683,12.677994696252387,635.1471841300604,31.121562709593668,49.517383103004455,0.2076915949115148,7.137519094136698,0.6343330502708091,0.5876141765839952,0.6219373958748158,45.65555584647964,0.6611907783386509,0.7252992168971666,0.12290850274864616,0.5941171008651749,0.500208361023756,123.27568668386266,145.8802190914322,0.8505299563641917,0.8510557897351666,0.04289840362032314,0.2512319826393178,0.34225521262821473,0.9571015963796768,58.52159889167113
industrial_organic_residues,gasification,36.74602538343018,70.95763188935578,6.368155222353052,24.839894830333716,13.295676588507899,4.061354495627906,590.2616242606936,7.850801123410006,78.33329934408546,0.29121629683853545,6.438761217846301,0.5630822443235419,0.9585175700921366,0.8356274606903454,22.442018683837603,0.6992187144818747,0.562636519418537,0.442273052692899,0.8182080291884426,0.4087725031513329,136.79637354152203,102.34098660976747,0.5511691053735985,0.9123907330014909,0.14876767496976237,0.21611331547656615,0.5512931790629382,0.8512323250302376,50.59658978638367
agricultural_residues,gasification,26.793378352108366,67.14077095943816,11.120700768882111,42.24586777184305,16.665040979610488,3.0669068758298885,616.9553852963926,12.620591924879028,43.76300660998206,0.27944808738771315,6.8909251884619485,0.3169296054643695,0.7956189947494968,0.8114629148789876,54.09161678609516,0.7841006525590254,0.6499516902082935,0.775790137935274,0.9215452311111202,0.7031375234284034,87.15970075015602,118.09272397145968,0.5642723280841204,0.8489100353603614,0.2873166265874084,0.34503973831128304,0.533149602672882,0.7126833734125916,52.3800787855867
sewage_sludge,hybrid_biorefinery,83.5178778181857,60.397417380309896,22.146641750523624,24.17439438758091,5.569357559762136,4.893897113220618,615.2451155954078,21.250961655470014,48.40178609479361,0.1280001325631624,7.348628692903119,0.6161731264190736,0.820546742507719,0.7900185516463467,7.739025423495209,0.5642397865194677,0.6859634500460859,0.6518118504474335,0.4689478826079361,0.4552908436985558,97.13076727352109,108.69001292002105,0.8722735409729656,0.98,0.14970890066942238,0.31914086422462057,0.5281112860346242,0.8502910993305777,60.12838977523033
industrial_organic_residues,hybrid_biorefinery,48.56259772494806,74.1053656637901,9.951035873408252,24.355321849929727,14.93820689226961,10.4319482658574,770.06689664071,33.82967469527,44.717520118105234,0.20020460177358076,7.236440581914367,0.7698288712380739,0.7311798630277281,0.7615775076453679,43.0797234695294,0.7557990814235399,0.7581968009879493,0.4235192130447328,0.6398766650593798,0.81758369728609,18.03314762505369,132.6521788860073,0.888531838102889,0.9256950224233921,0.12516615462804304,0.5245892269479125,0.48169905084500664,0.874833845371957,66.04190457302192
food_waste,anaerobic_digestion,76.91814684749598,71.34406524695898,3.8837479579817735,15.793108272383462,8.084599080666088,8.377247961927772,38.66457194493411,15.647600665818732,14.824361740931895,0.1859482996906683,7.066486806731093,0.5326741898623327,0.8433975845959145,0.6776835209178558,37.21963936621016,0.5454668990459879,0.5603865977323145,0.19296690893533225,0.49562705583250055,0.40608218016805037,150.62122042701813,70.86776062045757,0.7678799634136174,0.8994535878218469,0.057234344164935974,0.18020462226748538,0.7163498658450891,0.942765655835064,58.90135808831201
sewage_sludge,anaerobic_digestion,79.0614983960491,52.39748900359174,21.777897377452636,6.0,9.47357039828425,7.872450227643894,46.22795233466212,21.33396253642746,8.408067056987559,0.24609849143091886,6.764224889373026,0.457213287143294,0.6119395144335575,0.5882325635744787,12.032593575454746,0.9052788416510192,0.51111994330071,0.5836893375317469,0.18,0.2587143294694848,196.74711886507157,61.23735133386805,0.6864699113779564,0.8321363024814108,0.20188848753878041,0.06039709385695696,0.7346153033576653,0.7981115124612196,51.088502616435164
msw_organic_fraction,hybrid_biorefinery,46.682508092153995,55.70069224399873,13.78459749632756,29.52330942400485,13.031917564392552,11.440794648580383,501.5538905576277,22.363250365877803,37.27665814990959,0.1154252969220434,6.7974234310800234,0.47606987030629766,0.816123766282,0.8085852226165302,27.158143122031042,0.8425346132533369,0.6755159083878638,0.3689270743392568,0.7226107977830265,0.4805385563439036,107.7446250003088,128.14163769846502,0.8786527265301978,0.9266895463442832,0.1053521795298381,0.2915724025966005,0.4312888102984745,0.8946478204701619,57.69930270741552
mixed_biomass_stream,incineration_energy_recovery,44.58623356805683,63.7259626623119,18.399332429778582,30.03867847454461,15.752921591256333,10.460184938140038,600.6651908914774,12.495224933426307,39.74396826353952,0.5542900415273704,7.470731632142228,0.16930217476652476,0.582455701617649,0.6893995220370095,24.83286274656399,0.8415697282013538,0.5305787491932177,0.19861226335704812,0.4758694532674311,0.31478471039451617,296.4350315691929,88.64415443466957,0.23929024273119942,0.8327486839914131,0.14845091635812485,0.0,0.6027044550516906,0.8515490836418751,40.77362260226379
agricultural_residues,gasification,35.46220186819986,74.88067570543046,10.583534671881534,34.74939875336104,16.637065775131724,2.1038665766696747,737.4801191982184,2.7266073887282407,41.0198216940989,0.2977854506749903,6.8097025130155275,0.2426178586042113,0.4812440736127953,0.6746168138813735,20.939082222136857,0.7948631270151822,0.4781891228325932,0.8092669763293269,0.7013453155028901,0.5644789397828206,146.32472742784458,85.54760777148338,0.5100186915273718,0.8100024718082383,0.35842802337572105,0.19136434434326083,0.6739347995338869,0.6415719766242789,48.45622886856395
food_waste,hybrid_biorefinery,82.82626246476352,71.96044037671655,12.703563089927634,21.862124218233287,8.078303265863392,2.2727284946020907,597.3945773705605,21.051734295488608,29.42798059036493,0.21737084675233156,6.908938285306803,0.33794157944664327,0.9004013424370926,0.9224790454405527,37.9131203186624,0.49440696578447474,0.8248888107888532,0.7712366661480271,0.6638011810500543,0.4290223295344213,103.3230626803327,111.27125666830364,0.9170765221560304,0.98,0.15011969501154376,0.3030569800510839,0.508746719506501,0.8498803049884562,54.14793241957804
sewage_sludge,pyrolysis,88.0,54.383499708396464,24.507574941125505,11.66344492715523,6.871383676028724,7.439421481652627,694.4407697014586,1.0,68.76102603911016,0.01,6.99981032207848,0.7060323523526044,0.7596143603511165,0.6410804177262007,48.414082174553464,0.7690759853783204,0.5696594565061718,0.4564355143494462,0.6997584479823492,0.05,242.17117040002455,126.94242255630945,0.6593462498122272,0.8192003840707278,0.1734370285676206,0.0,0.34288198654573976,0.8265629714323794,40.74234537210358
agricultural_residues,hybrid_biorefinery,27.553506089099088,81.37807954157361,9.347681345544476,47.784834409799906,17.379124356662864,0.5129790876331848,640.8238891500047,33.54847013146301,58.20279406847105,0.03627689227194375,7.383355775767559,0.1767378927459624,0.7983440776279157,0.7520941201667728,18.952782620079812,0.4097600077771759,0.7630862858667197,0.42796804765302204,0.7865253958609412,1.283547937847326,-84.65924606341487,103.22687768423063,0.94717952677148,0.9593994869132464,0.08401958272068077,0.7913227170478307,0.739081190093619,0.9159804172793192,84.75844479456671
industrial_organic_residues,hybrid_biorefinery,51.69952754309473,68.80515459763058,10.25131341740689,17.78219838701268,14.318874033714074,5.971124025163812,697.4116187595477,27.451791654513432,59.59413137470294,0.13436237774205628,7.275953979406775,0.23136873533659313,0.7653875483978707,0.6318963846267351,23.03804872563807,0.4973699240693867,0.552212301558235,0.07777604926768954,0.22969398564382287,0.7582976558151274,106.5448016422975,111.17913667761017,0.7741351270617364,0.9361571138188215,0.019372301426757953,0.29468882690312337,0.5816721333445376,0.9806276985732421,58.983080295626614
sewage_sludge,incineration_energy_recovery,78.90046661838873,53.915804130494365,19.434830140205786,13.055979135110881,8.516521883540474,13.197015955782708,845.9581017876873,1.0,44.75789625968533,0.5280311945712256,7.007190595622834,0.2459413610571369,0.6395917096592464,0.7150485123733802,21.48139815924965,0.6038727546631475,0.913377728712893,0.48026923892841833,0.4554401498904272,0.05,373.5533323393493,97.58009560884294,0.22115623466669881,0.8055538300980668,0.3740540558444984,0.0,0.4974205494271424,0.6259459441555015,29.32285283743522
food_waste,anaerobic_digestion,62.319980599296215,81.03256010936087,12.523041279327055,21.282562332266146,11.068621270156727,6.348158695994119,41.580551161826776,19.0742261737098,10.669528901209016,0.1592749109910322,7.050998032408623,0.9327191317286265,0.9227601317367757,0.7228674526190224,23.950401293887538,0.3824094199420671,0.4859521016254109,0.39628184280434886,0.7344122230454663,0.5512079478596177,86.43741442747414,85.69975075412097,0.873783475427698,0.9470781771286891,0.10282796093790883,0.3469158066818853,0.6702144287705845,0.8971720390620912,66.89602696799933
msw_organic_fraction,pyrolysis,53.46651744605806,58.89834701067052,18.107420870261265,22.278191595858416,13.641548892312702,9.200920429096001,596.4011761209687,6.161767085755656,43.50113674287261,0.01,6.794682513504841,0.18797160495318652,0.9557534636716023,0.6855765271003602,15.363646117617932,0.535783849481239,0.5979796949252812,0.35620655697727593,0.31283015530998176,0.3389450574646291,196.5202391437544,91.52050649837211,0.5088388242200783,0.8679220877253739,0.12220077675216354,0.06098639183440417,0.5928810363349967,0.8777992232478364,47.58106984656482
agricultural_residues,hybrid_biorefinery,26.5698874629705,62.76649450433914,10.406035485503752,45.22811141871094,17.74332694990734,2.453065959105536,653.1461688377441,21.56510375194808,63.59183138166925,0.1989168578381448,6.979738068422295,0.17048203143084137,0.9690785847749718,0.8217449922521164,25.422328134902223,0.5975124908574089,0.7177143113421522,0.3507492076199549,0.4292420054612044,0.9398448043029146,-32.61551960168921,99.95755359965118,0.8437776021660296,0.98,0.06480250502123719,0.6561442067576343,0.680673469580056,0.9351974949787628,73.45404554428829
food_waste,anaerobic_digestion,68.15462077744323,79.20500782545444,11.263208228803745,19.164887835756076,10.310999251701915,4.411597549799925,33.4465374425097,17.623652318693566,14.526471215172968,0.1541916286197884,7.308687186826858,0.7582886253550585,0.7472790108893608,0.7605591296328906,22.796736300774974,0.6275517155305623,0.8429620677248761,0.24806844589110263,0.437119785403783,0.339554734410913,125.27290374735348,77.21495979058591,0.799061853530751,0.9333455851929064,0.06906872649014216,0.2460444058510299,0.6683075163567908,0.9309312735098578,59.438212281954364
food_waste,incineration_energy_recovery,75.82738336258227,75.01493900184562,16.489417108215854,16.071497981238277,9.433605081408121,4.344222968401667,619.321055275203,5.57244069907366,59.74905902753957,0.5603113081727952,6.864494430146475,0.3841384197570874,0.6325958561384162,0.6477277313016268,31.918272338581342,0.5008792358570094,0.621388200239108,0.11218233169678354,0.5827812122253252,0.12955208248416622,299.4062111051946,87.8716385937252,0.3260168158580866,0.8753903486312078,0.06602089451961711,0.0,0.5660191497584892,0.9339791054803829,39.54931500703563
industrial_organic_residues,gasification,49.529387101655864,63.05053352901016,14.820866614837396,17.502765941910347,13.965617889623264,7.782533155423877,655.8922145712974,1.0,65.65750675719164,0.08974072564564081,6.407297331765358,0.19041992388168757,0.9614397226805047,0.8344742280482189,43.2772101014866,0.44267532771546814,0.6036964804891879,0.42337436823585606,0.4377329804013673,0.3331685094924696,231.5592848438043,111.62103641670772,0.40018910692290977,0.8646191703255696,0.16194311543360995,0.0,0.48581793305303955,0.83805688456639,38.51366122259989
msw_organic_fraction,hybrid_biorefinery,51.44125138252236,70.0341091205996,9.898216937109314,34.82783989093195,15.566813907975954,10.305403987783116,768.0962341253352,23.650449179127982,64.83493613801565,0.246545759528378,7.917600601119224,0.431993599541367,0.7802161943917,0.8173102969801471,29.63016165337622,0.44615973933211384,0.6564772815190298,0.6447193281889885,0.49362861393776913,0.8860348862294518,23.52842921468347,132.01499422386138,0.8258288135332699,0.9177258921408935,0.18296202645695742,0.5103157682735495,0.5001119158975247,0.8170379735430426,66.26577020777623
food_waste,hybrid_biorefinery,79.70376205301999,68.84688255405271,6.545971726216921,18.636204868164448,9.746382309718928,10.247661763710939,540.8420120503521,30.700964924328133,41.812928933866694,0.160433318824589,7.092655001622178,0.4498816902687129,0.9192620637446773,0.8577632069416734,36.98021492329422,0.551315102639947,0.5546238490605394,0.1846524047676608,0.6648213535412758,0.4654186085944304,99.3187929532861,127.51067563995566,0.8704622412608394,0.9535451010234561,0.04676016064331057,0.3134576806408153,0.4312832747331133,0.9532398393566894,56.2749031717416
food_waste,anaerobic_digestion,71.95244614977759,76.2449138557297,11.861211349091912,18.29092321977289,9.107384200749195,2.4487612792056517,37.939378138718396,18.337034235585673,11.999884785226808,0.12448886140190304,6.815981668688234,0.32446728108140777,0.5652165816864919,0.5741773329188432,71.24961895022669,0.4752250362220443,0.44646074409755415,0.598506320004051,0.4816555771833206,0.3107565840928341,197.11401709325384,92.68029565303527,0.7892299478279032,0.8972313775066985,0.17541853003328992,0.059444111446093933,0.5805754187476063,0.8245814699667101,52.44910972388764
food_waste,hybrid_biorefinery,78.83834449838112,74.35312916128655,11.571657743462602,21.717706679470197,9.437771641082975,0.6588451229847929,578.1747996634884,21.103855379801793,45.31270535106585,0.2914666313675541,7.467618852223143,0.2990766708327113,0.4358987640392852,0.6349163148028892,42.243947348885996,0.5725840506563239,0.7625959122272757,0.30196300706840684,0.6614028037192461,0.662788511882068,56.03240557116096,121.24670446541165,0.9246649187355348,0.9361081025894007,0.07638626646379179,0.4258898556593222,0.5076729227960989,0.9236137335362082,64.76578732307466
agricultural_residues,gasification,27.52041721537011,73.97271351278737,13.055800974482509,34.85099345575618,19.254195630699183,3.4120130490311156,731.8686780122512,4.053524130974975,50.57161076461456,0.141830056549041,6.486772694030467,0.5077341480332134,0.5482680486083548,0.6028480155153224,26.174798381243736,0.4612675467572651,0.6316968423237802,0.3018310618053208,0.8505920351595466,0.6659652415556502,134.1023519632086,101.28609012968732,0.5593826492893259,0.8021125814523827,0.13492773707166344,0.2231107741215361,0.613427668249152,0.8650722629283365,57.037889722374075
mixed_biomass_stream,hybrid_biorefinery,30.15892900901804,59.54615430148481,5.99721760227633,32.806863515268354,15.556387995454582,8.603172982733343,542.8678175057728,19.65571730294865,53.311396690667195,0.07947510540025358,7.326990691415987,0.16716113503423338,0.7261085273589816,0.6263410363101205,7.786783417160718,0.4410804373842516,0.6529906178490199,0.5446756772743975,0.5683687710006928,0.8020858967485298,17.70599206353176,97.57130383312966,0.8352428726737785,0.9067323357215128,0.1526004472682794,0.5254389816531643,0.6629257192155731,0.8473995527317206,68.71590054453196
msw_organic_fraction,hybrid_biorefinery,53.49701410791106,64.6771827720132,15.783728561794964,23.498986874666667,15.832893064841421,10.573538962108238,708.3956744209429,23.764621338836623,30.281434096952154,0.09172872261807218,7.121608900903341,0.1263437472562472,0.7492124128054701,0.7985436319972947,3.717358236998923,0.42836277567228775,0.5798450479164273,0.4997807086867219,0.7794928302110393,0.6188588650814751,33.42710063754363,93.56357759318438,0.8709659345985019,0.9293729410583784,0.14637214483588762,0.48460493340897765,0.6437090682485331,0.8536278551641123,66.70069219035142
agricultural_residues,gasification,31.83378755714691,74.77991950283743,8.126739411765547,40.36095859765517,21.764798389819152,3.8726029892506784,504.3172045349739,1.612087112397024,35.91695050967376,0.2966275253156485,6.9077045110338195,0.3103597641219223,0.8403792733558403,0.7981211509016726,34.0370244910483,0.3224909890080225,0.8414148299137332,0.5539784947098344,0.5694665942870837,0.8416276052062894,103.93037679001779,100.27531655470436,0.47008720877676996,0.8528707899279749,0.20432016193630945,0.3014795408051486,0.6573932491732555,0.7956798380636906,57.39988412658022
msw_organic_fraction,pyrolysis,44.7011937248042,62.983229842284366,16.048159229403243,27.425700473345344,13.716469094896505,17.38019445323444,743.422934514143,7.68656676471538,49.37642160588552,0.11750076221643113,6.722741105100419,0.4701858720558915,0.7048757532425259,0.5935853961666717,48.46837415913725,0.2990731486245735,0.7001350210189499,0.24521082086432736,0.6252483320354245,0.2837445087227244,212.45718038670307,127.56866485655924,0.5522655916006864,0.7529687072878991,0.12921572037829637,0.019591739255316695,0.3910097663581613,0.8707842796217036,45.089667851614266
mixed_biomass_stream,pyrolysis,38.565648970847015,57.73975292371975,14.683310433964115,35.558592569168695,16.380766149584282,7.9238936970074,557.7082492736295,10.580649722687372,35.705150884326336,0.01,6.2913115681321035,0.5501778971798355,0.99,0.8901637222630782,28.77705323913514,0.6260084659696079,0.6755681308012492,0.3438866349477234,0.5481996555939566,0.44623820964015487,158.57208600839948,104.21477616823765,0.6055968897938241,0.8865303784499576,0.10980606507212795,0.15955302335480653,0.5496735841827413,0.890193934927872,51.78580275985696
mixed_biomass_stream,hybrid_biorefinery,39.97378627696821,59.81327262803119,14.242527786153637,23.24872837203214,14.25479514497383,11.49532128989313,391.20194238948596,28.985160053499193,38.29295165112526,0.2968630256940276,7.579175440944438,0.2015317947876258,0.9315971486886291,0.7951867992397381,23.348681942461628,0.3257231912812005,0.45419411948298716,0.813799045696091,0.7983427306577872,0.6170121975874824,42.392411791465285,112.08235612177384,0.8752409772182048,0.9501853423174871,0.21168036292573117,0.46131841093125897,0.5458355459862259,0.7883196370742689,61.50903185099069
mixed_biomass_stream,hybrid_biorefinery,42.19925266440576,68.73372592244799,19.98409165996783,30.62640081372057,17.147617901436305,8.50006081699101,593.8944960078343,17.415872997106725,46.0393484707572,0.25590675974863275,6.703953031854198,0.35171388879902604,0.8963561778608834,0.9108377662917824,22.851985274379643,0.2797288441143256,0.7930742200772714,0.47163338402508,0.7868754853833343,0.6401260224962146,42.570836056538006,107.35129900818905,0.9053555567308185,0.9715426541796081,0.11527003144709987,0.4608549712817194,0.5758208880639617,0.8847299685529001,69.45711692832734
food_waste,anaerobic_digestion,72.93416429510627,75.8237865936742,3.3520922490667804,19.830479788085068,8.485844048690213,4.254255787156519,35.941328497433474,15.597217861090204,3.0,0.1124014454402062,7.4938444882470625,0.6619710237411185,0.8392676356636747,0.8487669420666643,23.526180179966737,0.08914361478791491,0.8810495289105196,0.2621920932530622,0.41357151829278954,0.394651682652754,94.61294982082954,68.63632247374501,0.7865707709623914,0.9606893385064816,0.06760567133023902,0.3256806498160272,0.725579567690211,0.932394328669761,58.00730436590329
mixed_biomass_stream,gasification,36.96417576878722,63.267283577590014,12.799432252934913,34.36774180369562,14.863533578251007,9.842974402472281,663.815100459835,10.811597194870362,51.70491826720234,0.2879204996429878,6.28553910153434,0.4849709900672998,0.5592963642522794,0.5301217766616771,23.521014694041483,0.3845841140769548,0.8742013807797725,0.7004915643192005,0.22328154035615194,0.4115139483173292,190.46005240118257,115.91513146844814,0.355717243477116,0.7456376639841318,0.38806377390827007,0.07672713662030503,0.48045342932219065,0.6119362260917299,42.45581086590284
sewage_sludge,anaerobic_digestion,77.33027431301001,46.67969559185299,29.250398567440016,6.0,6.636560249084083,6.0572068792665075,43.04030660364711,27.229733380859912,3.0,0.1246911195104908,6.607447011569441,0.5507601548888449,0.7119938063424545,0.8056580013652761,22.612541834468527,0.31719816596624595,0.5362339574525015,0.38057632926343427,0.6861115977727633,0.3023985654300244,145.5526761473388,67.41865006451054,0.8331882636794329,0.886583734130841,0.11539468644574728,0.19336967234457458,0.7116926840550761,0.8846053135542528,58.75229689500321
msw_organic_fraction,gasification,50.4167524976278,69.22067935900925,15.672278142599534,31.492604470912816,14.225958097234004,10.835368441118504,778.1119249437886,1.0,41.15828236316633,0.30704113797405974,6.879318690431239,0.3178073605902239,0.8509149930404505,0.7671210808486293,28.015786125257197,0.26608964058371604,0.6500668749514583,0.30280006388903447,0.8300512869136772,0.3796854488709881,209.0203389636065,98.90403797506832,0.48708983148780766,0.8176152590735912,0.13997552653123793,0.028518600094528595,0.5629832304617841,0.8600244734687621,40.986072271316736
msw_organic_fraction,hybrid_biorefinery,48.06312469559484,62.01331862896565,20.88967123318487,33.89794506557347,15.344138441912685,6.615288693613485,842.4780530107267,23.458486620136075,45.93563630658747,0.25202322270382327,7.396210696516364,0.13999494482261474,0.8201847379578535,0.705603733370983,33.93879849009264,0.25631613852744445,0.5515750903682165,0.4793830147782051,0.8124990622383677,0.675423902727528,51.993518263266715,109.78965813731924,0.9080173402901067,0.9436787965312232,0.11705744259450838,0.4363804720434631,0.5707529526141654,0.8829425574054917,67.89336446702733
food_waste,anaerobic_digestion,64.17423939284411,82.03170985578413,8.393898565083846,22.538659421571126,11.207679867807649,9.562246779524628,38.03127037302653,20.983422260946366,3.0,0.10740341742828846,7.4328356881607265,0.2636107801001054,0.856398511981377,0.727300187517508,52.1528774489985,0.3411489588932972,0.6168986093494259,0.28799339035787674,0.6131430095174728,0.5513204537255635,91.35314448604855,94.09626347231429,0.7674388873307042,0.914375456861677,0.08777321659721027,0.33414767665961415,0.6260470078600749,0.9122267834027897,59.929029796348125
food_waste,hybrid_biorefinery,67.77437472614872,70.7522388749465,12.38903998853575,6.980443246401148,9.595757261109739,6.4018426218230555,397.64442315679776,23.323215382256752,27.04861731139424,0.050860897370849395,6.776920605419562,0.2650890071326376,0.6444248286786605,0.7316481540596886,42.66066376857461,0.3869533545384282,0.5721720468950093,0.13077989450494953,0.9471644892177252,0.4561326137337516,92.04821332874685,117.81851720185612,0.953185344522281,0.8973256366765701,0.03608478840192366,0.33234230304221596,0.48025171606428785,0.9639152115980764,58.21787719293229
food_waste,anaerobic_digestion,78.6606704661163,77.9494999101775,10.748719948675717,27.590566586018333,10.32204348650902,0.5,37.254649686675734,32.62658976993996,4.2867583343171205,0.31048672186897386,7.508275431657676,0.3174636220980766,0.9383713082197942,0.8200476978703455,18.409236047128342,0.16462553845048955,0.3892702066027666,0.3176649771023317,0.5702724233518184,0.6469426883646856,60.57178916294259,50.03972736158441,0.8244651956058008,0.98,0.06484000932635421,0.41409924892742184,0.8789604053266287,0.9351599906736457,70.03121815803534
agricultural_residues,hybrid_biorefinery,31.374625970442498,70.23473081114271,11.314746198242485,34.83159796073098,19.674474556567226,0.5,607.8244938852965,27.79570885649098,40.51900528245154,0.1855511091775352,7.191862127001338,0.4193615376408967,0.44887003681266086,0.6427939040481605,22.192967485458585,0.1069202814945921,0.7131919453315083,0.6535688429634812,0.7903773493191872,1.2662276632948526,-57.47206269700573,104.294522188473,0.9676432603410686,0.923947540433496,0.1629095687194339,0.7207066563558591,0.7296515480907992,0.837090431280566,84.03828803713627
mixed_biomass_stream,hybrid_biorefinery,46.89915629228543,54.400419945212576,15.517167134371382,37.11118975995129,14.595316000893625,8.365398556301605,730.0380078144789,26.62208958428506,50.14869995510513,0.19779601286449824,7.286005657842698,0.6870578047444413,0.8702808270926702,0.7555177495410335,34.27744207828389,0.2777858100538979,0.2096636231201105,0.4964695914540302,0.4511279017547858,0.6286462707421168,76.31736367762426,127.73663513140089,0.8491888099241406,0.9351507219340498,0.12345022902980647,0.3732016527853915,0.46600409992431363,0.8765497709701935,60.44029725361523
food_waste,incineration_energy_recovery,69.61037539215889,88.37582926597666,11.934379080806949,13.305313236053944,11.793155898438783,5.547489744191301,681.4806155443582,7.479070346923605,45.696858265946695,0.5619558409068409,6.256475393885475,0.8325548567514671,0.5482028766649051,0.5615683205259516,61.513668308118206,0.04716272090015304,0.9612341849636807,0.38212828117248054,0.5841039434064697,0.22432568664047678,307.21011548069396,120.35632709099032,0.35379794618239563,0.8358683406608439,0.24856598354799128,0.0,0.4158972979504295,0.7514340164520087,34.18456628444887
mixed_biomass_stream,hybrid_biorefinery,28.442039504316305,65.25829646700788,12.8539716281734,23.095630507511824,16.41720806849621,4.445136568798173,720.2682867341784,30.169855187615354,23.513170234576982,0.17790128248723044,7.092288243905039,0.4706704694223167,0.8477927755438088,0.5974109295817926,32.08126300169571,0.2118753549508925,0.570004698871377,0.32668347294493255,0.6647669192218533,0.9101396716756912,0.9391516816661492,124.1024367499359,0.9127294113776615,0.9710400300594009,0.07222095966109096,0.5689892164112568,0.5470600080321473,0.927779040338909,72.62483395902272
food_waste,anaerobic_digestion,80.43729777770524,71.06108288431541,9.258360059995953,26.568923537407567,9.208600989944102,5.543213269024006,30.897037072124533,29.99177238286342,6.540823460721944,0.1087193954963901,6.793341604671946,0.8217364425764215,0.6693224448134671,0.619390413902118,72.00963339987574,-0.14536084146812633,0.9234308788954815,0.5263174305971444,0.8344811455044867,0.16864970103732177,165.36722232823917,100.96783211651757,0.8955567088990674,0.9069565217036768,0.1615621367844886,0.14190331862795022,0.5056932915096972,0.8384378632155114,51.37616696807119
industrial_organic_residues,hybrid_biorefinery,39.978469755456054,75.37449552477042,10.766373581309992,15.777316676814873,15.153306803105233,8.099291016975185,641.0023581285384,13.197328571888542,37.31575421865811,0.1305186378256595,7.345752849472656,0.21732419691461796,0.7659695493165523,0.796071723243403,37.523302746880766,0.09771838085765827,0.8603157349808345,0.3032407607662114,0.7951435358473143,0.7275022622676168,52.51663896283385,118.33905165299907,0.8994767825961718,0.9322719810036585,0.08114073521041427,0.43502171697965236,0.5372133837357227,0.9188592647895857,65.21872997833808
sewage_sludge,hybrid_biorefinery,81.27909452021241,53.867944266882176,20.500015596007486,6.0,7.835927453897057,6.894719421588399,721.0806896344434,25.429962900808498,58.09544455514815,0.1635102156776567,7.028298430814153,0.19829029423313943,0.8325389338463324,0.6765778385635058,16.215574315573477,0.04016309670533148,0.4672196467140838,0.7559116809272013,0.8606098415705189,0.3237293274895728,111.8450620196719,105.95286788324898,0.922752647980162,0.9149720362846917,0.1845409369640198,0.28092191683202106,0.5135737789779745,0.8154590630359801,56.60806396177154
msw_organic_fraction,gasification,59.31119206508048,66.39767132968183,19.80974874525981,19.418872545051926,14.095305187090291,13.010608308615584,513.2124986010192,2.938021446657262,72.53135489513318,0.24257354921741048,6.671322582089409,0.49642817914976134,0.4776411696782596,0.6701728361579087,13.478554862624922,0.03921643153183191,0.9421897537418558,0.28644430298963075,0.5044633609515651,0.20943668576954666,244.70342129178667,103.86935416374025,0.40475583640956314,0.7321039140195966,0.18351690197050113,0.0,0.4993952594811936,0.8164830980294988,34.738131123494085
sewage_sludge,pyrolysis,78.02170279437532,60.24593869959228,16.48447836564606,12.775212035195372,7.857669415774844,7.586349891748604,588.0318522765209,3.2305777441850827,53.90958210631805,0.01,7.045171431542601,0.5330242358075497,0.9383410954215773,0.8851262048148439,50.48866331093106,0.19987315434399197,0.472053058576243,0.16139219746724584,0.47978706418727973,0.051636628892485915,262.220194991479,111.27161432658696,0.5894842556691837,0.8762456887510848,0.05335355608780775,0.0,0.42571998295325764,0.9466464439121922,40.58054067049206
food_waste,anaerobic_digestion,75.21032057724717,74.52724870468462,2.0,20.64634929568823,11.03302111722436,1.5648683703910073,40.40142482854931,21.95136142744515,3.0,0.3167077319823902,7.078698129518051,0.5262544357919761,0.44925506607579846,0.6393671040903459,36.26949218990142,-0.12487871967985614,0.4847860192954391,0.1284752296913599,0.7379375912196663,0.6427454144159003,65.15392743205858,79.62567976751801,0.8756306740755376,0.8988081182981584,0.03908186266413095,0.4021975910855621,0.7223214660792979,0.9609181373358691,69.67074647363448
msw_organic_fraction,pyrolysis,58.54233805452461,61.92362065815014,20.894783314253882,23.30458680019981,13.3799483037397,10.295300203205,648.0483920100628,2.6296493437398545,35.97742898236569,0.09700037436265956,6.576491686499726,0.8258003223521374,0.7913019681346873,0.7237779307997935,25.300773760018224,0.3048516775223886,0.6665721247558978,0.1749745005960721,0.7966559849076883,0.26337772786057184,190.79621110456117,101.10475643041256,0.6731609205926581,0.8396229526643867,0.07109568364794747,0.07585399713100996,0.5258128031271544,0.9289043163520525,44.67859265570079
msw_organic_fraction,hybrid_biorefinery,54.73257052554782,61.11542674738027,21.39102495533121,31.37667137544122,12.747283560506691,9.107501289933463,646.5737181366535,22.331408261834326,44.24661053238656,0.15213824080140223,6.782711343982617,0.49084801970735437,0.796589622479022,0.8033650216071841,10.731164681941943,-0.036346313326317804,0.77062296303249,0.6387141901801306,0.637342485336426,0.3749093430283641,117.15573461340995,102.79351474803876,0.8748509538811606,0.9370228032153631,0.17245752472827494,0.267127962043091,0.541461556792352,0.8275424752717251,56.18551968112557
mixed_biomass_stream,hybrid_biorefinery,35.64995740767888,63.057544619493534,14.801713645101056,23.422365647058765,16.227009131848046,5.838082949072968,515.9513118184208,24.452812928511054,40.09975496497253,0.2061056371907391,7.283608390722127,0.15419598019746336,0.778470722590441,0.8160972209770938,17.68686692139187,0.02993118084247592,0.8037583882172359,0.09265871510093028,0.4040650413915507,0.7974208032519386,62.246888405257856,106.17435567763138,0.812485358120174,0.9736772604470141,0.02274466761348777,0.409748341804525,0.6166201784121035,0.9772553323865122,66.27636132735947
msw_organic_fraction,incineration_energy_recovery,46.98693555136969,65.43403445045587,16.157023675218397,18.15662614275118,13.439313262840708,11.545684460846969,642.8223345588927,6.457948382993693,23.85727744449888,0.47215099597072313,6.629569133650949,0.6457680192925466,0.283706539433298,0.3150222370742799,44.06047058503684,-0.12167227617806965,0.8277938700403706,0.2862915852873811,0.5519246583876507,0.22732470520009063,304.04304140284586,112.19732615089562,0.2888228149143876,0.7305715820576006,0.26480901833081355,0.0,0.45949919224456937,0.7351909816691864,32.01490891258351
msw_organic_fraction,hybrid_biorefinery,54.31416712967217,72.721586130958,18.015787793958737,28.7922682125623,15.067702020179492,14.15923973743402,557.8037154862427,28.41527520551303,40.51100889353194,0.20111821037707053,7.1964979230220765,0.8281721681781211,0.9316983133875915,0.7133511043055563,16.098091114741038,0.13652505724486913,0.5020015774894271,0.3159084021366525,0.5594306376678421,0.7213440739271613,48.693453437688355,129.8894603383402,0.846996754709172,0.9147857631847479,0.08860352021019133,0.44495206899301726,0.4750669576411324,0.9113964797898086,66.91998439691243
mixed_biomass_stream,hybrid_biorefinery,37.704434339522265,57.632533950207566,19.04936115094487,24.565138870646027,16.109508280154397,7.129016332561134,775.4732967918067,34.60677228135425,37.43585686918575,0.18980411655387902,7.01517921043352,0.4756350992957982,0.8456429533125228,0.7907769619735223,32.531699931905365,-0.14347623074119523,0.18219564111842967,0.8589652013298468,0.5291785320770465,0.5713979631760796,106.81641815035007,124.81166118933015,0.8604423266349975,0.9741690548632171,0.20916976927641098,0.2939833294796102,0.4688040719548946,0.790830230723589,62.788354471715756
mixed_biomass_stream,incineration_energy_recovery,47.70236544851624,68.24175653369932,12.062731144703651,28.76458715006831,19.517263159734604,7.341662107810803,727.6649720198349,1.740782510829491,50.697113114290545,0.48935668014978895,6.506757464035126,0.42133763833477816,0.9461979510024859,0.7317872559245816,28.616602106959395,-0.09256199901106292,0.5747427978333011,0.5186296971302542,0.5499909238374334,0.4435254590500782,252.57752292253815,87.50225521415562,0.299813107271465,0.9237435055744445,0.26633705066218977,0.0,0.637037415653356,0.7336629493378102,40.24833727626464
sewage_sludge,pyrolysis,84.88842034969215,52.73639515487561,18.2801019196655,6.0,8.816709753671098,11.417959712065986,682.7295354844543,9.813516147766071,51.33114867661314,0.0747030875184814,6.365934064414691,0.762974061399313,0.667798710995479,0.7419433975451049,25.492627624865854,-0.16512033349472507,0.429415595586602,0.5721567648865551,0.48362960448859804,0.08584445335446297,235.84077549714524,110.37461689135523,0.5820196080496326,0.7696178897927104,0.2632862154641161,0.0,0.4379667434676911,0.7367137845358839,36.03093071178778
msw_organic_fraction,gasification,59.868912058955814,54.19422431569355,17.30547936017502,21.143542129572264,10.732024227499169,9.48657750285481,578.728300177817,2.823313424321583,49.04795219502926,0.3079605284302471,6.656826110529075,0.6710094941778036,0.9423357905928658,0.9103950347297682,27.846202629080427,-0.11933671772790322,0.7817484792843481,0.2650823376512399,0.5642378540889379,0.23720111195570034,232.05029767590838,119.87641878562157,0.45833418053647507,0.8653834156162252,0.10891270688886452,0.0,0.42125572470593,0.8910872931111354,36.65858384162558
agricultural_residues,pyrolysis,36.539822184807356,70.37326393600418,4.265866231941251,36.78630837825964,18.25549339002531,4.906862585208883,629.4389647824545,4.371676735100234,27.37317733227201,0.20420466106407023,6.667723217339593,0.7603858159819982,0.61640591378182,0.5244020971439907,38.89778994558971,-0.03928142506824843,0.5146942531942582,0.7248773278500596,0.5895254827269657,0.5022898510680692,136.72488405796182,112.46248844579131,0.6538641978638391,0.80758850526361,0.2792635984471016,0.21629900244685243,0.5185959333097578,0.7207364015528984,53.3415817624417
food_waste,hybrid_biorefinery,69.15733133310164,78.46003722700874,8.386788117887047,11.048515271446831,11.278027155128859,1.5141883404478307,590.202732120583,28.291113445546454,51.44550368612957,0.1923277795506856,6.635742418023955,0.16483603705151081,0.6478747160627187,0.7035658665329136,12.854388725862636,-0.2445270337578108,0.7849817622009935,0.7342045388088083,0.5364673512042697,0.5210993251664892,51.384761551402796,91.48556928131987,0.8767044023820535,0.94405998134369,0.1679212233658003,0.4379616583080447,0.6331388553191546,0.8320787766341997,63.86362034659764
food_waste,anaerobic_digestion,76.18015577763067,81.09374331230018,7.837443018895723,21.568377509612915,9.650688103430006,6.9586826146604555,38.57787095704425,26.101312493135865,11.49770698516696,0.23322647685156916,6.8673217265764155,0.07902256296826028,0.8820207469940148,0.7072730501556715,20.86966605769922,-0.0574247521125016,0.44895576829015216,0.4092443750510206,0.5974631885684295,0.42587202939545626,124.5060376445484,61.294256362352286,0.7669768238769451,0.934674837892915,0.11222069540002683,0.24803626585831584,0.7710904971914619,0.8877793045999731,58.56799746641593
food_waste,hybrid_biorefinery,79.21513696381682,76.41102264195285,11.14251786196692,19.67293572942187,10.917439656985122,3.7607756899881375,479.61963012488314,24.61762950473826,28.418191904617164,0.3071611682469537,7.023250665998369,0.3803217930830728,0.6492996208995869,0.5664269706498414,47.05381091377831,-0.4544719224933968,0.6171202041840465,0.02,0.5452251786784055,0.6097312579144208,57.390024128663455,120.96846843222295,0.8804066082863303,0.932791039919066,0.01,0.4223635736917832,0.4974647270978939,0.99,67.18910316449015
msw_organic_fraction,hybrid_biorefinery,59.07019837574238,56.97479151420901,13.151825526734669,26.4626454840017,15.37754766947539,9.453640846657217,607.4780688030507,23.556518399578398,39.32739585558011,0.05632158424588396,7.430685010727809,0.4973985111044333,0.4030162615336782,0.5548033289724685,11.627510762878972,-0.3334743590789105,0.929361235504683,0.5895680600264674,0.9392069492612105,0.671950580082298,17.076933177323873,111.25426865214051,0.9484181322770567,0.8562252275490981,0.20986649080738726,0.5270729008381199,0.5622803452384186,0.7901335091926127,66.60052764194474
food_waste,hybrid_biorefinery,67.212115921745,72.83447631558055,3.386549419712476,17.034524585641957,10.997337776924509,3.0232453191627564,609.3494390375665,29.27859566787842,57.29978885346268,0.3014207904571848,7.939979828688934,0.5412442609104768,0.8152546150829012,0.7470049891231076,33.73768529320478,-0.23177585829388525,0.572923231417422,0.31489537097221326,0.7815318637192368,0.8770372980693041,23.204504118272915,114.39115018488528,0.957519789568508,0.9785116361276088,0.067667349226205,0.5111571321603301,0.5908895203916402,0.932332650773795,74.96326160054173
food_waste,incineration_energy_recovery,80.45972467260765,81.5272374251933,10.691560782158087,12.98663043083823,11.733978115312471,2.9791353692533797,701.5762569358669,3.3873625134367646,68.90690561448284,0.5072969360024137,7.120688909982684,0.23079642325991392,0.6564815806439217,0.656685718220791,31.217995020007994,-0.21932550146227375,0.8120566814407114,0.21546039383448115,0.8109245504828455,0.19595004708499605,269.2355562914763,85.51665989171035,0.3803409038967308,0.883405975030383,0.11838209693364857,0.0,0.5930213267181184,0.8816179030663515,38.55163449506835
agricultural_residues,gasification,32.74416611828825,79.378401301697,12.570037640364488,41.537526668203036,19.924041954315044,0.5,824.9233960681731,1.0,71.0171284472755,0.21980155391909195,7.031595646215924,0.29435098016773026,0.9091642762137384,0.7971728139718806,52.31358695792608,-0.34397566759268416,0.5441561774401205,0.25404500889449444,0.6194187294292888,0.7193676488173932,133.72271883514154,113.04177503915102,0.5049027607707407,0.8878114770605974,0.0772206544743894,0.22409683419443757,0.5633041720074528,0.9227793455256106,56.2704410504947
agricultural_residues,pyrolysis,38.17214689329346,67.80625493711992,5.79398736271744,38.13407156341009,18.320299871658374,1.6718608551700258,551.2501197078293,1.0,46.10014166302015,0.01,6.78787011765664,0.6445433940924798,0.4270437264892372,0.6414473058612133,88.0,-0.18628533915454104,0.8051029768274144,0.3446471055326186,0.5061482388735714,0.5476134278493491,145.857622138055,132.46912271969114,0.6463975052596009,0.8126761341331259,0.13214407062824987,0.19257760483622077,0.42326904507585084,0.8678559293717502,52.17675225724125
sewage_sludge,incineration_energy_recovery,77.90572062219506,53.729407491011024,24.87286578957603,13.142218374922141,9.185224315947838,4.35830144438974,472.2601649951333,1.0,51.64020550124423,0.5200336407939965,7.244859692130041,0.5137983113689016,0.7814532754616347,0.7190290670296507,37.27996867556922,-0.2623482455603898,0.6726344172980765,0.10913193532615255,0.18,0.1134034058546202,345.58252549894286,98.31805365598095,0.23559575479878392,0.8996148558293106,0.05770009613000934,0.0,0.50748530899338,0.9422999038699906,36.86094778176114
sewage_sludge,hybrid_biorefinery,86.3368521272708,42.729580275204306,22.48229167111594,6.0,4.71008234637111,5.66427669061416,642.3581117668238,24.887705190156503,55.85980014987217,0.19848149401488976,7.385769645566246,0.12767197819708928,0.8021082937072226,0.7563505367536276,16.653936302326347,-0.21953185834866523,0.44338930357257333,0.20128344306540752,0.7949081969386097,0.334034348925749,81.62786266303303,94.67517916612961,0.9092908706561205,0.9287216725111413,0.04822101932508523,0.3594081489271869,0.5751971400998248,0.9517789806749147,57.47565377657377
industrial_organic_residues,anaerobic_digestion,53.8179459888062,70.50719307124662,5.838512381590297,23.91403618073106,14.548614644168731,4.653604224427127,35.05718413915825,28.335444648956674,3.0,0.06339613578599056,7.313392461545545,0.5555791513054986,0.949398161264869,0.88340596762544,20.707523343906466,-0.3924647227517673,0.6347936877274245,0.45203720473196135,0.9668686251002419,0.41865397047147557,88.46640630697041,70.32585854935684,0.9135882588085106,0.98,0.10788783140190661,0.341645697903973,0.7219677758755307,0.8921121685980934,65.82937203723624
sewage_sludge,anaerobic_digestion,79.45365834674837,61.47665703172726,17.341974017454714,9.255711253606393,7.561082598015346,8.294047784737838,45.182935548867114,26.64253701261375,12.873102671271747,0.23723210821470347,7.417501339751882,0.31203910334635643,0.6069678197651946,0.659139218198312,53.97550233411219,-0.49240917986532323,0.15,0.5455045499743176,0.6165640034729465,0.555896735803063,174.0174609042634,94.28413206649194,0.7810457946427802,0.8439070610203587,0.19194314010140096,0.11943516648243273,0.6260650078425058,0.8080568598985991,53.86252807317048
industrial_organic_residues,hybrid_biorefinery,46.65582277736005,72.12408283721184,7.23511078372763,26.448169729834753,14.769069290070993,6.717153155651404,457.8126986691654,20.82660362788647,38.17803320006451,0.20929939662914823,7.056323774392938,0.10502263783880712,0.8646283929840813,0.9030083217591165,11.616593702360085,-0.1913871437628384,0.46742590579711174,0.35429859688324544,0.37351974036420604,0.7096152639849177,52.85599845434187,90.21090211793694,0.7947616740285962,0.98,0.08378015460376625,0.4341402637549561,0.6813211364033296,0.9162198453962338,63.26902008541153
food_waste,hybrid_biorefinery,67.6162754258521,73.6595839704537,11.121274237251882,16.91562574397521,9.761192761389427,5.90469736123138,950.0,29.52286679167726,67.42951857188112,0.05091055503429434,7.526173517125841,0.14164772075549617,0.7315163069121757,0.6461524577298114,33.73965762768954,-0.08078442450100343,0.6628957452703609,0.6063618112151091,0.5801255340530759,0.6840743565502241,78.25027069424893,114.44718055375874,0.8550303196450889,0.9306708649263145,0.15452932364601504,0.36818111507987294,0.5481427765791611,0.845470676353985,65.78968437315875
food_waste,hybrid_biorefinery,56.97664834250949,77.49340514479758,6.38946300910948,26.699311837205716,10.848713456376666,11.666430312219472,654.1407728695286,19.195792093476243,24.476772145534092,0.25746517836291494,6.857844391302821,0.2353687505172553,0.9691150706383231,0.8841578861795206,55.26080574171471,-0.1527424595676626,0.5956711502286163,0.3936978414682433,0.6750280467373274,0.4619026752237617,99.61973749181156,137.95778141975663,0.8459214995401759,0.964736056691109,0.09959090897759339,0.3126760065147752,0.37552500212945583,0.9004090910224066,54.12167295156113
msw_organic_fraction,hybrid_biorefinery,52.85339021252485,60.72981839102067,14.888999753896103,28.12954022835553,11.80478181564776,4.760278524563979,840.5583101218089,29.049217398446327,59.36603377164439,0.10154766969254676,7.12290339112766,0.2473152101911867,0.5217083759641522,0.3526427542298546,29.632804175340404,-0.6094319878217196,0.9349375157083438,0.04116382581159809,0.8838420253850992,0.6603636351300862,37.46529876403935,114.90613712758972,0.9474237734896218,0.8863579643521476,0.011621667700470106,0.4741161071063913,0.540510856951831,0.9883783322995299,66.82762118747831
mixed_biomass_stream,hybrid_biorefinery,37.215264021479925,66.27389135850562,14.19354029874674,30.5318454791884,17.61209391709539,3.831388892966049,617.7980281788787,19.936771773478405,49.48655775898684,0.2021061573909586,7.145870783358907,0.26606248211300493,0.823458358169584,0.79479813688036,22.526951092361895,-0.3599950394122061,0.9321815230960957,0.7551657056742879,0.7618554995140493,0.8525999104840613,37.767376483262964,101.79503554230803,0.9249291511967904,0.98,0.16633783662107238,0.4733314896538624,0.6518086353469775,0.8336621633789276,70.2668179257592
sewage_sludge,anaerobic_digestion,74.61342379755183,55.75525061969693,19.436976369695078,8.380794638786085,8.83496678562229,10.915230710732192,36.706618808706374,25.149377148483335,3.0,0.19887388297251113,7.128156737928798,0.39184474827597643,0.8950354932239521,0.6879525364830936,13.875304590365102,-0.64347579210741,0.6338600928876453,0.550823256554425,0.7178934541766516,0.35198755552088884,160.96310217987326,68.98690605030916,0.7944143284311157,0.8700105988400804,0.16948557277118026,0.15334259174058892,0.7143482830024421,0.8305144272288197,53.85094473669027
agricultural_residues,gasification,24.342496158955864,71.43200806254839,11.87371206457066,34.00438766522525,19.319308246894355,2.883377142731482,795.7255538862349,11.308152513429993,64.273569755847,0.17029063464530986,6.9407998136944675,0.07505363690451461,0.7908304553848353,0.8148606761515967,24.501401250776567,-0.5650295972442078,0.6784392813606059,0.34625933385507784,0.8529925763795979,0.8563904175041589,79.00439103638614,91.61652707377064,0.5290687950481403,0.8705895609333342,0.12778850312190138,0.36622236094445154,0.7062136440942274,0.8722114968780986,71.22059927259829
msw_organic_fraction,pyrolysis,57.491347613749376,60.0893776336284,11.317949390724266,28.266524231520062,13.859733228950128,11.107471002544308,839.1975342380357,11.223679690530627,54.294214368903965,0.06049649882417703,6.06817583230854,0.8552954110450038,0.859565054582813,0.6983114241484419,33.851773551244484,-0.36535425489798745,0.5413555712834359,0.8258436299360735,0.744165309830847,0.2626023908388971,184.74209847298044,113.80900905393138,0.6567126633235019,0.837318586790424,0.3258050754791337,0.0915789650052456,0.45877774149018163,0.6741949245208663,43.40770188700232
food_waste,anaerobic_digestion,75.89234851064558,75.55502309424395,7.030008982501641,13.979476646181439,11.034576281313468,0.5,50.015948736615734,22.841076579597644,3.0,0.19273831243393805,6.869752901264818,0.40093388453513734,0.7653174956394713,0.7293080917576096,18.924561022165715,-0.297999175807822,0.7455406260880846,0.4476910738625585,0.4784021332659264,0.5624847828236946,63.38417662307565,61.890697165436286,0.8081752440792926,0.951123381011106,0.10510097344020948,0.4067943464335697,0.7980061408241798,0.8948990265597905,63.65794913135194
food_waste,hybrid_biorefinery,71.02631156069113,85.07856754964814,9.938983866905737,11.29885798403216,10.21680276389317,4.0634202821591305,545.5024826763106,30.585493735641343,41.280746508518426,0.13487319609969026,7.2135393912045975,0.190429268823523,0.9528015862999646,0.9071374704729366,12.843217292455833,-0.4222931276184142,0.7721489968485249,0.38612725080094396,0.7693976989923424,0.804652425111267,5.546405935427029,106.79313868821605,0.9191398242788535,0.98,0.0770445049879637,0.5570223222456441,0.614954382533868,0.9229554950120363,70.15186277540872
sewage_sludge,hybrid_biorefinery,73.91851591009222,58.86445303925711,21.797220829147978,6.0,4.9919052407307305,8.247241801342199,703.5580289459564,11.918574669042778,43.998265785755294,0.10878187631406597,6.761425054246453,0.43506582942246286,0.8841446176397333,0.8207091235749714,25.066384495372724,-0.47270914142421044,0.9652528749339853,0.5976391206088804,0.18,0.1310512843538314,179.46367113463432,129.68649472456883,0.7620745737444017,0.9282632080048666,0.14635637122939713,0.10528916588406668,0.3462707840074806,0.8536436287706028,42.60433910275355
mixed_biomass_stream,pyrolysis,39.59703244807154,65.91578060994844,13.767245495916264,33.47180704879259,17.375208425673748,12.66055721531012,578.435521649776,1.0,57.64291194798856,0.11179496013369698,7.00605658764617,0.5117470758184549,0.6208203556074321,0.6297356059326489,15.520268953927607,-0.7052341760576242,1.0,0.5330323267221053,0.7036029770268261,0.4350455085222805,145.51965265980252,95.96679581546411,0.608216609815012,0.766138198205318,0.2626622291145787,0.19345544763687658,0.5906216128461432,0.7373377708854213,49.08236065759935
food_waste,hybrid_biorefinery,63.97654624306861,79.76868462794094,4.440493518524826,18.46125131705737,7.5936532831175905,3.123506785890827,593.9077222293618,28.783708600184333,65.02172686769634,0.298369148530334,7.555390572667796,0.3972267305036372,0.7311993137866161,0.7514791665999387,10.110052639231636,-0.3510167023002029,0.7077798846423247,0.18244964729982213,0.6270324541461696,0.7338238294027181,15.905580138651791,88.14862249538186,0.9066717044755975,0.9683196725373687,0.04195384315996098,0.5301153762632421,0.6975011240718514,0.958046156840039,72.10244368829359
agricultural_residues,hybrid_biorefinery,31.05952503801874,70.77492569859027,16.246667542263054,39.61652141109489,18.65368682085318,4.428132074499418,622.9041426572775,28.666994748105658,48.45884022958036,0.09592688356754492,7.412708469839849,0.3867686473604024,0.8501025488989206,0.7423174969532944,14.281212717728465,-0.5183582527891695,0.6678219665475306,0.48287731834563635,0.2702561449728386,0.9950255082218933,15.189009559772881,96.35138753037351,0.8075086035105459,0.9557049723649571,0.10648563991702291,0.5319765985460445,0.7117930458594822,0.8935143600829771,73.50125628776861
food_waste,hybrid_biorefinery,72.33615711618454,77.26119434540304,7.312593666748821,20.224069785036964,12.529909923094532,4.5258592155958075,713.9360335571644,26.51761179926707,31.26702392445518,0.17071971436897687,7.09294188733728,0.14769062453145007,0.7059263483931557,0.6053381083767303,26.56876558726809,-0.4644867918767965,0.7526820158557198,0.2753889634269234,0.6275970002443498,0.6526215651831538,60.31835457761158,107.07379447101926,0.8770334855144329,0.9413887084021713,0.06803217237871775,0.41475752057763227,0.5800304576507188,0.9319678276212823,63.06450108561266
mixed_biomass_stream,incineration_energy_recovery,36.548547137171795,61.71547658660354,17.072926331875696,39.1717567975256,16.195663829013725,12.256949707791907,629.6283831192248,1.0,30.848130416742436,0.5363003764958509,7.078457934143581,0.20026567595615516,0.6665609688037759,0.7418900299224054,16.62653855494788,-0.5427450960795142,0.43173479515670443,0.3351410293228667,0.4593609586816607,0.39955089475493333,323.77793927853565,93.30656849601685,0.22506284579236424,0.8147726686439195,0.24942540677209693,0.0,0.5968139942354703,0.7505745932279031,37.20773306303424
mixed_biomass_stream,gasification,39.334315437516906,61.17933523617787,14.64986648250114,20.716177287402466,15.878571509262713,11.196825028923833,644.7464462844307,9.617549010112132,58.88263327461322,0.23472709815052728,6.954626263497216,0.4795157012967313,0.7857629880375319,0.8702589764039688,18.369200193749947,-0.4741484696602356,0.6611557737162287,0.33607082114650405,0.7945996637970347,0.48782738524096025,196.55848400423682,111.72027444913788,0.4886333968505304,0.8211664084775572,0.16529137433794838,0.06088705453444983,0.5193205802838645,0.8347086256620516,46.09142377559787
msw_organic_fraction,gasification,54.542997648455064,52.90360952274052,11.671659016842533,27.749909060424624,13.44915533749323,10.838145966072762,580.2625122846117,2.222161314555394,47.302433120273136,0.10803917532537122,6.962966564426999,0.46700406431356895,0.7367693386839602,0.7198916774163435,20.958065179198357,-0.6564788867641044,1.0,0.6218217857564533,0.7874604592857604,0.1980129592847585,202.01342810109833,96.45910580519566,0.48835841820401615,0.8034912383255879,0.31393673313218706,0.04671836856857577,0.535883346804775,0.6860632668678129,37.38770287747575
sewage_sludge,hybrid_biorefinery,72.96319523064479,54.565039007497276,19.07044212937283,13.29795423925566,7.530667471819582,0.5,723.5337129439886,23.63603256602315,48.105223350765165,0.2625716451155843,6.524796718454157,0.6819825194280179,0.7982305365827675,0.8147893718330123,29.44461089446046,-0.7083894531954814,0.9433607804915491,0.22957721891832508,0.9193299539632322,0.3372178687187201,45.15457228066179,101.45807602339322,0.98,0.98,0.045049617304063413,0.45414396810217716,0.5401980573107856,0.9549503826959366,62.60034962418645
msw_organic_fraction,pyrolysis,50.70684951411882,59.48207143047896,20.10003481312384,25.991486503248353,14.129381405584311,6.935197274897132,577.754278618092,4.681080574272358,50.435742231834915,0.03466128241680593,6.6246045405294876,0.1554955075028429,0.9139559965951193,0.8792926314142168,7.3203342617061695,-0.7996212222274017,0.6342169734515992,0.5926266405283446,0.43069896485823633,0.21661827004739986,160.52241236000125,74.87430657035249,0.5515680008905066,0.9049948544534849,0.19572759277335694,0.15448724062337335,0.6535807216717306,0.8042724072266431,48.218442457496934
food_waste,anaerobic_digestion,62.97193078772955,75.12301768290428,6.7771627998683375,11.26191970041523,7.707562857590648,6.191436835554044,35.20259853986639,21.04262451013359,18.137333017342485,0.1839105049398491,6.604203948174093,0.47707501199306596,0.5228507587668431,0.5073409951147017,61.72228916623382,-0.6801902284974416,0.8901986204718138,0.4566962474913204,0.5800182460435862,0.29594256060509294,138.65000917892507,93.62875827529598,0.7998305046214635,0.8355869354319176,0.1582095446729974,0.21129867745733746,0.5723244250420889,0.8417904553270026,53.20358117997972
sewage_sludge,anaerobic_digestion,70.03778926236787,61.55569038481044,22.880104029627695,12.147061585234308,9.232351433980687,6.090401424054579,44.38784603815059,21.958426949368675,3.0,0.08713390320714072,7.704873878490251,0.5410293522250477,0.8091027357301048,0.8222858610281656,8.58633287230928,-0.4313181909104121,0.5224582036219636,0.5959493073510231,0.6058090986211666,0.6152655793991089,84.11599252120457,70.34275429237111,0.8121018128649135,0.9190523250005642,0.16816775175851179,0.35294547397089715,0.7651334048763769,0.8318322482414882,65.72241482970047
agricultural_residues,pyrolysis,19.219115171432477,70.36493230940223,8.009379366013528,39.59804454628335,19.208625498898698,8.061547541394521,693.0331415585615,3.4742682216903713,44.77483693431723,0.15965752995638574,6.935695909163674,0.7334980991551212,0.779710771576629,0.7740327484315079,4.351102768898561,-0.7281265637033846,0.4980982082433518,0.5582412504393425,0.7238924547681237,0.663866188746493,75.51979409747237,76.02805338388828,0.6632221288346789,0.828909834082862,0.2132605028926224,0.3752732620844874,0.7459029121353428,0.7867394971073776,62.57034108415763
industrial_organic_residues,gasification,43.42806416437562,70.51424026120667,8.949694364722834,23.471308658948875,14.220602809889682,8.818546922168027,590.2828046260347,1.0,44.761003222984876,0.22142452515533056,6.68543980618343,0.24948438362748968,0.5501712507697147,0.6307295453447934,11.665577865502284,-0.552286992300929,0.6022479221662149,0.09643312622352461,0.6722110685896291,0.376104761377679,155.76396890547875,87.53080794723624,0.4562816893824303,0.7830375463811095,0.052038871362175824,0.16684683401174352,0.6220545846228986,0.9479611286378242,45.886609922898266
food_waste,hybrid_biorefinery,70.13273445073109,73.2900739794437,7.022267577915503,20.377802850932657,11.942012087126738,1.1777947646701827,532.9319216335874,17.32086153340534,54.97833587854505,0.17704998937058516,7.34438889282491,0.3914526574519153,0.8524548469940098,0.7768650126250374,47.34579092406611,-0.6368306930064287,0.6482513101620946,0.4704994399014589,0.44371578454182564,0.6041640358353564,84.16211929248873,125.28050580547038,0.8740005953789184,0.98,0.09105929086646398,0.35282566417535394,0.47354500469709215,0.908940709133536,60.89269019131264
sewage_sludge,anaerobic_digestion,71.62037586303884,65.09911453720652,19.760637047163502,18.44144998817126,6.24511660491624,8.414802548203951,43.4296020618243,20.662670768655847,9.196835750825363,0.23211053974080698,6.834302398618082,0.7879405346851323,0.9101877574551628,0.751882656584256,8.541035072678387,-0.8517196386124537,0.8038725322435102,0.14745627772516676,0.5174124466992828,0.4631487679553894,87.56696182671544,68.4651793930003,0.7934847366122035,0.9246223380018909,0.041444593003065584,0.34398191733320665,0.7415496795133419,0.9585554069969344,60.84546124107706
agricultural_residues,hybrid_biorefinery,28.767377119596738,73.69919581694352,10.109618631898371,43.1520211939457,16.98877388055438,1.4323878280695885,594.612201596781,25.79293250885297,48.07231634334413,0.15692154249549647,7.020716180335228,0.4022803840096545,0.743864150960861,0.7445184762371748,19.825906917692375,-0.864831995877224,0.650235998555846,0.3349076982978122,0.38525760380210483,1.0479328596548112,-2.7028942405761534,106.99723855315129,0.8584701168748115,0.9540761409304059,0.07125858314727855,0.5784490759495484,0.6674018683179991,0.9287414168527215,80.80303363511446
food_waste,hybrid_biorefinery,72.71172317917345,73.06249070357634,18.311492843560412,22.3385943295746,9.834026178414266,0.5,678.970649325354,17.071752434113627,54.11900839269474,0.01,7.634303668951352,0.36485305412020747,0.6677071057120832,0.7702479721756252,15.88515926633184,-0.7724751225638558,0.6935909309965802,0.2735459464855322,0.9104574983032806,0.6620979597568146,20.4842953664248,98.7475270211001,0.98,0.98,0.05909743015346601,0.5182226094378577,0.6259377247196566,0.940902569846534,73.3494051421399
msw_organic_fraction,hybrid_biorefinery,54.971650762292484,61.353831495115976,20.099262246040862,18.333273258580032,12.938679281683777,15.290764470148517,632.2826216099252,20.84573226166497,72.46129000116622,0.27930142599628405,7.199571517469646,0.18596322576419305,0.7503964186496329,0.697768607995133,25.11518633263639,-0.7139255355342191,0.5498567183339907,0.5866264861489211,0.18,0.45269786477473095,119.67876121075128,121.49115314467471,0.6928417067700959,0.867825041248668,0.19613820850545424,0.26057464620584087,0.46016640843636336,0.8038617914945457,53.09496848706032
msw_organic_fraction,hybrid_biorefinery,52.30439708262639,58.460716658806895,12.115887579163807,23.343037335777915,13.893945383559375,10.494341775186795,715.8000851047051,19.02657286670829,37.314949355327634,0.27856069336042155,7.418405276668154,0.26280616650433125,0.9220836052539015,0.8804623833799082,21.43619447302075,-0.6525370708241942,0.4369275488997568,0.7184355249213259,0.8220884025915154,0.5399752831550659,47.5506839411336,112.73599209466745,0.8930862015419179,0.9662870981503647,0.18286090968251806,0.44792030145160106,0.5254472354800752,0.817139090317482,67.73470526158374
industrial_organic_residues,anaerobic_digestion,44.55980359265277,64.56424434502195,3.9778909395403197,17.99866968939309,12.742961182805999,7.814700496542788,35.25030232848576,25.12664522499815,13.288352136106159,0.22830192203572058,6.824282673514336,0.4226613392944417,0.7185977828284292,0.5354226026776399,26.03207708757339,-0.6769421681566371,0.5693806681471832,0.29327951887448805,0.5379433636929685,0.26639327635049204,123.65098461430526,70.69723583228024,0.773595844590998,0.8738512017982295,0.09394601959864711,0.2502571828199863,0.6865158058903702,0.9060539804013529,54.81136123757919
agricultural_residues,hybrid_biorefinery,30.422457166894482,72.29775236343004,7.945589704081172,45.74917431210455,16.779366889602812,2.0786126857968448,589.017824980848,21.61204543123429,52.75415933707839,0.15186881296264948,7.0311261894846195,0.6624579898314024,0.949289044049629,0.9638384819482017,19.671442470864115,-1.0194807876084317,0.8176871180322454,0.1815408768496271,0.5749582379141226,0.9931590150353344,-26.473793919396243,107.43196291516377,0.9221859098644649,0.98,0.03361996961883533,0.6401916725179123,0.6530635995437538,0.9663800303811647,84.5206906907865
msw_organic_fraction,pyrolysis,58.71432163364834,67.44005788791569,14.025107493936614,28.297093085203638,12.609649264531818,12.824548738483976,667.0047387062993,2.253450712153854,39.81084025327404,0.10386106675580631,6.483662213251422,0.22868630161539485,0.44742133551075836,0.5747657162112216,43.121243275623065,-0.9103206530240386,0.6083411164777458,0.4634379391209821,0.5353661726803651,0.23878366118778285,224.84569019121489,99.52590338646871,0.542364606129935,0.7439725198440749,0.25649532741395736,0.0,0.5287118613220032,0.7435046725860426,42.165661841573076
msw_organic_fraction,incineration_energy_recovery,63.00730716544622,74.75873133845367,23.122143496147118,25.667786307041204,13.953811301194305,16.47310881607881,622.3136502101711,6.70651288722701,47.72663077298194,0.6843137471998391,7.302714725980334,0.4164040137629884,0.8390920678014258,0.6974460365556908,42.384824824469796,-0.914904830553477,0.4047306514222722,0.13500413632653724,0.297920594119664,0.11015539376683676,384.2613320341962,112.88845725247093,0.1724807079184034,0.8375194585731208,0.099016658273618,0.0,0.43008441161569916,0.900983341726382,31.31031976997524
agricultural_residues,hybrid_biorefinery,24.97385438470549,58.822810777267165,13.304902443813337,34.44902702069784,16.340656589974095,6.000460434884935,715.4708224173752,23.43661558915998,24.501710002445506,0.13760234436828522,7.074345102875329,0.19439328475003162,0.7870605376883504,0.7335816528119801,8.34513676802909,-0.8779277489278432,0.4232557822996859,0.23575394084456391,0.501414955705609,0.7235251362588867,67.96625885487475,88.50262611922966,0.8389019786622102,0.9449974168086299,0.05782051057501547,0.39489283414318244,0.6933722346125883,0.9421794894249845,66.4090102118003
msw_organic_fraction,hybrid_biorefinery,54.26242924951285,57.013743681160484,15.897839465036641,29.905538770791576,13.438919592745265,13.241759735028927,789.5894562506841,31.04714973217343,29.97917743947661,0.2138241913946621,7.054724199839637,0.5051832967026745,0.99,0.7594183376395643,19.770768976000635,-1.0744105102909192,0.8325318612288721,0.28078265134845287,0.37551486692901725,0.5839380333938686,71.98915304730065,121.41515663951934,0.7816010623232658,0.9337380923331419,0.07291914960838695,0.3844437583186996,0.4894392271386545,0.927080850391613,62.13082420654689
msw_organic_fraction,hybrid_biorefinery,47.97211811044677,70.4658896798083,18.19667350307897,20.365879483995144,12.688225703162185,11.341462097640012,701.459994805442,11.93279752623954,35.39388781867291,0.13957654142835035,6.646821033591452,0.3183018673621992,0.8723414743998057,0.9032773674135999,35.92011101118892,-0.7963469449077104,1.0,0.07234040567492078,0.5390668466841675,0.3691065577374871,131.9626246143292,120.513435270916,0.8208406263765377,0.9466181482483327,0.019688998512098772,0.22866850749524884,0.44692220443426817,0.9803110014879012,59.84691272305541
food_waste,hybrid_biorefinery,59.975723231698076,69.5110641007508,11.917296526466252,8.539786587781641,13.299519889759337,3.7176220441270837,531.6254109519557,25.101091204311032,15.45710921152222,0.15665024771756197,7.078130523652928,0.09949531853990089,0.9344944446898861,0.8216814817242548,37.011168601944355,-0.8680982922758524,0.5684593706773702,0.690235677221469,0.7617871957080368,0.6197513091109912,54.38590559154059,120.80813803246961,0.9123830701013117,0.9790125642564872,0.1381173448353419,0.43016647898301147,0.5005129825703675,0.8618826551646581,66.40012932445751
msw_organic_fraction,gasification,47.475003268105354,64.90275864215589,18.344376949296937,22.078218039233256,12.185825483630017,13.087787594161517,634.5012154488337,4.6806512549360715,52.88572564599015,0.36151002390512277,7.0321428542503694,0.589795057888142,0.838002343106579,0.82995872707267,11.026868710909959,-0.7802911345580781,0.833646507929801,0.4885365091174654,0.5090044116403853,0.24286530175590046,238.89473269894526,94.1383592260812,0.4128201943820171,0.8133690792198373,0.2436060291041684,0.0,0.557965317827976,0.7563939708958316,38.7327718952929
mixed_biomass_stream,gasification,36.28541845181654,57.01146520448333,11.287256795784657,29.37945197391771,17.25790422535328,10.244722446624078,709.5709762200894,8.056034233284944,33.07011366065323,0.22036586038076728,6.982081514695556,0.48308632394002665,0.8687135441033558,0.8312079673331078,18.57373322084432,-0.6762319227333415,0.6310975952777428,0.44151882509760887,0.6316809476533631,0.5314671545204996,187.84942429530054,94.53061746500428,0.45485408570217434,0.8375206339553918,0.19760708227934018,0.08350798884337522,0.6193932083892242,0.8023929177206598,44.002815945681256
industrial_organic_residues,anaerobic_digestion,45.811465335715376,72.42242300333598,2.7670534410965377,16.877573287502926,14.789072610634824,1.6823879744603651,42.85230597626697,23.93416545014098,16.138273977508593,0.10796855361795496,7.293980473914128,0.2717796223337981,0.864147740662983,0.7650442621147282,23.899200976131237,-1.1353360622354476,0.6566365852651994,0.4587363224462873,0.693794617098699,0.6859296516287605,18.391235392357476,61.79996495951527,0.8434143082401562,0.9686533367617717,0.10478837925472241,0.5236591288510195,0.8256415498871943,0.8952116207452776,71.26053980868306
sewage_sludge,incineration_energy_recovery,65.1504660993202,55.06066166905256,11.96753154169561,10.496345526132053,7.114492822076342,13.328629479511509,819.7695468508042,8.661752449959316,33.48313463386361,0.4787744558598027,6.416381141754331,0.7259560537332443,0.5478495319472023,0.5721630962582382,36.17367056952367,-0.7677474627865855,0.5729014940922028,0.41133812743108156,0.40290345256843624,0.11166982525780603,349.05384718563664,98.10126829459274,0.24550194108418805,0.7677056936791966,0.3418748387946539,0.0,0.5082448968483345,0.658125161205346,31.724464173558058
sewage_sludge,anaerobic_digestion,72.63029724959392,58.70303562082889,23.489050799406858,9.620919548817298,7.119875408286594,6.508441059701699,36.508505287693474,26.133869378876543,3.0,0.13436712227506462,6.597157822297582,0.7615770259404206,0.5854864600621023,0.6467140550620547,18.90419415916059,-1.1623151574010193,0.9859842145074524,0.3063238478656288,0.5859731816140685,0.3174168959984837,141.90490431011776,72.75508382055594,0.8218603700608388,0.8543011500611921,0.1030040650371297,0.20284440438930454,0.6869102233272667,0.8969959349628703,59.95658144744389
food_waste,incineration_energy_recovery,65.00878092001143,71.47172530261372,8.894192910964389,21.48967044918392,12.330062744617234,10.091327326482418,437.9780470262624,8.948816748405044,32.55953103454568,0.4809209244756127,6.5927913534726175,0.21999165622086703,0.6389811464728761,0.6245461361853856,27.634989346188163,-0.8215779775188977,0.7099929091996191,0.21311497001204285,0.7440717549399428,0.18231455459423157,317.23366989886125,100.86808569449728,0.3129779799472781,0.8414306159271531,0.1516059885047962,0.0,0.5092245404607453,0.8483940114952038,36.85872790476081
food_waste,anaerobic_digestion,75.67502432391093,75.40710239785751,2.8229550761278484,22.862906589095783,10.879897916730489,4.129357965059573,34.058897976069574,17.198935750168708,3.0,0.19391700296824024,6.504760672484026,0.33630819729572176,0.8097036029726177,0.825516659027457,8.876663407395931,-0.9598258396842378,0.4720231868808997,0.06428098930136886,0.21839233828668442,0.2223562165685638,153.4522931863106,62.079579787995236,0.7125972345999119,0.961981811720902,0.016887010102340057,0.17285118652906334,0.7221837371819512,0.9831129898976599,49.14764244515413
msw_organic_fraction,incineration_energy_recovery,51.63898366367831,59.71060074601757,14.542031398874618,31.559574045593322,15.024732287450178,14.391626972795851,713.4307525137546,7.133108865564378,44.15551868039836,0.46574379467552096,6.303070855548068,0.5749830040426384,0.6515913499936761,0.715910397151361,23.34324719363542,-0.9007184986891045,0.6843586477497382,0.26987762977665775,0.49626794551297665,0.2235706577820616,334.0224078185743,94.28307321443702,0.24932423789208424,0.8114728087892878,0.21543023816979842,0.0,0.5529588435834376,0.7845697618302016,36.505478043066084
sewage_sludge,hybrid_biorefinery,63.47651937650676,58.73546375382793,13.321789404151108,14.354323109370693,8.789046371682787,11.405534603883352,622.2303481748662,25.192527554067908,47.50670176333338,0.07690175355656483,7.410756556362959,0.7281048727149979,0.7039284070038918,0.6668192530494432,57.41037468536085,-1.1966730554120513,0.7805029779105622,0.2722337069836373,0.43148067283881625,0.44518198700855255,136.2370584519859,148.24157702167554,0.8262798157997204,0.8781201938984214,0.08449418899442544,0.21756608194289379,0.31772121071201026,0.9155058110055746,54.2196094233296
sewage_sludge,hybrid_biorefinery,82.18599556956255,62.976153596590336,19.508983690977058,11.329395211270755,8.350991369936782,8.827638669456988,494.4596780811885,27.323990419855782,37.73073206872036,0.19403283986875208,6.802084680619992,0.44017790337054175,0.8678458638908033,0.8411755958667251,44.14397026093162,-0.9729554932898565,0.6136189245192623,0.24762813249672244,0.42006168039047687,0.3960141169047966,127.13739529690203,140.73821817322602,0.8184361816810637,0.9365870324403893,0.06262107052392898,0.24120157065739734,0.3463956416494446,0.937378929476071,54.02417343777126
msw_organic_fraction,hybrid_biorefinery,50.18850175270549,65.00179468658746,16.146594450634144,24.784209928380257,15.358991264536968,9.518583283942483,504.0929483102947,20.06754353722635,53.93096300883796,0.23891739851237798,7.362102690498272,0.6731420219067512,0.4278879571718193,0.4061856391314492,27.681893624517656,-1.095285013834634,0.6876196646583531,0.41416144235198976,0.8332376121999493,0.6809666521474391,78.62505845922327,126.05134282946916,0.93553068181493,0.8464543520013613,0.1455504257691022,0.3672076403656538,0.4863845433173357,0.8544495742308977,63.94593439254792
food_waste,hybrid_biorefinery,78.22529158811612,73.74908124064416,7.65970317692366,17.56214053615828,9.508407669780706,5.686040341890138,382.7418675282325,23.739299855842948,37.81503367295053,0.12932330622760269,6.696477894072337,0.4437425215711361,0.951327190859477,0.8623507959614536,14.492663588757136,-0.9898481938741951,0.8846830367394277,0.6572624361102847,0.7500515190369342,0.4642531621628427,62.12772720008863,107.35395081613171,0.9232099990916935,0.98,0.1393356858419622,0.4100578514283412,0.5371149019067111,0.8606643141580378,62.528834631156165
mixed_biomass_stream,incineration_energy_recovery,35.61386419821307,60.58488882607193,9.420938573282545,25.482963949664438,18.96546659247854,4.048742916316434,681.2543158616699,5.712622736361811,57.15268775665626,0.5756746469114429,7.461803327045122,0.33704097373364167,0.800001502450685,0.7890440686798217,10.210110971696931,-0.9632845100722128,0.888016514511434,0.5551937308011249,0.7826672670479757,0.5951104295990803,194.6921126781462,76.45776229984916,0.3742888942464702,0.9411977347421975,0.28604802689346215,0.06573477226455532,0.7285150192494336,0.7139519731065378,51.278538323183994
food_waste,incineration_energy_recovery,73.67448227178637,77.16381980334708,9.310216269307695,18.713088223405286,8.005954521388931,4.304266093170017,820.4441339906799,1.0,35.59138840577625,0.5222184738412184,6.683125778609604,0.8480990479583734,0.7037199599191815,0.615932968802229,11.20551815867988,-0.8772554814126408,0.8103282873769284,0.1974122375914318,0.7466944674076097,0.05,292.9310718135208,92.52805728850227,0.40439167803638215,0.8901964119684673,0.1103491408556736,0.0,0.5240102247973565,0.8896508591443264,37.55209590888096
sewage_sludge,hybrid_biorefinery,67.528201534497,51.05497041822988,26.281426124951487,6.0,5.902534364440466,8.874013604778076,599.197110437307,23.443169694396286,55.35450882846678,0.0717043849972785,7.413986235255836,0.14911030210516782,0.8783255637220676,0.7938428743047699,20.65138565172544,-0.9574929410959111,0.9321819055266652,0.5290615240879907,0.6319670815563543,0.33088565927727387,127.96887938861248,118.8569254367304,0.8478024993240554,0.919362697530831,0.1328409151625999,0.23904187171788965,0.44723207958452443,0.8671590848374001,55.70014505889399
agricultural_residues,hybrid_biorefinery,28.77817783118018,65.53797302770347,6.894962015097672,40.428901304502695,20.07775904694129,1.3685996632385096,447.80511116283503,15.776959501871534,50.74055238278427,0.1268822305195701,6.434884886304494,0.12294167523457092,0.8920504893056787,0.8407333892513211,26.609645259839514,-1.1052839460533714,0.7719030959535041,0.5249675596464065,0.33171009584623384,0.7599812996466434,38.86690682263026,104.05571149009621,0.8231826603376545,0.98,0.09914511172123419,0.4704755666944669,0.6195342465007025,0.9008548882787658,70.87140830458247
mixed_biomass_stream,incineration_energy_recovery,40.25987189494614,59.37970635533914,18.21628338904531,36.200080604668806,16.290981526069476,5.670083550344484,506.1512120737689,9.995087924707356,18.739864954876914,0.5436314432750886,6.851325521805276,0.2930700135148988,0.8342149020320779,0.8357217151477832,7.231811081855406,-0.9099806882759762,0.5823266537308444,0.35919110771833074,0.3293235913405909,0.3762883033722936,258.2886663609917,78.56996655574811,0.24608591406392827,0.9120429030769607,0.19116069712493197,0.0,0.6692572869748092,0.808839302875068,38.237490153377024
mixed_biomass_stream,pyrolysis,39.8395680330373,60.71253830409389,14.381304368621334,31.466022010784286,16.319820800866744,6.5328928007781215,535.9110302748528,8.104840395589534,44.97698651910703,0.01,6.633683479216042,0.7466737949926224,0.5962909218453911,0.5371981906456987,16.517691980622658,-0.9184521743598496,0.6614385968430087,0.34034350809190483,0.4442111987665843,0.4583961162274603,108.86378237793366,95.77914064573375,0.605056453685609,0.8060701510331036,0.14079356876927504,0.2886655003170554,0.5967464053293373,0.8592064312307249,53.48694396921609
sewage_sludge,hybrid_biorefinery,73.3921890980673,51.77181543700607,22.76632578598723,11.840315812789576,8.143792381551622,8.080966859512134,719.4487971844168,16.962832288784213,61.734206003059214,0.12559595295627415,7.466025677044801,0.3756181257444137,0.35943706000879794,0.38492666774976636,26.543689832846614,-0.9327789244683466,0.8534293786961978,0.3688809856792019,0.6178568540240235,0.2750234184171213,148.74037870959415,117.78141998866093,0.867946895548974,0.8123049177097589,0.128913054247232,0.18508992542962557,0.4406029415851302,0.871086945752768,50.06336928621464
industrial_organic_residues,anaerobic_digestion,36.965514966232305,64.56531225528286,5.519820839287982,14.074866375873128,16.64826363482114,3.1473665582988035,37.79376823231914,28.58368334380228,18.201066076986173,0.15934047592699507,7.04829829822771,0.40964429997150903,0.7624104982658793,0.8272158636461687,41.70750687949614,-1.1718173697726055,0.9199735303484697,0.2985069251666328,0.6032763608456404,0.5737483141287365,97.36167229862947,80.19810817438852,0.8215590683010392,0.9404876581969117,0.0783157323827206,0.31854111091265075,0.7041293229273298,0.9216842676172794,67.7359511904553
msw_organic_fraction,hybrid_biorefinery,43.98590298328449,62.35503127289403,20.916258272543807,23.546888740443976,12.88357250752527,11.987802400599753,605.2078348748574,28.968795326981926,67.625456382972,0.18041544268831416,7.339159488197556,0.7376906340715305,0.9673529890391557,0.8829029743931558,18.954787122360855,-0.9916225868687922,0.8543919797008485,0.3025898593914753,0.8252050535532766,0.699379082939636,68.30959806594566,115.54394343386784,0.9214018973098431,0.9623606080758241,0.07738532115658844,0.3940010439845567,0.5457373801737313,0.9226146788434115,68.3580598638075
msw_organic_fraction,hybrid_biorefinery,62.60184630618925,67.79705781355825,9.746467586262247,20.788864654049142,14.772866861418834,13.08085655363464,583.9950910738003,23.33231371938409,51.55102702278256,0.13945117286446213,7.105508907962304,0.8023213841830706,0.9298995213876309,0.8598945008662578,23.04862954312737,-1.3973231640086072,0.8570808631498805,0.30217789026947806,0.5035841811897814,0.6024066142869647,54.28622449360938,128.5380835702615,0.8385157601566485,0.9381976277233551,0.08238702457515909,0.43042539092568993,0.45601322582596643,0.9176129754248409,61.84757469955763
sewage_sludge,incineration_energy_recovery,70.65572456922018,57.22890021751917,21.68297063186343,18.753848850814027,7.737300940182996,7.529242155787778,729.7442325311972,3.820179203194065,47.205993356357574,0.6358316750331413,6.3909997709899455,0.31780069245518816,0.6747979864414493,0.6761178474768705,70.66853535495628,-0.9820189888884913,0.906250988903285,0.31281016561100494,0.5996871862663332,0.08319702886694584,396.87184014516913,120.13433012543071,0.3026411568724839,0.8664913259338205,0.19997598553178209,0.0,0.38601739832214543,0.8000240144682179,33.54639675734787
food_waste,hybrid_biorefinery,63.399948624662095,79.95921572726121,12.002596293860444,17.88635121070445,10.740046327412037,5.110783458997126,728.3651352563378,21.99295426723427,33.204474312829646,0.20710220559622816,7.835406830678871,0.3230003717399967,0.6976482338849077,0.591734171201646,53.77696091513448,-1.1921895560056615,0.45347499079609827,0.2734023417490168,0.5513621337226361,0.7016390650105384,87.75117704329085,140.10514989795328,0.8679050789568789,0.9280440866085505,0.06941563991080005,0.3435034362511926,0.4169650685236169,0.9305843600892,64.38983980358904
food_waste,incineration_energy_recovery,65.72040005773901,81.07114052383767,10.130953010971917,24.405619515933914,9.18893435106999,0.5,604.8333060291585,4.118684448925596,23.38916646489196,0.5074079183806977,7.249244425068681,0.7127727768158113,0.6201543983641862,0.7020576207033384,32.95692269780874,-0.9214765986024909,0.7140882271531096,0.4389426837762521,0.433085239892795,0.1284194768018388,317.64649057465033,103.56687831017602,0.3417931321184636,0.9309650908054717,0.22321901148895806,0.0,0.4831634516849518,0.7767809885110419,38.16017096706761
msw_organic_fraction,pyrolysis,64.41649461968323,61.60494841644495,17.664244742597617,27.4763211010379,11.740523834709386,9.436275053494777,695.9261333054453,1.0,29.195718714599344,0.1370974037101707,6.97424371562573,0.6351319140343443,0.7052810144528856,0.7347437346892155,27.589495125031956,-0.8684184760483278,0.7710108811799375,0.048137701503015745,0.6435538763279545,0.26954439484981074,197.78765163020896,97.78023950692048,0.6256450968302727,0.8319857699477224,0.02030771513360138,0.05769441135010661,0.5446669273568506,0.9796922848663986,44.686710412514806
food_waste,hybrid_biorefinery,66.13684309528468,78.65302011451641,10.700754943535747,23.309145600238306,10.951539808017117,6.229525275983251,767.1925304776323,21.348767563254356,70.816647319557,0.20470117032101903,7.140206164759318,0.2356245911172751,0.7889223558262806,0.7258814199887704,4.532665643362945,-0.868766668914674,0.6948184715929597,0.21910124265189748,0.6394961020791841,0.6351847049681258,18.804395420771755,91.40263241479823,0.8751173158772952,0.9620111949236995,0.05409084744647883,0.5225859859200733,0.6586741486993128,0.9459091525535211,69.17176993550405
food_waste,anaerobic_digestion,74.81446214742137,72.89996976464342,2.0,11.359358609541164,9.291196486381981,5.332677674484768,37.33350253752229,16.95230685886509,3.0,0.09649979626860847,7.240564696823094,0.7589621778450867,0.899474649319136,0.9123732455811809,30.285855628258098,-1.1710429847046655,0.7669001268510468,0.637802344948998,0.7732747459224186,0.5562121244039236,58.4559158832848,79.42517271550031,0.8767069169868182,0.9475139760329665,0.16285533015937717,0.41959502367977974,0.7043394425504406,0.8371446698406229,67.03026423349108
mixed_biomass_stream,hybrid_biorefinery,37.23285297651983,61.28324545017779,14.385193454077456,26.220871452977256,16.06347027697952,8.882854944529225,799.3988529594866,26.189205852155432,27.61221092900131,0.12171904371900572,6.934274997316923,0.5016667265141088,0.710110533636372,0.6874768381594589,26.16322923304256,-1.2258609352051564,0.8413223943816804,0.2454294991383307,0.8203605371358824,0.7066981211518385,72.41857873023417,118.37347828426537,0.9230434877933947,0.9251251193906831,0.07019294608782295,0.3833283669344567,0.532455279894113,0.929807053912177,67.93275327338593
msw_organic_fraction,pyrolysis,60.9378159838657,56.6713023447121,15.031740326349183,29.959318015210457,14.65446327634991,13.312209902117209,727.7248688666496,1.0,29.124953925641364,0.01,6.494324561532977,0.441495736382116,0.8452375867101989,0.7534087009994861,50.9459212662266,-1.0214915159788456,0.3957578709926049,0.10077523206049421,0.6474288451202327,0.29028120278473324,241.76989441544166,122.57543481146287,0.5839914008758069,0.8192169967286114,0.042858131824028714,0.0,0.4187279971838894,0.9571418681759712,41.82599335181467
sewage_sludge,anaerobic_digestion,87.95370302351616,53.56958897547834,25.292680272369623,15.673008826834362,6.553341374266686,5.205034712436185,40.59346818570556,17.587381342846268,15.227659792139125,0.1074186690200253,6.997343972200297,0.8418882807991451,0.5658954970938683,0.5507220973817987,24.05263245645782,-1.1355231877585439,0.5758063511669991,0.44189217584308627,0.28441381964276075,0.4115277886850499,178.34125742544657,79.8826463748237,0.7620192743875686,0.8661649546146133,0.14376045901341683,0.10820452616767125,0.6701011325905863,0.8562395409865832,49.44050183935035
sewage_sludge,hybrid_biorefinery,67.65647463245342,58.89009061254291,15.775219267132094,6.0,6.233312765038917,12.119190261818172,825.0627916597,15.025303135035324,26.778150966557615,0.23326545434098073,6.99575852342576,0.5205927683522276,0.7573773595683764,0.8039200460567317,7.979886858068173,-0.9498979537306572,0.2393267679356692,0.26494001790264327,0.3785053505984079,0.23196740342766545,123.94792845702865,116.6203556638455,0.7914394272850529,0.8751580605026353,0.08072568828681609,0.2494859001116139,0.4372414831548996,0.9192743117131839,51.3965179986051
food_waste,hybrid_biorefinery,54.44507085291739,74.29821159552391,13.386187338628606,25.75761857673597,11.702541491594426,2.518814264344382,559.0909360718144,31.122982273724308,32.002441561385886,0.1827578546433867,7.7413227498387345,0.30565251278813266,0.867357077250921,0.7978477106711104,29.02611938510845,-1.1130471252291672,0.6588318763263937,0.4917531568415549,0.5473671858244515,0.9113268976588422,23.06448557472035,110.33003835317491,0.8836622976287527,0.98,0.09935283206101084,0.511520816689038,0.6198075050998142,0.9006471679389891,75.09683013959128
sewage_sludge,hybrid_biorefinery,63.73977478624952,38.316540306251525,23.420576032494715,13.439592992839088,6.86629583407524,12.16867025202301,647.1576515968653,21.1087487146091,54.55967798768626,0.1300344414361283,7.066661777985652,0.5415903943784514,0.30046256793548104,0.34500598510132297,11.717049454232793,-0.8929843860623619,0.5193537405035789,0.2938993461394909,0.7087111301165719,0.17423061759706865,120.4098396960416,122.12826366739263,0.8753243223152579,0.7697742896967362,0.12040404951498544,0.25867574104924257,0.3955504007798149,0.8795959504850146,50.39979521481813
agricultural_residues,pyrolysis,24.382457158591073,71.32933139978857,12.80786872299459,44.73956666494276,20.168231779239715,3.0738910997950795,495.0752668205215,9.441352809758522,42.05896570270155,0.026191698199196367,7.049322298191496,0.40502848707347655,0.9584650669628152,0.8273984068929862,49.58712989305555,-1.0189087536889916,0.6622653678280994,0.294850177037309,0.65814627008769,0.6384867728546749,110.49871479870876,103.8354894140006,0.655421608789235,0.8904281900115614,0.08140662072338448,0.28441892260075646,0.5939645141648674,0.9185933792766156,57.076301158634024
msw_organic_fraction,gasification,48.046620120814275,59.37030646183149,15.724084024581197,25.62787805586504,11.30082810673966,13.439930434325964,774.4472053390599,1.0,34.195582596168904,0.35594838478462865,6.930887859562765,0.3690759371835589,0.4089853634525171,0.5131275778126692,57.49010676731897,-0.8672862252059597,0.723922340172248,0.4927657315791108,0.5914164107338828,0.2629573594681709,287.5697956315573,126.75122363571016,0.41330066461787374,0.712792553097526,0.3331158499772707,0.0,0.3907389157371547,0.6668841500227294,32.36850097212241
msw_organic_fraction,hybrid_biorefinery,50.89725457998711,64.06137574241046,16.524977537810727,26.39705693705996,14.63813568800533,17.757565972615453,707.3051856834595,25.821354539492475,42.12882151351356,0.17245314514238386,7.107541991660256,0.2892567149625134,0.864499847493317,0.7549565743900761,14.789516688357306,-0.8297096639920862,0.7941019396561014,0.6652184802230261,0.4885628323382717,0.5385081059853717,86.14775584685626,109.40607663951698,0.7609782834732608,0.8858120286582656,0.2167660030328918,0.3476681666315422,0.5426503273193239,0.7832339969671082,59.313024415046634
industrial_organic_residues,gasification,42.70759763196969,73.81994605376717,10.255276224284659,24.99689967643902,15.223980968323316,14.847092293969753,610.6248359564484,1.0,28.079843520654162,0.31607797912961827,6.242927673948074,0.17222008854267407,0.5103291303377981,0.6811054256568727,33.105848244036096,-1.0131830888773294,0.717352092547489,0.06526189767903397,0.577956129825049,0.5193937412655827,191.00250811970275,113.78352036091746,0.38433699348188793,0.7377897685156432,0.04308283107923317,0.0753181607280448,0.5154059895999152,0.9569171689207668,40.21908334462048
food_waste,incineration_energy_recovery,69.01567426529766,79.21703222320376,4.70231026094767,15.016065088986101,8.08134366507283,3.0489187940792104,557.9132612241635,1.0,52.81459538827261,0.569709843210445,6.996415433401511,0.42298897848535794,0.8338230798386705,0.7874249655903527,10.813133913911543,-1.1549622772906818,0.5446758440402564,0.29850159366500206,0.45970422061520433,0.1413987647684718,258.73041198064374,72.28091936521163,0.30742274187407526,0.9306772513589576,0.14412504661517594,0.0,0.6506818368532131,0.855874953384824,39.76675577632018
msw_organic_fraction,pyrolysis,42.9851802975067,61.85359299832207,18.41559714726417,33.68611507222393,13.11619496864374,9.603077137709322,658.0213934959199,1.0,59.82698360008601,0.01,6.909827290433301,0.4531862463836953,0.5024181373262615,0.6289233036419932,41.14725971432091,-1.023533731177936,0.5679983445784909,0.2131232971718077,0.34094056669375133,0.29439919140713194,178.97097191738578,103.33445880367786,0.5342685014201681,0.7710285605905867,0.10361129766178763,0.10656890411068629,0.5209022494586328,0.8963887023382123,42.89304733669425
agricultural_residues,hybrid_biorefinery,21.212638644572888,63.799782242836585,6.408495052783161,41.04631573479031,18.100527677075114,2.418824845301664,554.2207555313267,22.311218817985363,41.1274598845861,0.10706928731611476,7.179079490533992,0.8810098040033796,0.8396858087691447,0.6364203639184016,3.3001608796441357,-0.9841350466956061,0.5172334589555665,0.20381449912305935,0.9360178070620074,1.0939815969396263,-98.35947417223454,99.69276070690893,0.98,0.9548895813346983,0.04194125154673008,0.8269077251226871,0.7159772107640393,0.9580587484532699,86.33055245167347
food_waste,incineration_energy_recovery,61.97850924142839,62.27017253911614,9.485822610509986,21.4702316439222,9.292434065047937,5.981813421463475,534.8110759338864,2.269904686392831,33.95308054405832,0.5988108543603646,6.48135972158903,0.6237767395218196,0.8747577057296176,0.8930798161006773,15.9955462392981,-0.9349594123707989,0.5382549213099468,0.6076332846793687,0.734352143334398,0.18548524040434283,241.00966125682066,83.40110361843969,0.37161748104510073,0.941521084425911,0.31641139724136136,0.0,0.6018535759497992,0.6835886027586386,41.17254684597157
food_waste,hybrid_biorefinery,63.31273382824238,78.00513391799845,10.675184925317327,18.588940342223818,9.862613861637737,3.855741405310147,518.8833703031759,26.07078332486858,27.775984173978774,0.12286185277955275,7.388624759382684,0.7956033752421998,0.7647978020494539,0.6709547342781501,15.882111114813204,-0.916776160295333,0.8797360006995738,0.5068951326516448,0.4284568758333134,0.7581298413686134,13.982843461576653,102.31801833143093,0.8837722991405332,0.9592990887115875,0.11692766212881464,0.5351094975023982,0.6282726791461953,0.8830723378711853,70.70968193444214
agricultural_residues,hybrid_biorefinery,29.105135377786517,64.46936085379312,17.028671054399027,39.27173026616743,18.806575858115675,3.2628977684501947,596.8977669805097,21.315292217085112,62.23982046033754,0.24133610496433575,7.107158292021613,0.3056026936899591,0.9425590745613768,0.8898043084312817,19.658984025659198,-0.6976079820856614,0.6914756455409428,0.5624531330177023,0.8633671570171114,0.8423891186441974,8.793140994834705,98.8360329152737,0.9574497203703233,0.98,0.10982450813369482,0.5485892441692605,0.6651359591792303,0.8901754918663052,75.76984580200896
industrial_organic_residues,gasification,45.14086413285654,76.9665902805179,9.24733998413404,26.251633092099006,15.46962300630634,2.9973156542687747,693.5313124041471,2.4973140017182462,13.628446754327385,0.24264594746896917,6.207274895250793,0.220965433158208,0.8433538688876419,0.7618474383634344,15.657830620301622,-1.087510934484965,0.5203933134438525,0.1753271149020184,0.880764657828146,0.5170656013528223,108.1845417369693,88.29345677011429,0.5468871895298117,0.8916322292776028,0.06236983498842484,0.2904297617221577,0.6490520282443879,0.9376301650115751,54.070383898733674
msw_organic_fraction,pyrolysis,49.82189079886906,60.9397802925917,14.179029423838248,29.80710372585244,12.267809219994923,15.181337622692737,674.5432430508876,1.0,45.3117500479151,0.08328017123273984,6.30364560235067,0.29165965327077203,0.8348286102721626,0.8736874200543949,33.4042753145668,-0.8490312612456404,0.6555543875189458,0.248049870189766,0.7872843982314662,0.23001087960181893,210.33498393495327,117.32108741652821,0.5938845084606791,0.8162097335533565,0.11192511785985616,0.025103937831290203,0.4331229860569885,0.8880748821401439,42.42040008761179
msw_organic_fraction,incineration_energy_recovery,50.04743340484419,61.48019117079846,19.546490747989566,31.43101591524028,11.982584446177299,7.510248306487233,638.7549665197104,1.0,29.675320287581116,0.47715404430757585,7.166285325536153,0.657873565239266,0.8036446687828404,0.8063002998519961,50.423677593744664,-0.8698589694479187,0.4688699494697954,0.5266117030917651,0.6303440142355593,0.31943680713258477,307.5447737530824,114.38150319119107,0.3376441506326205,0.9011166537489755,0.3058321575708777,0.0,0.46826818603658404,0.6941678424291222,38.836948441093234
msw_organic_fraction,gasification,52.091648545397966,69.11983446347126,16.451679939071077,29.850622152427796,11.139292746135958,14.452579341838149,671.1179256660859,4.996330647064736,34.892569903047175,0.25468198529717145,6.713157769702009,0.10966852014290561,0.8553246059997538,0.8716334215290549,27.05624392627545,-0.890644125706844,0.8986277248459228,0.08103560205458357,0.6664408261141216,0.2262174858576365,235.8293187773355,100.34474563779445,0.40421563274709577,0.804984423212382,0.04137750856801422,0.0,0.5216376066897619,0.9586224914319857,38.7762758574384
agricultural_residues,gasification,28.835553983604544,69.9502873908572,11.878333671894694,52.606853678001414,18.714830110432963,3.2616106904113975,618.3400183276306,3.2010457276222746,49.6367890810063,0.21739931557924175,6.580746541558079,0.3432027697501636,0.7449189874693893,0.789511304153264,15.012660882361597,-0.7266305742400033,0.8440931641720885,0.3178491245484118,0.7895712874082353,0.6326712234360696,111.29565026928591,79.72800709806734,0.532017768599192,0.8109232617336667,0.12325574440217879,0.2823489603395171,0.7195665791661072,0.8767442555978212,54.97751436796256
msw_organic_fraction,incineration_energy_recovery,40.6952043599694,66.47707629758344,23.778406723023473,30.912938307344938,14.714913776288835,11.413635270987664,593.545702312886,1.1985798348018752,47.887706022611646,0.4704846015781785,6.877122020257054,0.42781853869522385,0.851880892133013,0.8152639609017251,26.34158382100575,-0.9862547522293155,0.782866567981619,0.5902113900516864,0.6162805448902631,0.34163400111635406,315.6945173818197,102.68999451837192,0.28840017242127003,0.8798885505042081,0.3728364886876449,0.0,0.5346858248857457,0.627163511312355,34.12428144211903
msw_organic_fraction,hybrid_biorefinery,59.555589402675054,58.305908067435496,13.372885433383942,24.692721765536568,11.75261068698935,18.78571185084955,618.556117051342,25.225867505572477,35.63434420445081,0.06365754898086903,6.8949503644004935,0.6135052190170774,0.6844075741776557,0.7801351184175853,17.081850089201478,-1.1238349528831093,0.5491006342683408,0.3552086994979334,0.6809634390160594,0.3789061506570662,98.6135156083071,118.64968353923078,0.8278212943194341,0.8542661845014043,0.13613428388450957,0.315289569848553,0.4588873345170241,0.8638657161154905,55.03906633949122
mixed_biomass_stream,pyrolysis,48.83793908017328,60.642846065513574,16.327500501114812,29.025858189927586,17.551276784746232,9.030807346069563,638.2062748667447,6.702889088881024,37.26049349533298,0.04502680355733424,6.988950477143564,0.5764828943926366,0.8162789195742489,0.7776762099249077,23.986708612930695,-0.8836630256450305,1.0,0.10343338987014163,0.5681044924802109,0.4428199817763638,138.8207296190206,109.61303019764291,0.6049291032489766,0.8538379059802441,0.03963006840435956,0.21085524774280365,0.5205097107400478,0.9603699315956404,48.12469080713035
food_waste,hybrid_biorefinery,72.53743868003268,70.10606538260532,12.817636189349406,14.158018102598499,10.12053754020184,5.86638538196137,621.8398645918795,27.549266673226448,43.270698436456286,0.2037114953917705,7.054056268777193,0.19262209359411273,0.6006101542797172,0.6480428771067309,16.656780613041953,-0.8438202437167166,0.8901256678278399,0.33547676563716206,0.7785333677431971,0.5671060402944242,49.417786236309375,96.33349541038609,0.9089784117495987,0.9033463033673006,0.09360170792663049,0.44307068510049513,0.6177449319680045,0.9063982920733695,65.71953923058351
food_waste,hybrid_biorefinery,68.19844789402751,69.20244967977123,7.2811154145221195,16.129843942906184,10.542619348402612,1.8809560774893135,530.8617338651995,26.788395434402354,39.928742838744995,0.12127386736386032,7.4343441628745515,0.5789507230142255,0.7686577935245084,0.7984758213231733,24.45665370069252,-0.9835318606296324,0.30687605688898967,0.1948661175629705,0.517783911002589,0.6220548652709282,57.86969267072729,116.43285672690857,0.9025953430493601,0.98,0.04146149923291566,0.4211176813747343,0.5240475612706118,0.9585385007670844,64.96529414777078
msw_organic_fraction,hybrid_biorefinery,59.01484877734059,60.587253932215695,14.694710905604905,18.5571844791523,12.047670071148088,20.000863190734705,467.5352278120158,16.323545096282682,44.34836760988577,0.3182195712386139,7.4095409233625995,0.8583118808483988,0.7622011926354686,0.7252936256202586,29.05201832644978,-0.9533338245328197,0.8764560818327843,0.6031507239803903,0.18,0.3786382405220484,148.07068752663773,147.93313299448496,0.713658908132729,0.8356205453119064,0.22480038787639103,0.18682938304769423,0.30470497610177194,0.775199612123609,46.748637605266644
food_waste,anaerobic_digestion,70.5994546506716,80.77544555734079,3.5535732748986693,16.33634147624333,11.525105043568844,2.3291895187677727,38.25526598611963,20.951873728482482,3.37852078486306,0.26169936137006716,6.651812661733835,0.30375787366984336,0.8014963136456967,0.8511051669840994,34.94672051868142,-0.8522921566529507,0.49844180045153474,0.43067120414720744,0.7726043162773008,0.342607241960105,112.07250825393497,57.59191925596461,0.8611473823315383,0.9615683160920285,0.1061673733340312,0.2803311473923767,0.7722582287261461,0.8938326266659689,59.82793577088858
sewage_sludge,anaerobic_digestion,73.58457967852203,57.950449501852326,24.721349123934086,18.587874265713793,5.433756984026015,7.398062670882373,27.032340059039505,16.162495682069725,3.0,0.24055083844157626,6.981687422616129,0.5035849622166043,0.5642266834644982,0.5871882725157317,12.061724785080628,-0.9267727519916278,0.4726637254178183,0.08205985648671604,0.729060020325866,0.07316569281360522,168.14157360104096,80.7227554642894,0.8307653633626182,0.8596521636282757,0.028841193430538533,0.13469721142586763,0.5912398447122068,0.9711588065694615,52.15313141965968
mixed_biomass_stream,incineration_energy_recovery,36.1472631233936,60.59922746150797,12.784994290106638,29.823166260824454,14.2175625379192,7.295585374334369,466.3152102260383,6.0721624405863865,45.960705213795265,0.5414189536396792,7.11018174577462,0.5533114161493207,0.553766015207886,0.6839406708724792,5.414150501155345,-0.9588431524645967,0.66508974136386,0.49570482412566846,0.2766265443647535,0.43090224574409697,251.80302078648242,80.81144962857006,0.24235245176279344,0.8534134375824983,0.34130656956620936,0.0,0.6694750749659643,0.6586934304337906,35.76750587844256
food_waste,hybrid_biorefinery,73.97437451135906,83.99668465987413,8.304973422293662,24.296225889386285,10.67820800274847,0.5,632.7036048274457,23.57940017570866,34.95963209356063,0.10716039643637472,6.77404465504796,0.20211246411749545,0.886843588944796,0.7564070852843746,17.694872569660046,-0.8632004314816282,0.7097123477160449,0.2285900702471231,0.5604368195656044,0.6085955773178736,34.568261253847325,101.41523285355612,0.8927782020208008,0.98,0.041781040003240434,0.4816408798601369,0.6001266435701631,0.9582189599967595,69.39197712292635
msw_organic_fraction,pyrolysis,41.83441807066342,66.95941577562867,12.48789643578494,28.77534704029393,15.558813575356977,11.338020447092315,789.3048159724524,5.2946902759050385,45.311040446841986,0.08509923229939322,6.509202366496068,0.3734010101089392,0.7205668900706832,0.7506642168904742,19.2148876344935,-1.048979237103891,0.6557800794352515,0.6858116998664971,0.5393696416218515,0.41899476690501514,143.64577972968516,94.53575387390111,0.5653483480845318,0.8177212350917882,0.30316820276326994,0.1983226500527658,0.5946222493827816,0.69683179723673,49.44965098866242
agricultural_residues,gasification,24.57845460908795,76.92639281669456,11.878692538013315,32.79215863186863,19.856000227467863,1.0256733542474192,741.7333467254708,5.477636311318558,13.299097412240663,0.31234054412062373,6.722420309251338,0.2558993468578461,0.7884835572244571,0.8030331491107556,11.295931224542883,-0.8163567711588229,0.5069518241404096,0.4117029146179043,0.6433183157967898,0.8669276053994306,97.07824357392417,80.54744617222059,0.5041218132180932,0.8868052321444453,0.14107503799054663,0.3192772894183788,0.7667901459656612,0.8589249620094533,67.15959784507275
food_waste,hybrid_biorefinery,64.10546002725384,74.20599675967077,11.93080654849772,21.14117276429777,11.815421170821876,1.8487689963411387,717.793543348951,24.52754086429063,50.210425217052794,0.11953570542431934,6.7864434561099705,0.6375888499608569,0.9600531370812048,0.8313946109274932,21.868297602816654,-0.9581682432348433,0.5430607479052212,0.5264357748734527,0.4389752879800635,0.6147385958843793,38.09221381871141,103.47272324698332,0.8878095470174965,0.98,0.09566952742744396,0.4724877563150353,0.5906492108472828,0.904330472572556,73.75257495263041
agricultural_residues,hybrid_biorefinery,21.364607894802333,67.5322704191922,11.33283543283639,47.67794685572687,17.811068527289763,5.766084177201176,454.79668263744713,19.970116316637153,50.93782693329091,0.3181233433557613,6.812112859993932,0.22254452306029146,0.4828509490825534,0.602752598091189,20.124765150427038,-0.7959335588579566,0.4608886626445676,0.229665231374144,0.48621717358325256,0.8478644917471333,4.2867952940630865,99.96182304696008,0.8389952660002282,0.8507353970863129,0.06889799502755573,0.5602940381972387,0.6604153300424742,0.9311020049724443,68.60415476312191
sewage_sludge,anaerobic_digestion,74.27363770618699,49.41207958134431,20.886754183388774,19.11548220421485,9.38781605038314,7.364719688612048,40.15921146250604,24.961677813436424,3.0,0.09951008573520694,6.339525599372318,0.3661506044105515,0.5494637962533729,0.5953741406893949,32.334121891853194,-0.9509760952876,0.38572172349011985,0.3859570350111248,0.38067405774704566,0.20089992669255805,150.03117936156121,89.90506318762345,0.7329075249693213,0.8597763108780139,0.13680949687864527,0.18173719646347736,0.5710134407796077,0.8631905031213547,48.58382986560428
industrial_organic_residues,hybrid_biorefinery,55.45085304200392,75.40083308655895,10.041842864442094,20.84894594770686,16.347805847190045,5.39046982106913,606.46499658517,20.015253801782027,35.93227574541529,0.1313873436632781,7.7703598520146535,0.6901655158948624,0.6475899327215457,0.6888580069025467,48.63737369233993,-0.8776167442155188,0.5770596055964512,0.5332150375774285,0.6762878846748557,0.8675661708939628,47.7909728607739,128.17587849522283,0.9265519236928189,0.9358873762954416,0.14166564091732098,0.4472961743876002,0.5162546707797095,0.8583343590826791,68.82515819183318
msw_organic_fraction,hybrid_biorefinery,56.90884861282265,60.323615930459276,15.48951015501565,21.286509041510786,12.961303080193169,17.965544351916073,247.7626468414698,22.76088822547793,59.09267689711024,0.14398158936471445,7.3344488498372105,0.7266197503550534,0.9797192050926165,0.8955670143852159,34.608416362448885,-0.891204928650784,0.8938349724244256,0.1349414749167795,0.48662581830092255,0.5317093386423509,122.14257099499712,139.91492840611318,0.7940272241402224,0.9122593621856406,0.040046360721455905,0.25417514027273475,0.3805816944691426,0.959953639278544,57.27154878351146
food_waste,anaerobic_digestion,68.54481121533402,75.5390699124079,10.0315796375415,11.761281515926271,9.557987016735293,0.9635946617352795,33.59267765917972,27.020500822800035,8.315253847432444,0.12807003721400315,7.097401604665985,0.6820014540265262,0.7092557993870561,0.69907492394917,29.137221497321477,-0.8210077559105026,0.5704123669399447,0.7847843226309152,0.5006747029705383,0.3933170619182515,116.5627493792003,78.713977929718,0.8329836294326097,0.9295736160322712,0.1959001043703858,0.2686681834306486,0.6722456592550785,0.8040998956296141,59.952135854691264
msw_organic_fraction,gasification,40.73479930237333,73.86620670023242,12.716147392900517,22.06384890838454,13.805937883220064,10.488333559918827,566.4930691062797,6.317923618679764,50.69074299880215,0.31339558730888817,6.995019952290723,0.2296428310176031,0.6829252675186045,0.6415743786680861,11.795869034025248,-0.8932234400791611,0.641696925936811,0.15389940343776948,0.34087832191732387,0.40613889753032667,189.31393290188615,97.54381049434794,0.3601726720413075,0.788594178248077,0.0799403873979833,0.0797040703847113,0.5759620811706301,0.9200596126020167,40.23760956989203
msw_organic_fraction,gasification,51.5542846569531,66.08181947514575,17.336500642990483,15.617842055684344,15.206975904718284,13.00345798047872,736.9777885147863,1.0,47.88930555272709,0.17830714302351638,6.852229342719171,0.3535275991500247,0.8255572193521802,0.8501382945234144,22.617899521456867,-0.700500000977329,0.566424845402656,0.3821941877955627,0.6690636336756076,0.3084190029533486,236.71615746571163,112.47217250239207,0.4345239104875529,0.7981213087893053,0.19201595407134367,0.0,0.4758933780055679,0.8079840459286564,41.124117412820425
agricultural_residues,gasification,18.609654671241444,59.47037869511111,16.628891208288746,41.74138979435712,18.513600524211917,0.5,827.6633947960427,9.779327380168784,26.21273581680917,0.24778852547154603,6.893179748819135,0.12390939739129267,0.5553059028483367,0.7296829054798444,36.587123754043844,-0.7129437074698394,0.7573487709210994,0.4682055222851275,0.6292129352224212,0.8052789343474515,128.70037314812416,91.31286419170773,0.4937159855969087,0.8232605895726239,0.1849330969644098,0.23714188792695023,0.6965673434948197,0.8150669030355902,53.928610159012436
industrial_organic_residues,hybrid_biorefinery,49.94669833236847,68.30511510739628,6.27916050843333,30.472708932784904,16.186104407968465,5.738473724599842,505.96412384229143,18.45139429471818,39.75001359268205,0.26513398290107343,7.603247625472079,0.5052590991840729,0.37142447845905974,0.5701733737507013,49.60004329041949,-1.0239492767417602,0.6694937675714553,0.4057592904007757,0.5571386215530457,0.8146553248485279,58.090548692484774,127.0035092930681,0.8795360672507884,0.8725574255372658,0.1300325026546791,0.4205440293701694,0.5107846488715808,0.8699674973453209,66.14209744029549
industrial_organic_residues,anaerobic_digestion,46.52848782549864,74.62173838510056,9.709772905009967,27.956947014209014,13.099093875127933,5.112534137004628,45.95920921767927,19.63707155117011,7.062168670645042,0.27714618087511445,7.10586580526032,0.326187945051065,0.756095335226843,0.7633276490016419,22.124854627060135,-0.7303264659304587,0.9796246879055095,0.40786879337980975,0.7569068188831838,0.5559096064300669,74.96950293360592,68.6184299338236,0.8395340013658488,0.936648654394916,0.1157545690949817,0.37670258978284177,0.7611504821839641,0.8842454309050183,63.6419082970832
industrial_organic_residues,hybrid_biorefinery,47.32324020642257,77.66300715689863,11.46025497771098,17.164560067161915,13.371920473557477,11.618929617012538,673.9216997679893,23.396317473871665,66.6549478413023,0.10549488328394847,6.266779847618707,0.11278586418825672,0.4206393656077438,0.6023002202533949,12.290731979036615,-0.7135780831223514,0.6500772603530046,0.13123060310857507,0.4433504654230489,0.4704148702345795,98.63451127468716,114.3499101416472,0.778527978171735,0.831015285956917,0.049358399365457356,0.31523503565016325,0.5016496391271485,0.9506416006345426,60.02980773882637
msw_organic_fraction,incineration_energy_recovery,56.19673749090242,60.41562143600277,15.238916174089269,24.495040856293507,14.400896795570496,12.350787555654875,649.3503589602243,3.2042437893441367,40.759828340897734,0.4685256355413012,7.078328685746812,0.30682776776210474,0.5288142426025336,0.6729145769549819,19.771584538168334,-0.6215206048576946,0.6676761503235215,0.35895218057276473,0.6278509654140089,0.33647723406356056,292.71943389029445,100.13409062068963,0.2750534498848865,0.8185621839769482,0.29377300110895366,0.0,0.5470034619114064,0.7062269988910463,36.9122989670446
food_waste,hybrid_biorefinery,74.84772110108062,72.35917026256173,12.813546267320918,25.924803633559335,8.890712218947366,7.623915724930094,770.5473540659376,27.34605510103263,37.36724997595264,0.17164146844767023,7.107730604025542,0.7541221306825656,0.5512649597595655,0.5032749456820316,30.825042887924468,-0.7783031657581123,0.8890327706130227,0.6670766684416329,0.5918064193839773,0.5483655165583649,92.05097194934616,122.87400792791067,0.894913965226089,0.8902593027032148,0.2041979893549151,0.33233513779390605,0.47393510875909994,0.7958020106450849,54.0129410430548
mixed_biomass_stream,gasification,42.76716983879277,61.54268731309677,20.565999647911763,28.112315629692258,13.003970567081371,9.833982168801425,587.342008886905,1.0,41.42960063336401,0.21516116066838661,6.560324014142589,0.7084635263203876,0.868240979018814,0.8772943347506357,47.17799121058656,-0.7064925791307882,0.7987364894950123,0.3168321763616558,0.6404842676359067,0.33461880611609396,222.63130643807884,126.22396987826777,0.4779602738329978,0.8489682870409381,0.14007748332182843,0.0,0.40927945377571034,0.8599225166781715,42.03524076513951
agricultural_residues,hybrid_biorefinery,22.46616265353125,68.83343952291038,7.990154337817791,48.8383808613888,18.442477636282565,0.5,497.08255762039,29.02378591168574,42.839129759235306,0.1527132260895915,7.544989283011106,0.6201374387357595,0.9066064400093591,0.8305814275874382,63.343319124710995,-0.741580815642371,1.0,0.6197863992515522,0.2945036864619074,1.2672492757080853,-4.902861090351518,136.5217509230749,0.8597369167143377,0.98,0.11142342775990731,0.5841632755593545,0.5602593094817003,0.8885765722400927,82.53688349407807
industrial_organic_residues,hybrid_biorefinery,40.09279257996499,71.24772338268852,8.633829919419437,17.685029845811663,17.610032499900452,7.126809118637045,702.8434368811968,16.34485185404829,54.82300938591534,0.1513382698291594,7.591339995739875,0.20703358425650356,0.784845691471698,0.7883503666813985,25.343728734022076,-0.5720859863359467,0.40723510115543543,0.40345857840256005,0.5166417568994763,0.7883429193278376,34.4616510018712,99.95553645699341,0.8358354621349301,0.9469919526358584,0.10303672066887647,0.4819177896055294,0.6473536714258431,0.8969632793311235,64.51600552753037
food_waste,incineration_energy_recovery,69.06306452307945,77.7077920090025,11.969119020953432,17.297321949388227,10.920156945916913,0.6135693564673614,459.5104157202617,1.3306792586104441,54.29700614762633,0.5002268552103464,7.0277826328745014,0.22167245323646845,0.5329075398142091,0.49706138869649485,18.714529635611793,-0.5854270054176309,0.8786787372822531,0.3727860559340701,0.3466478926858941,0.19460804078483485,303.68875517313523,76.85443286298104,0.28010078393511945,0.8757767091486196,0.201813330450397,0.0,0.6383167539043424,0.7981866695496029,39.01228520682453
industrial_organic_residues,gasification,42.70885941811834,70.89713957151946,9.75650522544365,11.611760869246407,13.2305665877483,8.529939283753201,461.9196310012806,3.049824840847782,35.03045058709784,0.20739704444284696,6.829857575718619,0.6461121497945777,0.7799184574554043,0.7040048915735251,11.06469426081403,-0.8634733899018417,0.6325541568810618,0.5341398171758115,0.572325624170414,0.3777216154424556,172.78319552871253,96.63658840419274,0.4650608030398974,0.8005173791690429,0.24300025976003814,0.12264105057477266,0.5744851322173785,0.7569997402399619,46.710868829051115
msw_organic_fraction,incineration_energy_recovery,65.78048654220399,65.05513382604315,17.866977984847356,23.8885410559788,13.339564704254808,2.864240143101103,768.1872894324079,1.0,36.38305446574394,0.4519872234490752,6.542254933090171,0.22507493570994194,0.6199675065273038,0.6286123183363874,45.71256025074591,-0.6566105136425638,0.8236755630508686,0.1660340033103568,0.6001808007821278,0.3326953666588337,295.9195235588646,88.67572331959181,0.32800151405061956,0.9026495875565095,0.09312571257212587,0.0,0.6064786474039339,0.9068742874278741,37.597590035747146
food_waste,hybrid_biorefinery,73.19496304762293,76.56260835286908,3.9849672171579993,21.44127246554202,9.604554501627002,0.6216713628192183,760.0436472589226,27.68932594801552,31.226508466951888,0.20054177968362258,7.22114587368285,0.4527927573598132,0.9832923513989579,0.841192475936746,25.28779460959004,-0.7984310578857645,0.8858534431154667,0.08545064163347386,0.6928341431374461,0.785212519142269,6.0983671720891595,110.05834476982673,0.945080256833412,0.98,0.014443352093279049,0.5555886566958723,0.5934923080543163,0.9855566479067209,66.35140459557533
industrial_organic_residues,gasification,37.79093405297669,81.37305689344781,12.93866480771652,24.217423554278216,17.428841692445936,4.1667480118538505,561.994479744558,8.61180962863957,33.722240103139754,0.17719283960098203,6.68754634394914,0.19305710716949973,0.4030075165181336,0.5380101605586368,19.274266623466133,-0.4934189285077249,0.7748911069290725,0.6325679144552886,0.659916239179191,0.5823133172081758,150.97520534398276,82.66182281252094,0.4812563922853808,0.7883718950952161,0.3184165295845368,0.1792851809247201,0.6930467044567411,0.6815834704154632,50.07541937115722
msw_organic_fraction,hybrid_biorefinery,59.07783925557122,59.06576480746304,11.264910645540414,19.80099056634276,12.280182182808483,17.60713758657889,694.6580505461658,19.233744112698265,43.304754933284585,0.28996779516660964,7.065868398784366,0.30348762385138617,0.7251428080713526,0.7158592952413786,16.992775901456945,-0.6525438386267832,0.7662623928842447,0.3878180327075263,0.4550387484974164,0.5026760273746019,103.22153707608561,125.28069085603848,0.7547887339264128,0.8509127474911939,0.14020709441705176,0.3033206829192582,0.4512166688853678,0.8597929055829483,57.36410869568717
sewage_sludge,hybrid_biorefinery,72.80412329189605,53.36844077193612,21.668753055761478,16.062367492825256,6.4578440914344135,12.95216405794427,802.5418019704105,23.19798369634104,33.40736694333749,0.2500783017783129,6.41652973526584,0.3867833648937929,0.5517783276989182,0.5485141531436857,17.61022569874853,-0.4541004259099751,0.7256545912599709,0.6424353588629659,0.23294724768436992,0.15043987511446583,166.17521241414607,119.47835701433812,0.7385143327069861,0.8326596955461413,0.2313617926034164,0.13980464308014007,0.4042633145549819,0.7686382073965836,44.258768410966354
industrial_organic_residues,hybrid_biorefinery,44.51010741394618,73.93464453395575,15.613467059279156,18.91499180523934,14.049849193729433,9.550231076149963,703.2093745870586,17.950574454195877,58.064192955838436,0.2006470546154508,6.835714718557109,0.539776368467318,0.777692260330751,0.7270343079680645,26.65736806897403,-0.5304531653329674,0.814872604593833,0.47201762056451235,0.5785993122237255,0.5827974242670042,81.84136905282767,110.68894238239491,0.860980320000267,0.9227901664333059,0.13112024498986616,0.3588535868757723,0.5456420523787677,0.8688797550101338,62.578521232991086
msw_organic_fraction,hybrid_biorefinery,43.213544142588255,63.97099206745003,17.68024748801621,27.827715484439302,13.597917473858814,14.19071996565215,700.2429368552424,22.356947014715963,51.45120294784433,0.13467729139301185,7.372887340247014,0.2282148205273338,0.9151123680407317,0.8260596970498031,50.06657076683374,-0.8470267170072743,0.9400800495063988,0.2635518137455941,0.38930264726926367,0.5726979436326632,91.39956268074599,129.83960902927782,0.7562478076999376,0.92668949712568,0.07504096738849989,0.3340271099201403,0.4426271842871974,0.9249590326115001,61.84183736906035
food_waste,hybrid_biorefinery,58.6385289904858,75.68628804464431,7.978426632110174,23.39762444391039,8.500579431875845,7.160947305663903,856.3586268820127,14.404545785138279,45.19983976905576,0.2149539142913136,7.455570482305284,0.08749827181435002,0.8291928079017473,0.7128872490464788,15.67913719623671,-0.5217326820894519,0.7138332281207319,0.06778728873101857,0.7739863796579934,0.5185947198230565,46.35769410689394,95.12027170064022,0.890369825519999,0.9597949293238571,0.016743217720826785,0.45101897634573,0.6134578294103344,0.9832567822791732,67.85539290095836
agricultural_residues,hybrid_biorefinery,19.069637108599615,78.26959503811935,10.210119725953168,50.02872423148579,18.86214853553942,1.5104321278442407,895.4783730966701,21.141910143788067,42.01117016674613,0.21224237424659614,7.0484650148439165,0.4960202245461202,0.6818501529324528,0.7542963468078732,37.756538211762496,-0.7858247800097298,0.6079871091334154,0.324635014005004,0.5641245915699954,1.1710590687470674,-21.386124238576457,118.40045537069703,0.9101397409612788,0.9274133550165902,0.07248838608262377,0.6269769460742246,0.6344727036996336,0.9275116139173762,77.46187597826601
sewage_sludge,anaerobic_digestion,73.89275391035382,60.73771307179323,18.147547427325904,6.0,9.717187245900801,5.412729187557913,42.798414017707394,29.892181517106906,10.521964358342,0.11832875278092264,7.370422235999823,0.762958182099764,0.6147486506144474,0.5670575321989837,4.907505385601569,-0.5260668554013875,1.0,0.4987752463355915,0.7997137215622881,0.6674639628658989,62.49677583364312,54.13900716938049,0.8830759806456479,0.8499342791397365,0.15824554100740706,0.40909928354897895,0.8618999288337584,0.8417544589925929,66.50969540771167
food_waste,anaerobic_digestion,57.30422882929379,80.62236365419946,13.934462380851764,13.386689515614108,10.174946576192646,6.419621591245868,42.166237432912375,28.48517473765535,20.175606060644768,0.07274519532772565,6.98221619840222,0.49011700427624866,0.877198790247115,0.7717895258171168,60.686688306067744,-0.5416639063840099,0.5895745273177581,0.4959825801951295,0.5996294665547516,0.6384450127451429,83.85489824914619,97.61448520730303,0.8041793758420667,0.9248584053384895,0.134049374704717,0.35362364091130866,0.6266974543444418,0.865950625295283,65.57100835749823
mixed_biomass_stream,pyrolysis,51.893778446283385,52.08988564327661,15.33370760267129,25.847784712332526,16.76683364715854,7.3421137000715815,765.9777563302137,1.7533076894882011,50.04318253137574,0.07240381500172033,6.795175318695575,0.5173300116764525,0.872135879085274,0.8350346332653411,28.00425038977251,-0.4289488802021939,0.8021472620171772,0.13333248542259155,0.2454651596759731,0.2709615481196693,204.2888560021939,88.41431742752961,0.5313578949526083,0.8905391789314274,0.046230994292792975,0.040808166228067766,0.5942730278098556,0.953769005707207,45.75317564639037
food_waste,hybrid_biorefinery,76.45812291903847,80.92813412361755,9.199259907746441,18.653672626585784,10.075633061402849,1.7687159606488305,554.5185204973043,20.95083533355195,31.339116407517377,0.144972666672364,7.081586740860981,0.5023130093927606,0.8450569088873713,0.6941157000794691,25.75005538314101,-0.5733262356095932,0.6737391401084869,0.4414636680918012,0.5092505085197376,0.6064113801563794,80.23807114964119,114.04632695940722,0.8951166561568134,0.98,0.08809519454046325,0.36301799701391896,0.5331666775322601,0.9119048054595368,66.52721831021073
agricultural_residues,hybrid_biorefinery,26.299261763837603,62.76930067178974,12.746181090262548,47.92585651747992,17.360881862554326,5.387194780554681,883.345651381123,30.6266329653172,42.112890239237,0.10275334682175907,7.230555331722515,0.7548843497674045,0.9159001700051462,0.8581146334514695,39.914512464230164,-0.4537156540627781,0.3740133049079619,0.48493508688635806,0.8577083622887058,0.8940743667343183,3.957614027272136,128.76135739468504,0.9771074750896861,0.9505244373423478,0.10487537761648935,0.5611490544746178,0.5190050059726814,0.8951246223835106,74.50064744229032
agricultural_residues,pyrolysis,34.17844481623158,57.78019978351456,11.751150423021691,35.51924815978726,19.00672727675778,5.4510272966665285,740.2919298496181,1.0,48.16592588281244,0.10626255013345674,5.970081361600944,0.724236676781266,0.8124855749162216,0.8128541586578739,3.974384377930513,-0.47026664142976987,0.6954565013789584,0.4384511193434554,0.9124455970270314,0.573939573524674,103.42533887157573,81.52730756531399,0.7278931423225934,0.8695053106661612,0.1493614381300734,0.3027913276062968,0.6971756137264072,0.8506385618699266,57.08572180511762
mixed_biomass_stream,pyrolysis,46.97692440023055,67.92310325360121,11.96950640093379,26.490200409321236,15.625584095458603,10.843207436798137,488.81986580044344,6.2744943193895555,49.85097401706608,0.01,6.418381585484595,0.5669982859439295,0.7866080695622404,0.869985862498185,47.118564236530474,-0.4288396399028256,0.6481808465210788,0.2995504950478058,0.36849299770138744,0.44500300483514305,170.88004660514767,108.99086129504418,0.5415806602432743,0.8510845754870707,0.12419383236334332,0.12758429453208397,0.5242645489845517,0.8758061676366566,48.16862767611731
food_waste,incineration_energy_recovery,80.20918070234598,74.49131946526525,12.593299711992897,20.848808971817608,9.713619135877265,6.283109532571414,561.685220221987,1.0,50.19444100586816,0.4353381135085158,6.97903960952429,0.28215988493891647,0.5668127640121795,0.6669466542921019,7.76582450895072,-0.4066078507301146,0.8918392937598827,0.8018542705411024,0.44570839000317536,0.1449705690521132,307.833999693513,70.76952326196104,0.2700181215679072,0.8634113203830527,0.5288114626833845,0.0,0.6594223501285121,0.4711885373166155,31.360559627911638
industrial_organic_residues,hybrid_biorefinery,44.7911720376229,64.64397036335362,12.629459508078163,28.90616719989989,17.182888101332292,1.2982697051231202,286.77787580580105,26.195416856858273,37.808123125979456,0.07989946317344611,7.187635866958178,0.3702052149165135,0.6836313292354218,0.7306652718983249,16.01819339196449,-0.35903901923120773,0.8445889427070655,0.8143946476244293,0.8270704915110442,0.8672450252566979,-15.758618509050466,97.42202866194931,0.9672961521352204,0.9796026169457487,0.18001307605417827,0.6123600480754557,0.6780463862830561,0.8199869239458217,76.29433307252096
food_waste,hybrid_biorefinery,72.27076717631161,86.89189369254855,14.442497027316621,9.00416502654106,11.01989720542691,0.5,615.9371783854417,13.575509229759524,26.10928533263731,0.12016469483521858,6.95898872192959,0.4244428801004468,0.7103964094713506,0.6633513342476649,35.244179092347586,-0.045399803185522836,0.6796594784582313,0.11168647768727466,0.41295536621679224,0.4945415559432573,91.20614884178025,118.81764612905758,0.8736942719622338,0.9526424848490119,0.023405222096685694,0.3345294835278435,0.48344311004931884,0.9765947779033143,62.132304504791705
mixed_biomass_stream,pyrolysis,35.09134166933559,54.830326800018426,17.356477041894408,25.335549066358574,13.021454064923876,12.927046076162629,449.38946042780265,2.0513025137687646,31.852625166460708,0.02933399693954964,7.5784246940352515,0.31283630302953963,0.7227642782376559,0.6734336086921828,70.80916179361046,-0.34390720740916597,0.6574607843467818,0.4116553241030255,0.65751304417794,0.2950967301974682,258.62790446376727,118.66351311603779,0.5789158427537098,0.8054647401989675,0.19021533453970468,0.0,0.44037647476955993,0.8097846654602954,41.377944831891504
industrial_organic_residues,anaerobic_digestion,40.19746942833466,73.95181973835338,15.39876366418141,20.937138708258004,15.647155248032883,5.965678425371058,37.73359622385293,28.407288147596493,3.0,0.01,7.138466339156815,0.4824963696361376,0.7208875378374973,0.757825841656681,8.612841829617814,-0.06848097668841668,0.7413342462509733,0.7517427249962636,0.5574723823031948,0.5208320817889933,73.29784140608186,52.34378439152697,0.7962080561690923,0.920820268003911,0.22574019581153618,0.38104456777641077,0.8390894559329103,0.7742598041884639,61.902477326033264
msw_organic_fraction,pyrolysis,47.84186851052011,66.20449800262323,17.098633631298185,28.079429292920445,13.289502942748474,16.324367522397193,728.809232610258,7.506028190009678,28.029012938818795,0.08674378584657831,6.621550598062023,0.2872555053450264,0.7792510860467744,0.7998299251393653,31.57595041616173,-0.08326303707699362,0.6530491786008983,0.5521028866358588,0.45292291684059927,0.35830685640684345,184.36241074376966,100.96606093622151,0.5019405969809716,0.7943679521213354,0.26803394578417494,0.09256516689929958,0.5474271876925503,0.7319660542158251,43.21608237269072
food_waste,hybrid_biorefinery,71.89984848760004,71.22465223139264,10.168520774893542,15.839431336030646,11.420061438476525,6.3939633775332405,497.77046353468853,21.58433359545937,51.335831264080284,0.11129305951807651,6.772254548672847,0.23072274224432573,0.8193452467819001,0.7956472857822507,38.048436472394854,-0.3483222364581334,0.7616519741897319,0.15394988041161026,0.7045810614936485,0.5607660109312892,73.87504139704221,108.21935137096384,0.8898453411102255,0.9545633122409622,0.037330910288376186,0.3795453470206696,0.553792988873495,0.9626690897116238,61.00049760931773
food_waste,incineration_energy_recovery,74.04104808312168,75.78261828845636,12.780758460619534,21.391332036770045,8.551157456602311,5.343405229991179,472.5971743427042,6.240119774445569,41.609982028966215,0.5612485781486352,6.913405468668812,0.48499555298707314,0.8409171914237017,0.7887475589944322,46.97571582605501,-0.32135793318477485,0.8863957642913574,0.5435810947995412,0.44747317086918165,0.07051860055994051,334.1762127725241,100.2154858075127,0.29326410034632305,0.9295400703691756,0.2844128261565823,0.0,0.4880641668204885,0.7155871738434176,35.053207746839966
sewage_sludge,hybrid_biorefinery,68.24131009569206,49.27281081722344,21.849197627008543,11.93446402809757,6.857419220022945,6.587863940989216,740.5794570731024,24.84490294507342,49.018929325552435,0.20592780292035917,7.709095136871946,0.29464005792812104,0.7182020294512584,0.7969603060153858,20.901305983924633,-0.32946275467181774,0.7488350629370508,0.44780289962766195,0.6692465274807469,0.42679726747297664,96.57011633660987,122.62314916364072,0.8847677889175118,0.927211206916224,0.11801046859396247,0.32059710042438994,0.4485104032459458,0.8819895314060375,60.75798806785225
agricultural_residues,gasification,20.371947895316403,67.07868709265091,6.915971940578995,40.20133480742579,17.766652445658792,3.441517042372244,626.2090922883622,1.0,59.5788082102295,0.29820918104927524,6.609437670824543,0.5622535512098861,0.6218057702762845,0.6404560206793772,22.312336557288166,-0.3527068767557178,0.3905645400258583,0.32964094227253105,0.6719477445165741,0.8166298071832981,135.66575670873672,94.29949378569246,0.5188766009293287,0.8044036121613946,0.14049476001053274,0.2190499825747098,0.6833454323924705,0.8595052399894673,57.662220488129705
sewage_sludge,hybrid_biorefinery,84.34753741772246,48.042138620614715,27.321306171251997,6.0,5.296475967834359,10.050992007977285,769.7678644608571,23.49339140261682,37.44158087712877,0.16179208428068526,7.017530504845646,0.685571415349955,0.8686086102752608,0.8991257315974266,41.015325962400624,-0.10733307149709817,0.7709361210403581,0.6236171447447921,0.621696180799851,0.2744832331139272,182.18119257411558,124.77261191644135,0.8799128143721181,0.9199732720559404,0.1637586287330275,0.09823066863866083,0.4036883538301095,0.8362413712669725,50.07198894567135
msw_organic_fraction,pyrolysis,48.396788729970496,62.81140418925031,16.871110413815313,28.8564784389146,12.648479442765598,15.782340017235605,598.8098607437373,6.421765651253232,42.72102535922327,0.1318633817536235,7.509627654215183,0.46185874172664204,0.8042081344615358,0.857378659515643,8.549036695073056,-0.16037597229012074,0.9077535535620445,0.3378446384469492,0.8075726348109176,0.2570654980870142,168.68891529461786,97.47455278106276,0.6083654779202116,0.807085037825395,0.15864920843819216,0.13327554468930428,0.5435304475735497,0.8413507915618078,46.45781293048746
food_waste,incineration_energy_recovery,64.4402303821744,75.95101277350037,8.863362205323575,23.335254382547785,10.23393976232945,3.214478021143785,813.981875731681,1.8550168538506013,39.34617214293924,0.4186453197962989,6.724096916204299,0.23674693416433557,0.7427870458222645,0.7370348891194307,23.19056537169216,-0.1874814064672543,1.0,0.45327584002209387,0.487699025303976,0.19113951157688178,287.2507889927738,61.406848063824995,0.2983631649111344,0.9300420769219189,0.23622441497185317,0.0,0.7188567553688876,0.7637755850281468,42.685700918138075
msw_organic_fraction,hybrid_biorefinery,46.939407470533794,64.35120439227387,17.9369174078379,31.008538824027642,13.498023011220969,15.526747014253544,602.2013048853419,25.717587543975135,49.967480441373056,0.17362237896480634,7.263225040600754,0.5058339456767532,0.7886496893667543,0.7427409377679157,20.057015146801945,0.03241832077399606,0.8452636398668051,0.5964210697661304,0.5954281931447604,0.6450504334450254,61.86158368878229,130.37881584322068,0.8206365348405555,0.8786501302790539,0.19493220248863835,0.4107491332758902,0.4557068014462178,0.8050677975113616,66.04365132958455
food_waste,anaerobic_digestion,73.87140926063533,67.78174392180469,7.254899605303139,16.186194334740176,9.58531204566864,9.389530044508344,41.43906904181589,17.43068569569826,54.41128754802552,0.17884357947556642,6.561852231722878,0.48063218533036345,0.25,0.5410469491677199,22.736898734667243,-0.2933160547253828,0.6595638172616652,0.517919345241888,0.49236859605485683,0.37660893748563906,113.01566442269885,71.3968603019829,0.755816013528585,0.7823644098892328,0.23411719908125242,0.27788139110987314,0.7070810172890358,0.7658828009187476,55.29020783086969
sewage_sludge,anaerobic_digestion,85.63366437144899,62.663330382372195,22.46855777117979,15.842115398509046,6.27725756665051,8.651645003381605,37.732815012034685,22.46613269719974,29.88700040221109,0.08605440555801866,7.148257619688477,0.6493395773494267,0.4655044502525915,0.5306341035708432,21.747615549388644,-0.08518620036118857,0.5806722060104093,0.42140782084132655,0.774826024649511,0.46214551064381687,120.56641464247174,78.44162699612194,0.8450921573266607,0.8207425919024273,0.16429933172328684,0.25826905287669677,0.6888213439409979,0.8357006682767132,58.328584460053605
agricultural_residues,pyrolysis,20.897344946345655,66.87935237927496,8.59178889837925,40.594625529393504,18.497796588833452,3.5414222799678505,567.2280839890592,10.701373625695606,45.06067401386857,0.1824533344295337,7.304065341645344,0.2994426851931618,0.870010448907159,0.7936099926990484,37.488751993438036,-0.12936565005961115,0.7348984701850789,0.22910471447632363,0.41315423664362705,0.654119738437095,119.08345570760044,96.86895146222585,0.5824540180165847,0.8791808289588141,0.06944214306344247,0.2621208942659729,0.634069755812867,0.9305578569365576,56.41152406204681
industrial_organic_residues,anaerobic_digestion,41.6651568378598,73.74327898000479,14.05245069321004,23.442926669447452,15.481698571954444,3.8241540043696673,46.47843671876381,28.535579860550104,22.63645811941499,0.07831422464668264,7.273043521808895,0.22805539929249208,0.7784573704856071,0.8162918677564802,53.43224748192834,-0.275484501035834,0.7510833554478301,0.2546113178602635,0.4979970119047521,0.7354721054453058,119.96743911267579,94.13627144389694,0.7759746068889998,0.9598593693695713,0.06773391670669505,0.2598248334735694,0.6663498029669307,0.932266083293305,63.257505998127954
food_waste,hybrid_biorefinery,68.89212473507399,74.11222051853504,7.550671481959072,27.252767190234504,9.340364426686724,7.425312526323883,600.3587833726747,20.269301190616517,49.672865035420884,0.08908869242419838,7.382633262812778,0.5511730597523491,0.5880019934776834,0.7485529886045023,12.451383693272193,-0.11186910252560625,0.5371536033319677,0.20628078625838803,0.6587323966606722,0.5929556284557783,51.8142988797709,116.01835691750186,0.8967997562610888,0.9213867295167474,0.06123130897813386,0.43684597693566,0.5198273071155246,0.9387686910218661,64.46105996977072
sewage_sludge,anaerobic_digestion,79.80912559482127,47.13546744314425,24.052476510000922,8.451860066517073,7.709086334554629,9.616252968494166,44.20222124509211,28.194296665060577,19.248403519597808,0.25941320976701576,7.435270725662571,0.4504766658883241,0.4644027861966887,0.4913610839698431,22.127636148463296,0.034871333076691324,0.7314153214867122,0.17607503212158804,0.5086962624728544,0.42912449198698815,131.86002772249137,77.51023915403286,0.7558984281098204,0.7900537914464923,0.07082215256617184,0.22893499292859384,0.6864587611106486,0.9291778474338281,52.59554796148361
msw_organic_fraction,hybrid_biorefinery,56.80210167500858,63.97586508118033,19.547762359394948,33.563224192371905,14.779642048308308,8.06740628956667,580.3829276934504,20.585284744605442,52.663320449089504,0.14344396418044844,6.953480632918411,0.228638682755726,0.6243448244783892,0.7857908712954484,35.739835116169715,-0.034211459448305406,0.8649529353741526,0.5079243683595128,0.31717007859837093,0.6159161301978178,101.29493605506012,121.61689266768346,0.7811117702430841,0.9103848569615784,0.15028051448085175,0.30832484141542826,0.4954126398662386,0.8497194855191482,58.44904475511637
industrial_organic_residues,hybrid_biorefinery,48.81882801743964,77.76564765210448,10.782424630000822,18.052516886446334,16.877204794737295,10.210257034352376,671.3352106037961,25.77983307099295,51.01142010089953,0.14721217712194407,7.058969017768414,0.16868539405741798,0.8377203264098995,0.73805677601568,44.46634531453194,0.011514376725458492,0.53635426063725,0.1641629351037224,0.6342682013723914,0.7296267203748832,71.78527895186689,127.59490995582506,0.8405900826272246,0.9261707335286053,0.04441395960335105,0.38497330142372244,0.48896572082023715,0.955586040396649,63.050457341748654
mixed_biomass_stream,hybrid_biorefinery,48.92931287138771,52.10996712700258,15.179350031130479,26.719870537441942,14.935262356334963,8.743333465853599,495.77799916478193,29.04408333668927,43.17948633631112,0.14709924709529432,7.190707982674919,0.6386169047725191,0.929979336757989,0.7733041426102432,32.89137616401664,0.031998561191585825,0.7999684267321281,0.737103966752095,0.31608726478886695,0.6634364555223187,80.11253143871954,128.6031944758334,0.808907834318043,0.9696138054979714,0.17645582123188341,0.36334407418514403,0.4690971019210502,0.8235441787681166,62.843179368426036
mixed_biomass_stream,gasification,37.429356574509676,61.57265516588298,13.051294046589282,24.457355511580005,16.911728361273614,13.464762624497084,645.695857792887,5.660266940556973,55.33973555915915,0.25996717223532123,6.8663580986307355,0.327014286450091,0.9388925302458232,0.8550144745884294,22.623892299834612,-0.03739272548148088,0.6019461964222393,0.4619479986761923,0.5163780838977281,0.45300615442881287,205.759785740731,100.82315170769878,0.39100232551895975,0.8351996848270322,0.21404263077238506,0.03698756950459483,0.5690131870917137,0.7859573692276149,39.161626274940296
msw_organic_fraction,pyrolysis,44.957028781751184,56.12927085249982,18.078232868120352,17.168914203942677,11.021135920613853,3.3768977531804367,683.6625825877784,1.0,52.72066600996241,0.07469363305201279,6.829931830631934,0.5143820733121951,0.8875918563352728,0.7834631490983432,25.128117526772908,0.30271821756673556,0.948231645832037,0.22522034297496593,0.8193537709066242,0.2681334622032832,206.6987775700754,85.39643095537515,0.7023507243193685,0.9016027468988745,0.066856669881699,0.034548629688115826,0.6095344619195899,0.933143330118301,49.0482768686742
msw_organic_fraction,hybrid_biorefinery,67.6120423211467,59.602518744667,22.930661022541713,21.993083615085244,11.250387138095874,11.581999369588495,749.9369545821013,22.478891496403417,53.85352455653664,0.19586029832748628,7.623495487935465,0.6780063374708857,0.8864240717096086,0.7778321520762161,20.287983504217962,0.1344907817781773,0.7050894737885365,0.6355083887136368,0.8637693308963363,0.54044923764637,65.3978350539253,125.70758402952615,0.9291088441346355,0.9372161022829263,0.17218356284827543,0.40156406479499923,0.4572799689689058,0.8278164371517246,61.93433010238618
sewage_sludge,pyrolysis,75.82370763685425,58.873445170513094,18.371541753997143,17.50191344906626,6.758923755272233,10.42672966397241,627.4466061354357,1.380784459571478,36.75017947781608,0.2012663325709349,6.696708698300829,0.886506036261729,0.7265446221027844,0.6796053781967478,10.945343893952865,-0.1136704777117083,0.6717277384378578,0.6783359422184814,0.23893250085249426,0.05,197.22059379694372,96.36618712690066,0.537666500466255,0.808844677448974,0.29051503039648335,0.05916728883910723,0.503809541437365,0.7094849696035166,34.97002248700084
mixed_biomass_stream,hybrid_biorefinery,47.94173311225266,61.36948521908084,15.016139901217384,32.76892050129126,14.63970721707434,11.974151023760712,544.6182236523669,25.113770057562785,59.624186534435886,0.10814681908200241,6.680164845104671,0.33300335405058146,0.8978808563144102,0.7557991845615917,18.506394501125794,0.0018240423054536516,0.9403203584029172,0.19472705888618141,0.8269874522987448,0.5603530362521482,58.79182540847151,112.95138485267385,0.8895680742324078,0.921583337868767,0.0528584643426683,0.4187225314065675,0.5287966950666628,0.9471415356573317,63.561285974183534
agricultural_residues,gasification,36.18576131259749,74.67430634064515,13.381320871380924,37.339065018404156,18.21892025117065,1.8285286729573138,881.657852478249,6.053266531131982,42.441822959764266,0.39494441562378985,6.676623698433038,0.48094537893620737,0.6481611343601091,0.7019000677109284,29.102529654829993,-0.042484363740070155,0.5328117673134487,0.30874103317727336,0.65969191212137,0.6475742974795328,145.07401503757868,95.11217315164134,0.5205989076345379,0.8354388970161507,0.12119143712851352,0.19461294795434111,0.6418759604368586,0.8788085628714865,55.46680929590593
food_waste,hybrid_biorefinery,72.60003170942251,78.6124660269298,10.275353565642167,25.025208558018168,10.962419818039525,7.119167519723856,562.1497662171735,18.86690476587693,45.75255231801485,0.23246199471583526,7.3360145990781,0.399855973043634,0.7667913130434542,0.8197573100946733,47.74410648260435,0.08584693121676343,0.7367063144278155,0.3026622992866825,0.5143210859532357,0.6286230166914497,85.17005828746568,129.95315629767637,0.8507345766937325,0.9658435526445306,0.07834327583393094,0.35020764081177747,0.4543330831580328,0.921656724166069,60.04976598064423
msw_organic_fraction,hybrid_biorefinery,51.00035112498481,58.01138435073753,23.435306255400487,33.26150917544392,13.365927562459364,11.899027837855416,860.0510598204608,31.11882504044404,36.1209911503891,0.19733735118271686,7.086158412182491,0.40491175711678656,0.873522350470921,0.6796623756096778,21.27312771039962,-0.018424618306795544,0.9774120424228917,0.17663516234986365,0.6222096799078659,0.4852850819409752,67.84141061212102,118.43982089399061,0.8446521656813215,0.9086804417509587,0.0488197817509574,0.39521711529319214,0.48339523963759023,0.9511802182490426,59.708336249808866
sewage_sludge,incineration_energy_recovery,81.85674858396135,53.57275511442828,20.359086002856312,21.486272238239273,6.181028653066889,3.1497104833742604,702.5505229628952,5.910861579411126,42.91275021222902,0.7145904529377995,6.873534671812804,0.42476349296295174,0.5493471465901686,0.7119069664049004,16.48309916303283,0.04384562671131928,0.5928409371144483,0.10515286065738201,0.6628947877633692,0.10027468730198283,335.4461896106198,66.1149197862602,0.3576568029942586,0.8922233064875701,0.06250572937012819,0.0,0.6740871691734878,0.9374942706298718,40.26580503362648
industrial_organic_residues,hybrid_biorefinery,50.573962911467106,73.88243444174752,10.78673133471801,19.424489041302884,16.500415472745786,3.3105927160529323,547.888335256624,21.411215796920068,26.69116872943717,0.11828376553610571,7.521549762981358,0.21148584718883487,0.5033562767546259,0.6477505873220615,36.52710060221847,-0.06888496470210825,0.9806234713962945,0.3455139977919581,0.33295780799229135,0.882551439090092,16.579269908454666,107.55716211955749,0.816984170760809,0.9213660497610008,0.09344062661044888,0.5283655327053125,0.6280709896547808,0.9065593733895512,67.38065809358531
msw_organic_fraction,hybrid_biorefinery,56.94963264722096,59.64589139749075,12.471951512521937,31.414613564945324,13.45973694684544,10.136887079182536,786.5190432098759,23.68802285437006,48.816173151006026,0.10706184029207104,6.619316561668497,0.25097494492930805,0.8021886662165677,0.8160015015455537,6.550421230638155,0.17649746695043428,0.833674425861727,0.2736612285156408,0.4245590553849045,0.43948930284491855,94.63130280057649,104.01348724696798,0.795259549886293,0.9309787212188382,0.07596694265902777,0.3256329797387624,0.5492482400628926,0.9240330573409722,57.321782356617966
sewage_sludge,incineration_energy_recovery,74.38707240641939,57.38649026297627,22.613514220150105,23.190773148829916,8.017529820404084,5.199242480142668,796.5897352031802,7.876800028474282,56.224754859307936,0.5811424434699042,7.1529051388696265,0.49574741355999496,0.8161873597719307,0.7100271761862104,17.558805870744457,0.1516486485110449,0.5885402548561005,0.15670384894522488,0.3769102183338985,0.10781690955451276,344.6728467947191,89.19391989642017,0.27749265030727555,0.9225759599749255,0.08317986910367188,0.0,0.5542780364366235,0.9168201308963281,41.63429873811784
industrial_organic_residues,hybrid_biorefinery,62.54873744210539,67.07984144145755,12.351281671187396,23.876571045685377,15.448787645990569,8.40926401393446,691.1395714975504,26.894610015868544,43.71828463459869,0.14389193336698725,7.308637309757405,0.6178679471849525,0.8372464459037255,0.8674530252579626,42.36880636946138,0.24965768989392007,0.5962185106401549,0.26247474576609936,0.4311968195577949,0.741130692972176,63.56836425910742,129.5382230099786,0.8383637925667037,0.9692965796257097,0.06712755188339233,0.4063159369893314,0.4812686313487282,0.9328724481166076,67.97694808929195
msw_organic_fraction,hybrid_biorefinery,55.344072773475034,62.294670743721085,16.596104505350876,21.22896150163984,12.991943094841155,11.519972538185861,597.2448754610197,26.9557394581405,28.077153347343664,0.2036206030599293,6.82740836192926,0.22723205853079856,0.8905226023942453,0.8628048513917184,41.278095317350335,0.15268544719195795,0.5080677357867773,0.2887728141567695,0.6465676894156783,0.44077946842604365,91.14965933498686,138.74584475907378,0.8391806792690825,0.945804773484781,0.07783148160964794,0.33467620951951466,0.3667301948480781,0.9221685183903521,58.802719097798864
msw_organic_fraction,gasification,55.951480057755816,69.2536809703804,16.90270437330997,25.90707404690832,13.300890671194077,10.521592090694389,762.7278614645217,3.955694425627759,54.96523999522104,0.33326559029282576,7.295018546833721,0.5675403384243461,0.5509247010811229,0.7081122061889309,8.588033979096373,0.4605791577579258,0.8624381157001882,0.47593240563798656,0.18,0.3352072125828732,188.4262478655744,96.90694485615063,0.34675208243908695,0.779599873010936,0.2706642351811135,0.08200974580370286,0.563709034893755,0.7293357648188865,42.38126687546796
food_waste,incineration_energy_recovery,77.38016471959774,74.52104037394608,11.711268597725237,8.809498692659693,10.327808102461404,6.248907091857301,667.3592380189938,9.807648728446935,48.34353610698152,0.5602867474216994,7.441315259716322,0.14345228347976405,0.833188784513238,0.8100700426746158,37.083069137601534,0.3620076893214935,1.0,0.19421340535746312,0.49824672141547804,0.13737919081924965,308.404851108887,88.9890425430283,0.2722955133892495,0.8919504002131166,0.10556984954949662,0.0,0.5618600401748228,0.8944301504505033,36.289770295536606
sewage_sludge,pyrolysis,88.0,50.05579010542007,23.681227447909887,15.28759366174149,6.536967101699602,5.64002244322816,553.6643789820765,7.659396006992847,58.876814772304755,0.0841100646215878,6.377729748928516,0.621751844556864,0.8184932826328515,0.8735809277253075,46.2515305042237,0.1627598585152827,0.8924638004511576,0.5318134345226414,0.9441126541642092,0.08079692074137526,237.93062510122496,119.9559795533912,0.7262881540030043,0.8776516318795685,0.18153383318496058,0.0,0.3864280617557805,0.8184661668150395,40.69483233858952
sewage_sludge,anaerobic_digestion,71.34664261019488,59.521137183788376,18.04099782695721,17.13891450330664,8.310853581608873,8.868668169712569,37.978037455744975,18.27670675357638,16.507749412074503,0.15182887475483245,7.454671175753655,0.4863762595146597,0.8724889204482799,0.8188619144271876,22.10344963757271,0.1439982963798866,0.47376753502998936,0.09457143161414137,0.40565958853917616,0.38782398649552463,157.55313502814286,77.83232361198945,0.7382443207079789,0.9190709787592816,0.027831963656506933,0.162199649277551,0.6756774685448604,0.972168036343493,56.87685435306543
food_waste,hybrid_biorefinery,74.9930035869765,64.92559866946145,10.747601299057713,6.889869059592808,9.652617159738725,1.2051635176308029,802.3771097540438,23.682214488973575,45.586304220671515,0.21171146483401876,6.864105731122741,0.7030827322214616,0.875869242056586,0.8013634875142093,26.279027853088657,0.16762334126934905,0.7247927877061534,0.41171474166869176,0.6462092812578842,0.44884281503924967,73.41903262594587,105.82981644865392,0.9493627942687725,0.98,0.07826612457315672,0.3807297853871536,0.5417463853683512,0.9217338754268433,64.66990131941184
agricultural_residues,hybrid_biorefinery,27.6072191029961,63.001418827781265,5.633003778105825,43.02279521318714,18.958842810316263,4.183416963469226,485.43663257470166,22.316085523027656,53.16676639489976,0.1704526484427326,7.263936122321223,0.47175961264305966,0.6857341676059177,0.7728622981524104,17.042358852384826,0.05009949606002306,0.6658949077643781,0.6566631408659639,0.5683566799913373,1.0964671402070068,-5.9174977372138855,107.53870671855034,0.8905460202649945,0.9262079958729904,0.1625018870648046,0.5867986954213348,0.6752295775900133,0.8374981129351954,76.56361829694127
msw_organic_fraction,incineration_energy_recovery,62.643850391145456,50.53759659812857,16.589276469691306,33.18726931296456,12.698149247644928,13.241385029376627,465.8952709906098,7.510635226269576,57.109531725504276,0.5639955739570186,6.570557398171403,0.7206588483965097,0.9406320022868634,0.771529337612761,31.793776211249924,0.3170610779786319,0.7851242187492575,0.5811309422301183,0.6227578983126066,0.21255092845521054,330.25373288224813,112.43589925561417,0.3006524872442361,0.8689700939858774,0.3591725472711673,0.0,0.45499331344112437,0.6408274527288327,30.79678716623681
industrial_organic_residues,anaerobic_digestion,44.06565141009031,73.77466953015109,10.23363902974814,23.76314880798116,15.547208147532926,8.720081873116992,31.706345265156116,25.546826508040766,3.0,0.01,7.8403620424162845,0.6303984981389545,0.9174799432077445,0.8420542115857101,24.17457824580122,0.2756524732983571,0.6272335618511734,0.7411839821777182,0.5903612299185071,0.18962550502798353,135.08418732765006,78.36605608820243,0.7969816142189242,0.9465699712226843,0.20907767392910812,0.22056055239571415,0.6292646843261436,0.7909223260708919,54.808941018646784
industrial_organic_residues,gasification,46.92333021165506,79.61444097510042,16.498272004388873,21.84198196445757,14.574364471575784,8.28695370163532,486.3512259381098,1.0,60.68247332126994,0.31003020411293414,6.499640997027439,0.7481777403935475,0.8894802639591537,0.9276434206393889,33.83070449753962,0.35133708688069765,0.5807378383211583,0.054883288040581936,0.695125843407279,0.3040494727487663,206.85843361029168,109.80835486043065,0.5056270041718564,0.8701669438018588,0.022702629332496612,0.03413393867456706,0.48895217421298826,0.9772973706675034,44.025442552506824
sewage_sludge,hybrid_biorefinery,78.66985986910002,53.056228393495616,18.398198210212385,8.385294840594911,5.542347695059268,4.418028169882084,668.713005943385,20.655890986264755,53.98322720083017,0.154774975949602,7.190176018828162,0.6055871240801625,0.8366166623664221,0.7599377267578182,42.276567964673134,0.47330711411875126,0.597479869992969,0.4687500428857537,0.7708500324603004,0.3468892097550489,120.25641812141693,121.01100788404736,0.9502332808523135,0.9505708276644182,0.10445453498004591,0.2590742386456703,0.4394155846511246,0.8955454650199541,54.60717995701765
food_waste,anaerobic_digestion,61.38449789546629,77.46759420206045,7.862396451062583,24.693668123215453,10.138916824570657,5.636533283411156,35.873814101630806,19.564527866506236,17.206833494803714,0.25548528299508627,6.70587964275617,0.9316098158551009,0.9778410033321719,0.8399108598219829,29.12900910852991,0.450813631914898,0.51949430087667,0.2593648511382924,0.8819547168060509,0.3115800992224477,121.53438802966926,81.59617740860574,0.9155617314860428,0.98,0.06254522568153224,0.25575483628657336,0.6390940565204872,0.9374547743184678,58.52954190611703
industrial_organic_residues,hybrid_biorefinery,44.47228710482397,67.9404187123699,13.637363993271453,31.20656521379879,13.307752283556677,5.447528235259614,544.860354625055,25.40708511079763,58.03614546853528,0.1542184371555399,7.020078198566809,0.04600193703500333,0.8482233901616968,0.8498156209869353,15.50181345620961,0.48278833727246695,0.8456250943312696,0.6010996200248235,0.6434497593650382,0.675877022830093,39.90757451278664,93.97325152751377,0.8664098971572426,0.98,0.13778282774559153,0.4677725337330217,0.6540968843514954,0.8622171722544085,69.09698348348805
industrial_organic_residues,gasification,52.30157314577639,78.68549137380239,13.50300480804834,10.208307638442614,15.125944525170237,8.34362052435402,409.77793064798664,2.5806663688473614,44.04907412638187,0.18378868081400673,6.460608759912106,0.6078636951234452,0.8047157407724366,0.8108039028783143,15.515490452651171,0.6570197410986289,0.47804234936044954,0.6354768418094079,0.5149835635386173,0.3784540746966863,194.90276339131074,103.14143043070722,0.44896964282405183,0.8142147527414788,0.28193085566906234,0.06518762755503703,0.5404102625874436,0.7180691443309377,42.82302593236256
sewage_sludge,hybrid_biorefinery,80.50547487265038,59.818509904764504,18.505309030462413,8.769449115498254,5.182710522498625,9.938983830077637,579.3339853901247,20.228607726553296,68.46964463620803,0.22663964021202634,7.378930289261493,0.13571460604892552,0.8445072200432537,0.7235089461259416,7.3559874655236195,0.5479220493924759,0.7774545531527123,0.5321700200548011,0.670823261415573,0.30304453260398045,101.11051852888252,105.87348222947111,0.8489900970272639,0.9046188914288988,0.14201024405231394,0.3088038479769285,0.509440943333554,0.8579897559476861,53.97375062315706
sewage_sludge,pyrolysis,82.50341669196033,60.269717920779016,18.337247901613413,16.24164098572055,6.910285289286652,1.3596529871376166,484.98113351200504,7.041324798562447,25.512609883915317,0.03670092990451577,6.771525029037203,0.30920475393448016,0.6306364757537852,0.723815334716452,34.21660832473839,0.2530862718207424,0.7826403482927298,0.5273503098784611,0.5627874969642424,0.05,205.90617441632327,87.60307332900813,0.6359156836458557,0.8677484015066158,0.1751628681694326,0.036607339178381125,0.5499311930052204,0.8248371318305674,43.70111966763231
mixed_biomass_stream,hybrid_biorefinery,43.51057104960305,59.439382764548554,12.266316571883282,25.64430801976779,16.24136858853702,8.769833090279187,526.117294531457,24.11639978725238,86.0795832889002,0.16589685966074905,7.728936431208976,0.6986158538847489,0.6698333364515442,0.7477358637326621,21.848593164516487,0.4315574696327341,0.8308632431317444,0.41734784871256864,0.4534016442076714,0.8298726334328753,27.74345961038229,114.53842103426152,0.8478508477307435,0.9276548440711869,0.1224009835786045,0.49936763737563045,0.5797381844380667,0.8775990164213955,68.99591746179632
msw_organic_fraction,hybrid_biorefinery,55.731502713041614,63.66860864525735,10.712082172919759,20.55577934435288,13.790291190932487,16.15440786909494,461.34057946470557,27.89651642903313,22.435524250187665,0.2778262472730608,7.066466743282302,0.4724016786775595,0.8267149302651895,0.668341271382289,45.34669146609393,0.2296613780570571,0.8109761789673808,0.3524934814153386,0.7163525695748852,0.5643025448375466,103.55469618449061,141.09283811844722,0.8437994216042615,0.8754461141026048,0.1136862209943834,0.3024553345857387,0.3815526750303275,0.8863137790056166,58.31674462005497
sewage_sludge,pyrolysis,80.7042780693161,53.87080967711278,16.377768299683364,6.0,6.159453069041992,11.806073224634233,568.9407598110215,1.0,33.33181235768909,0.01,6.480102648836694,0.5820590753817321,0.9689891416389154,0.8520037060679346,9.71197884858411,0.5209935359461764,1.0,0.31033137404697425,0.7657549540408559,0.058361155358712016,182.32371176970187,93.82441326966438,0.6353609519683129,0.8268100845326254,0.11386843281647926,0.09786048890986526,0.5190267527596305,0.8861315671835207,42.37658300809769
msw_organic_fraction,gasification,63.070630684651526,61.128231971608756,17.9853554274478,23.611505877042656,11.458275165457948,12.247996965449463,640.4268766497802,2.988392859999639,44.28911757438583,0.2742559756692308,7.110759089852332,0.24785673417313428,0.7910694182309445,0.7261408828612719,29.3853934786289,0.5645445440313301,0.6437001697991405,0.18445630650874287,0.6239711301666196,0.18833916407709056,239.40759547614988,114.58216177682927,0.42008534251735935,0.8049913930007019,0.09317176893016382,0.0,0.43837060674522693,0.9068282310698361,38.34100463980695
mixed_biomass_stream,hybrid_biorefinery,42.5315945201292,65.07500389266116,15.036004811383703,33.49764280294427,15.356655051921209,11.564785736944597,626.2270641225346,32.189960634254746,37.166693274353875,0.20764961350187752,7.916286484992836,0.5634545651334216,0.9357414654079222,0.7912081855219282,53.69467243159287,0.43003335171863183,0.5600954729063521,0.3442099262514618,0.5493518495809787,0.7447686357094596,129.07427428487728,148.02534997524768,0.8414608274473062,0.9329891419697622,0.08939598137895546,0.23617071614317592,0.38476831051267224,0.9106040186210446,60.02805114991502
agricultural_residues,pyrolysis,25.291281038191812,72.52165281192379,10.8469558961893,36.557686293670535,18.858787079872315,4.0962639657509055,567.5294369809459,1.8614701247088452,51.14983005587012,0.1563516756358834,6.750211414167699,0.408627961581391,0.6705575330009264,0.7241408518990062,17.852123832900208,0.5354224039163342,0.7819279048882553,0.18461791727279814,0.7559659949935079,0.5621795989115157,132.08526232562733,90.54923113606063,0.6730078879146318,0.8452803715288552,0.0664867512166313,0.22834996798538357,0.6471046110444248,0.9335132487833687,55.68753016921158
agricultural_residues,gasification,26.642402547637587,74.00284700853929,10.108205288676508,50.290292527984434,18.90187683174297,5.726926797300866,441.1451798853503,1.0,25.005185830179705,0.24003231590394916,6.261403338464988,0.5449520608846137,0.8137762172688704,0.8084828852084425,44.48199077523808,0.45932051751916275,0.6250307881802138,0.7479865819461351,0.6091443697271612,0.7260960337392574,164.10406824615131,113.41991802428446,0.4857937697214534,0.8100961664375798,0.3015537668295166,0.1451842383216849,0.5627941904527185,0.6984462331704834,48.03045125045134
agricultural_residues,pyrolysis,35.67652914797833,72.5706634791835,17.399395915136356,38.804329146005955,18.40538833907911,0.9371668961335073,756.9574473101337,1.0,55.96449321487284,0.02844235393961668,7.06827925805383,0.8280997045157479,0.8238260681153803,0.7737814475893094,19.88018547470284,0.5589457584022155,0.8518070207602177,0.1383827742557785,0.832535115193592,0.5968879585943611,49.51943981810734,95.60765598599936,0.7478215868867232,0.894919972099202,0.039177524963320075,0.4428066498230978,0.6281171614907628,0.96082247503668,66.4170226848583
agricultural_residues,pyrolysis,34.17520192638387,64.61732729632125,10.662320991784771,41.450639596036496,18.440320013863325,11.026263470389559,565.6044153942395,4.3941798601938835,35.8703410275825,0.04578158880905228,6.4234149273155765,0.13439684071721436,0.8531027079002423,0.8571340740740555,40.31459255149159,0.5543789172575453,0.39075523718599287,0.4610060557404078,0.5255122022989122,0.46763667170174955,154.05595238868918,108.5867601709487,0.5449459535393782,0.8214444746589773,0.18238506833586074,0.17128324054885927,0.5313708037167602,0.8176149316641392,50.39126486400676
food_waste,hybrid_biorefinery,74.1191603291015,76.23892172401523,13.640198050277052,23.82137755921108,10.695621797950688,0.5,555.1460026933202,21.17858410158087,40.90357575912994,0.19168122662981,7.668071737902774,0.7065213487181083,0.5625363028718962,0.7241764707119492,34.74729144048359,0.3545845909518517,0.6766794152445782,0.5342574826472393,0.7731344863770775,0.7429875509135854,28.60764639950861,120.92717528621213,0.98,0.9727186641358455,0.12395147001940406,0.4971229963649127,0.5269984439051355,0.8760485299805959,68.53546528136742
sewage_sludge,pyrolysis,77.02622462497771,55.491147103730135,17.608715598522743,18.381792917641363,6.464684291104669,6.635168131655647,634.6552791133868,16.565187338790416,50.29833424087589,0.06902443352347819,5.791014001551831,0.7740293129458768,0.9681053996083943,0.8554140161600388,24.56332900470323,0.7741178791956924,0.4543713406591661,0.0819605352733808,0.6809995627399372,0.05,192.31636735138375,94.8225291728645,0.665726058799065,0.8993655429558056,0.025560592982742183,0.07190553934705521,0.5119340569849237,0.9744394070172578,43.6829148757775
msw_organic_fraction,hybrid_biorefinery,52.002208027583094,68.76744295415862,14.929761268039378,33.13947587972574,13.21252510544611,9.136375451907744,543.6993569808917,23.455404515187706,32.154176286748864,0.19010806807511244,7.00981819228965,0.23951569166818124,0.9169363317417175,0.7714785686742391,12.324381306388242,0.5811846607157628,0.6702171605983147,0.39520080135338964,0.7183278188661725,0.5886006129246037,52.24139431174922,117.87989610888772,0.8747885818866434,0.9481327623182648,0.09687383500008222,0.43573663815130076,0.5090716290071616,0.9031261649999178,69.00827350917803
food_waste,incineration_energy_recovery,77.22895348120744,79.35189285160372,2.0,7.253669065220754,12.28082038445975,6.321621107579139,690.6688128657715,1.0,40.02014366512781,0.5898756482258396,6.31592132145688,0.23784174199781036,0.9746501969075121,0.9126047467353675,34.81736501391385,0.701957382832648,0.9691287788603182,0.045298980301798325,0.7215970103173204,0.1310605366590404,298.7765869067173,88.90111406983225,0.33517524418610095,0.9213917574485112,0.021909226741932682,0.0,0.5609327176974508,0.9780907732580674,40.13212605667939
food_waste,anaerobic_digestion,74.21542792038501,75.23951338040125,9.606890352004216,26.013319076641196,8.277697886722313,5.024969310387402,33.28943624891161,32.77495954684298,9.068940122696972,0.09124887651569133,7.068830315316893,0.12642653333850043,0.7489167574051354,0.7351586610867764,48.28018498596665,0.5736943764822063,0.5569283745160436,0.2674469400770447,0.4846319239959044,0.38618854766070526,137.02949951933783,76.52202752563261,0.7560973184933444,0.9379610817296649,0.0760685673192527,0.21550779345626536,0.6822139671925519,0.9239314326807473,53.07611643182201
agricultural_residues,gasification,33.163647365571734,62.786232522863536,9.030897139257048,35.13338326911907,14.891480303871045,2.8632417304628106,867.972434837794,1.0,55.69581389797256,0.3433805389710838,7.052612467408741,0.49075215372005204,0.8949962721582058,0.7139712360706513,25.84757611287125,0.384625762033063,0.6568624232093838,0.2616374770200212,0.7283561701951079,0.6192665347802631,175.78933349164737,95.61105999067983,0.5313065227331414,0.8734968474965844,0.08875145961691182,0.11483290002169515,0.6330225324375535,0.9112485403830882,56.24132044552651
industrial_organic_residues,hybrid_biorefinery,43.19780987950959,78.12757077233606,9.045402409952748,19.036120083447,14.923647215461319,0.5,795.0253132215894,24.131500988202784,43.22400779833343,0.13149397627800097,7.259121619197658,0.44506913890440825,0.8117607329844093,0.7908803399906963,34.20271894004916,0.8355605643817184,0.6790083080932957,0.37255062273774797,0.38802265221415894,0.8928073568587621,-5.982450277041199,107.28841192663506,0.8691111941658924,0.98,0.07233991312899503,0.5869674033169902,0.63174176626348,0.927660086871005,77.59068348052669
agricultural_residues,hybrid_biorefinery,26.29203248196371,66.66943788927925,11.8913170903862,40.56946504756152,18.600609785720742,3.4289195394959155,683.9877476699268,24.73278595409812,38.68613596242202,0.15823557183534576,7.4680963642904885,0.9746540565375919,0.9075103771431877,0.8659814844371572,14.961051350991182,0.6406230916407133,0.7591801636321204,0.7160105656681663,0.721047879803206,1.2598384496974289,-85.45365760339908,113.54715866830354,0.9742318576973374,0.98,0.14500363167039537,0.7933861236451923,0.6795478343634157,0.8549963683296047,90.07771640373744
mixed_biomass_stream,gasification,40.94193918815641,62.98273045099877,13.575058942983459,43.41797780486853,13.045858695350152,8.152600305798998,620.8870324444463,3.330036492997016,57.96509558337604,0.23870742152143742,6.972214046482768,0.5045002880177037,0.4624771500433941,0.5348115552203887,56.46221719529141,0.7087538971792176,0.6301677608863459,0.16637177759905994,0.28977292686248923,0.301394326528546,235.41969961810122,121.62134406526553,0.38573505261644564,0.7215598681226225,0.09287265500647521,0.0,0.426194414650672,0.9071273449935248,41.710749050246186
sewage_sludge,incineration_energy_recovery,85.98869019428375,57.41634321645483,22.93903751112685,6.0,5.671972925072707,3.2272164208362373,624.2442737809617,1.8767000422898454,38.658637614195634,0.5695484093925507,6.569983462927271,0.3830294961434942,0.5115198139095839,0.6445301270183903,47.466336015993576,0.7758066917707065,0.5973629578730903,0.5819030939844342,0.8275564947715194,0.05,348.44536636726536,101.13162249945894,0.39494096843850574,0.8394237528308666,0.35545770986285835,0.0,0.4787283026344267,0.6445422901371416,33.99831685716078
food_waste,incineration_energy_recovery,64.70250927721415,72.91951677837814,9.357901727902407,14.165850063230115,9.643375717326752,1.0550206010191516,626.0619709064771,6.31538626919016,38.57339807274389,0.4884722799587713,6.638678596965794,0.6912980502886191,0.7049813515801375,0.6642268123127641,30.976146144774788,0.8233119770911774,0.7999088409788877,0.4372886178989647,0.7352092589311261,0.11023101750908512,295.1045138400308,98.2924625359366,0.411721014548737,0.910336425957148,0.2146088049264502,0.0,0.5069220736628588,0.7853911950735498,35.91410283597325
food_waste,anaerobic_digestion,80.87195186683347,73.3883934037696,14.833710770611107,19.938359361655724,12.03884895677627,1.50416106348887,34.7896165422031,21.838668473023777,3.0,0.2448118524618385,7.123456050107495,0.35556457656050094,0.8311670171247011,0.7995800065516299,60.86816384745107,0.7460413359366471,0.8252655075391171,0.17375881837532103,0.3917125843246617,0.41333716317645763,145.65363649104975,94.61431691840069,0.7758441847615833,0.9762531333568598,0.040458124486280805,0.19310743768558505,0.5929640868546066,0.9595418755137192,54.898063467535735
industrial_organic_residues,anaerobic_digestion,45.25453282227014,69.70332232844042,12.02180963156231,14.88143922779253,15.610096739563653,5.097200625191116,38.15194229146818,22.16577755694029,3.0,0.2649186434892922,7.020191197587025,0.6036059492816603,0.5398760884571351,0.6659289272810077,34.22689690616729,0.6276662989853881,0.5434736132794594,0.34162144298017616,0.681124766285782,0.5083732908438686,92.36607359156415,79.13325415655567,0.8428892631376406,0.8735583492220049,0.1125957290961903,0.33151669196996325,0.6953513126353581,0.8874042709038097,63.01917422496197
industrial_organic_residues,anaerobic_digestion,52.22909705474527,74.1744485320755,12.557807565800129,18.083418839284356,14.074418087576264,8.391666524572207,34.59020423104974,15.400300299259182,3.0,0.16564030775194238,7.745472149803293,0.11677215517312461,0.7375136944127666,0.8115761082480561,18.108329510402932,0.6218224397980194,0.2967944454039836,0.1380561032626807,0.747675484997701,0.4087308952313478,103.90956200724375,67.23669815912872,0.7975189779912698,0.9028507779149622,0.04444392121065706,0.30153360517599026,0.73604343821864,0.9555560787893429,61.254398289032984
msw_organic_fraction,incineration_energy_recovery,67.9778059656267,56.40734545507483,21.55289712437372,24.59399235177465,12.886532159853092,7.689860870130882,948.2613223685089,2.0888471349353255,36.583763155953044,0.5883859599990964,6.574262573222123,0.4912764553147642,0.48424938016948393,0.6980696587416879,14.133614567030454,0.6177240957465551,0.516262321560626,0.7431110428792803,0.39543406375157536,0.23405860465391923,328.7707930618586,84.15886759872235,0.26433160627215885,0.8517336572070927,0.5418686395819611,0.0,0.6085514846095341,0.4581313604180389,30.195392798513666
food_waste,hybrid_biorefinery,73.31561616785253,71.27734701858499,12.016619979375367,17.176596623920734,9.34659870480199,3.714296267880531,575.7963520130811,18.9235064536914,26.76568973189025,0.13663704749684724,6.519943823216101,0.590282983005683,0.602893159322394,0.7518659206242297,22.898883096908122,0.7501429774198444,0.8450287780478035,0.5174923030913848,0.4797049609208176,0.34545651001606525,103.88865864573627,122.31968940659121,0.8811488049954953,0.939895278177006,0.1332274190864347,0.3015878996214642,0.4322125932214753,0.8667725809135653,59.69804196420302
mixed_biomass_stream,gasification,42.83576956397094,59.327173175151934,8.604319434277793,26.24207893557295,14.559816503111346,5.215870709927295,662.5923264446537,8.332789939411995,39.969296833552214,0.11574075942819634,6.758569473328143,0.6145560216493057,0.8916680801652297,0.8055074818592305,72.15257342660749,0.8483959859151671,1.0,0.5454596902340082,0.897893746817013,0.5555751035042386,153.45677049650467,137.64938352344893,0.5671268234667065,0.8864405528126014,0.20275376607818202,0.1728395571519359,0.3977560831738328,0.797246233921818,52.98236253164906
agricultural_residues,hybrid_biorefinery,28.018303007438153,64.51080562539977,13.517384370145459,39.719213535176884,17.17652260829054,4.263798279803255,829.3562147623753,22.69177384631255,39.351193387152215,0.16009529729826086,7.3803505684739745,0.3242567147212867,0.27599773614309564,0.5582602652684374,51.3664889498425,0.8818347996760837,0.7310658584832015,0.1463329518736948,0.8317094593119755,0.936919239193169,7.748445512282917,129.50846947668086,0.944021314047074,0.8446598468860553,0.046912570991646134,0.5513027389291353,0.524498709061019,0.9530874290083539,70.82038667429372
industrial_organic_residues,hybrid_biorefinery,50.82431421257286,69.93149583215752,17.03006769400745,22.849417771094405,15.000997510200913,11.030477801593218,549.3832777554862,20.395640970046227,48.42605447579377,0.07670421212217801,7.066891505555215,0.609889575582238,0.5319508629134253,0.6796696143412606,70.86175902899298,0.8201572013003304,0.7409769504903276,0.2319110214761468,0.6151660426152221,0.543892524799473,91.05464285193639,148.93087612768062,0.8653693320892321,0.876255517658677,0.08000912942660096,0.334923005579386,0.3358096389944071,0.919990870573399,59.7809637874924
mixed_biomass_stream,hybrid_biorefinery,44.40371474451556,68.95863252650904,17.21118174156103,25.357552414003997,15.066857567910851,11.239440930277937,548.0466479144052,21.378297368080933,24.47458843144693,0.08853637295217033,7.5907832789315135,0.5543462513474996,0.5050271775781853,0.6530217834257364,69.6118853170711,0.8384316454445143,0.5612906299988856,0.6786903876627414,0.3375841080723736,0.6182898811999786,129.18994482970777,145.0210782480215,0.7900676406139479,0.8718273361121072,0.23967589726293523,0.23587027316959022,0.37275494097967166,0.7603241027370647,52.6760772223555
agricultural_residues,gasification,30.643518061241345,67.11680806232378,9.158679923675253,29.113822349949654,17.59417966561244,7.840363920437901,722.4090656108822,2.12249361014252,50.642159640482575,0.3139152736315969,6.505278675613416,0.6846985797259252,0.3188235274971896,0.5136531727607168,32.72414438052516,0.747019408083929,0.8329819981581708,0.44535909550884756,0.5031350847079347,0.686781870256602,173.03742071610932,114.05323696703357,0.4556771101119924,0.7345061461648519,0.26778550743602453,0.12198072541270305,0.5508118168931179,0.7322144925639755,44.732060606277486
food_waste,hybrid_biorefinery,69.74994937819474,79.31666525707357,11.125900110152125,12.74438676105966,8.783222202392611,9.674870992655858,748.9721922995112,23.43361806527373,52.2749420655821,0.14725867667617001,7.08966093893629,0.705827216241735,0.605751681032448,0.7426499973273257,23.590547965681388,0.7691803544886106,0.41921984862909545,0.2073829459195441,0.7838833505299363,0.4850619563236087,86.14799802078926,128.05839545556614,0.9247129179832317,0.8805737676325999,0.0654042960388494,0.34766753760833957,0.4327220753618984,0.9345957039611505,60.361109515817496
industrial_organic_residues,anaerobic_digestion,44.18554331581666,77.2178214538454,8.487888490434438,18.97646836464726,16.166928260292334,3.9719195858405367,38.231971617161875,26.368761444671318,30.916525377777084,0.2246833973901938,6.635510987314052,0.2782511865766301,0.5950433168156365,0.7531515150299768,27.700347179575786,0.8996178841590953,0.7420438196667486,0.27400142307422765,0.41073252379962916,0.39994686224239084,114.12551587632646,77.47854178384497,0.7571397887751541,0.9112194115686932,0.08354521941814379,0.2749986600614897,0.6802065108309839,0.9164547805818563,53.964466895228725
msw_organic_fraction,gasification,53.81832413653595,66.824474634765,21.363010376407118,25.403700036715247,13.011859587868452,13.336082480254573,623.0351495903185,1.0,51.20432999705326,0.3389973071893311,7.175793781700374,0.1099133370802971,0.9065618543608196,0.855010544467306,38.25304247391536,0.9644920297409504,0.6710952349326604,0.18098619983863212,0.4311299482741526,0.24060349398868472,276.15804855263434,113.28903329619595,0.3532229766731799,0.8314031466553101,0.08590457816798588,0.0,0.45667469869753197,0.9140954218320141,41.42473059827541
msw_organic_fraction,incineration_energy_recovery,62.89331603483353,61.983314001264766,19.70089232904074,24.737440932329477,14.714099172801559,14.463759169457642,550.3505833908365,5.191808528916545,50.02350807390926,0.5827675959610533,6.91156229906973,0.6591850722060377,0.7559458048633929,0.566741768999422,46.462474092313414,1.097186126056111,0.5391927671902104,0.2994022855387966,0.3979308956151958,0.1544151708553499,358.41577439352443,119.67712798449224,0.23097121549407845,0.8269264523432417,0.22210373014774257,0.0,0.4040917166171652,0.7778962698522575,28.412692324161867
sewage_sludge,anaerobic_digestion,82.20087579039603,51.087120891750395,18.647007452364885,7.147366502477123,4.474922640901193,9.04475893396479,37.1862337158906,15.328388681359623,3.0,0.22564949366991954,7.602557987295266,0.3395081361941729,0.6769654696553652,0.6013371178303611,16.987399830677422,0.9018030204040851,0.7991767031966962,0.2956947745600365,0.2794310480881479,0.3360971317646815,148.76787761576793,60.55369700962869,0.6937051003798174,0.8374719028906727,0.10155321591753613,0.1850184996993041,0.7552377005165,0.8984467840824639,52.072461914212305
sewage_sludge,pyrolysis,66.25264124131564,53.10041832874979,19.988039081300432,12.825155248869471,6.688349248385619,3.444250093289808,573.6506191430169,2.9801371418156712,33.04598992309127,0.020439562849436578,7.1518138439639865,0.3506305843175216,0.4155460986676431,0.46979000006276395,23.498082862040153,0.8543926062219916,0.7720611956440053,0.45989812109231404,0.5584312199643856,0.05,218.0126105701942,87.47254901059577,0.6235485010834694,0.7801731631695823,0.19057084239383937,0.0051620504670280565,0.5506181631021275,0.8094291576061606,37.12291613361301
sewage_sludge,anaerobic_digestion,88.0,58.39304189024028,19.680711707266106,6.0,6.36676795537264,6.270771804772217,30.66295325215188,19.233529085508284,3.0,0.24327824252246405,7.444362991254794,0.7223231774047267,0.687593552953359,0.7044493143089272,23.646775218512285,0.8332895192612536,0.6555074112393148,0.41295641477360545,0.6680472219687567,0.08364961438517214,178.6404178660623,78.52679928749205,0.8409022570511618,0.8698382186083418,0.12838130566065575,0.10742748606217582,0.6051039715463588,0.8716186943393442,48.835053351752414
msw_organic_fraction,gasification,58.14716775068651,55.74258593671534,21.977615519796487,31.25252695853242,12.764350376341046,15.596306027580233,593.1529374592793,1.0,46.88842473324824,0.16130804873597615,6.411454091917294,0.7692000083970039,0.6961388181407024,0.7347218513244692,24.325890267453527,1.0516329721543447,0.7216870636833103,0.24608422089209253,0.6583234281970115,0.22106375384602028,263.4994093179439,111.88438554110135,0.4469427155279516,0.7517998489312311,0.14623138265541402,0.0,0.4597688387876963,0.853768617344586,33.63000450182561
sewage_sludge,pyrolysis,75.51658040148772,54.07059510043,16.31371589678379,6.0,5.830470501138304,7.248405858265221,555.7211009342755,4.713675075479324,24.584830717129687,0.06494787391746462,6.728788806629572,0.5889999707826578,0.7090390501518258,0.7415205157020726,21.422274666173024,0.9563949819249875,0.8316067523990456,0.5272713218146168,0.18248456439234856,0.05,226.37337549289998,89.37537472312066,0.5220022977528432,0.8095262578853983,0.20663782810131964,0.0,0.5406032909309438,0.7933621718986803,36.289065455298
industrial_organic_residues,anaerobic_digestion,58.42971585659231,70.37985567697926,11.562069155101861,27.076205319280206,15.954025070317394,3.295284673121841,40.02421971227745,23.73329167402277,11.63355651014242,0.18417456003561625,7.749505111861166,0.40494962213899993,0.8286379413932977,0.826194652375974,64.68808333482144,0.9216685670073065,0.97467888942826,0.32724352009832686,0.8219341677000901,0.834075767104223,53.119607129485466,94.64955226357559,0.8748125189842897,0.9719106917011097,0.08204549922994107,0.43345556589744033,0.6853411305335839,0.9179545007700589,72.87682926701872
food_waste,anaerobic_digestion,71.89304540981169,65.28698356415542,10.660836043274982,11.764857951720884,7.309862034492714,5.112126284993177,44.58978188695806,21.905341232274367,22.22167194464213,0.22648942609889036,6.669383515217264,0.42963736440329037,0.6171698985873502,0.7492236325297875,48.11296722792562,1.0224717462979804,1.0,0.11116045459794681,0.6409081021236965,0.38731698768109063,92.16758320027029,89.00631984097794,0.8188131306882351,0.8871769179516096,0.034830645535498445,0.3320322514278694,0.6167554223373245,0.9651693544645016,62.53631123175106
industrial_organic_residues,hybrid_biorefinery,42.16418868286051,70.10821500307361,7.716092922205757,23.9296675387565,14.944538325853344,10.316704531867314,747.6777770086022,15.273551096722276,27.97247510889303,0.22299942404964473,6.969598406208672,0.2931944426253178,0.6131211921146731,0.528196104494509,18.00745551890825,0.9694938926496234,0.775378132932834,0.4892599328866743,0.28812290404748025,0.6339298431405467,63.25840266875317,110.68925721273072,0.7632693496988243,0.8809914948246965,0.15659960407953116,0.4071210320292125,0.5568895275291796,0.8434003959204688,62.4289923589613
food_waste,anaerobic_digestion,76.13205195004477,81.99839151479976,5.950501861766262,15.358354490890244,10.356756234976782,9.270579253655953,40.1584589900464,18.93647523384115,3.0,0.2489566567289787,7.040228902759437,0.18203647290943803,0.701167174825961,0.80668054720284,54.28526695940296,0.854306907928915,0.8183966429926935,0.4162665352744665,0.7424220827213772,0.5089286902160852,105.64320483584986,85.13431355557164,0.7952743837375078,0.8826528603624441,0.14152120345938374,0.29703063679000036,0.6638889773445301,0.8584787965406162,60.430466235354366
msw_organic_fraction,pyrolysis,64.52460326241433,60.72948920253374,17.091248274097616,23.880162970372172,15.893792260855314,9.48006833587036,745.6144201358617,1.0,33.50488464116102,0.058355258134181354,6.754164403649705,0.5099603470340874,0.4881455419458136,0.4684161119816764,88.0,0.8862613774223311,0.7418299003120108,0.3647687208997138,0.7961853718647803,0.2609171379891776,209.70584574017764,142.91209130718192,0.6534826923778295,0.770988919768282,0.178242478706432,0.02673806301252562,0.3052328687408721,0.8217575212935679,37.89119369485753
agricultural_residues,gasification,35.406985917369475,70.77339589925624,3.9755917945966734,41.651212969416434,18.24180448580509,3.72158387838851,628.7555681124676,7.7249072421907465,51.82729460386896,0.27218014445984856,6.717274035991874,0.6503381219496742,0.7554196933551186,0.7543416546111912,60.20341401672173,0.7746823511683304,0.8110037922232181,0.5498541623757394,0.8704232919670835,0.7555731274419304,116.48018321087523,124.84174850752628,0.5735817855990252,0.8324440294934008,0.2153367491449861,0.2688826410107137,0.5091642537870864,0.7846632508550139,56.920121837767525
mixed_biomass_stream,hybrid_biorefinery,38.362429089082184,67.62344220419097,12.732780453464493,32.70190676620886,15.833531894047734,4.362137857982273,653.5095224783164,16.369035153426136,28.498490228481007,0.10316952533658072,6.735135944460239,0.3601524884512334,0.6773664083409906,0.7639926169589685,18.743281924705748,0.9287985252376884,0.6998572085203966,0.46637001120133365,0.8680129057745192,0.6646240943826689,35.385897166814445,95.42789991754023,0.9552804605138525,0.9482659434206646,0.11687565351745473,0.47951715021606633,0.643965195935028,0.8831243464825452,67.19733099585504
food_waste,hybrid_biorefinery,77.62614310592134,78.67600305624589,6.578793819074885,20.03187094500779,8.9060576922113,4.179243469059831,707.7785873490808,21.540361107754986,54.84197566117764,0.16854855684547668,7.245769199855089,0.8072599313402379,0.8153930268911134,0.6886351599732387,5.57036942349906,1.0821949227089565,0.936861342676053,0.02397199287069689,0.640225572015512,0.665460338657463,-3.962315116761367,100.015959163588,0.9353824832276781,0.9703584815096753,0.01,0.581720299004575,0.620001489433126,0.99,73.64724067930182
msw_organic_fraction,hybrid_biorefinery,60.066688370562346,72.42982570174193,17.21386102067528,26.389819327228246,14.005469917184598,10.115898281553314,560.7521531848091,18.499577669493142,38.331229475406836,0.3249527449542883,7.787517800879699,0.8005812837603007,0.7556702858032932,0.6873824605530887,41.84082281370789,1.1089446238350222,0.7783628305118582,0.35901102884052377,0.7485890813666551,0.7040812236916291,39.939440378768566,130.96336550964412,0.9203824850716146,0.9221175818188697,0.10319057093867719,0.4676897652499518,0.46561699810876833,0.8968094290613228,64.79284789121935
agricultural_residues,hybrid_biorefinery,42.696995953388715,68.93642686391628,9.498120093609852,44.02583198977365,16.332692027280366,2.8090071758305437,933.1589542574645,21.984518791829704,48.63180955850927,0.16869318016611695,7.0066461984478305,0.5511977958224749,0.9226797414836713,0.7187007425265415,36.73915767939905,1.0667043679485213,0.6329129901146859,0.5253886514194387,0.7454145198628256,0.9043052879010581,16.618991526883487,119.71440345672448,0.9507864034006905,0.9666492029342285,0.10252454366970473,0.5282623596704324,0.5688713556712619,0.8974754563302952,74.11709373868462
food_waste,anaerobic_digestion,77.53370332858573,74.91779037508647,6.13723373464984,17.86063567759206,10.682136202179853,6.0164746533413265,44.562070884033936,30.091169659150466,16.419492737438503,0.19312096840219528,7.270226243305167,0.19050164139556547,0.8363721556751811,0.905119003525441,26.852398604972883,1.0231834936960547,0.6807967469309735,0.20261002063374803,0.6835877489703005,0.6884477034848424,86.15284074193153,77.8699330654452,0.8040217459808312,0.9474024272630771,0.05581243017191586,0.34765495911186617,0.7416167417906381,0.9441875698280842,65.6545498747475
food_waste,hybrid_biorefinery,68.5936789920343,63.045583770372275,3.4449538256896046,16.784160023762976,7.975881477901076,3.647231276065529,591.064760065045,19.46815473886268,37.21386742959945,0.24770424577533773,7.232347946045965,0.9117617532027423,0.8384137804416841,0.8996699183350318,25.06031655605357,0.9880164828698139,0.7243256827749106,0.5111963861060104,0.8222941921067004,0.4659511862533557,28.72787195627767,115.7974552867099,0.98,0.98,0.11049268501961272,0.49681072219148653,0.49304896999305453,0.8895073149803873,66.72147242626248
msw_organic_fraction,incineration_energy_recovery,60.01953731588013,70.40071805451034,14.089392687442297,27.442566537735132,13.100882123748878,12.318504579018228,621.7223455449882,2.482478094005468,35.00238132651282,0.4734989463244429,7.184785877875336,0.15256241179062735,0.794331225842701,0.8792715819606076,22.302519414337894,0.7246197684000917,0.3210675670728401,0.32226942426168825,0.6813722484482219,0.1828315312792361,361.79200476616256,84.89032402168621,0.276318523002178,0.8791584171740153,0.21871728596537893,0.0,0.5934317578199255,0.781282714034621,35.83068640251272
food_waste,hybrid_biorefinery,70.63918552533092,84.23069359015253,13.228500321319915,12.79255379521226,11.522036869850963,2.5597326723342264,508.6292078877443,19.410727564537844,29.92841385639573,0.24588316227791554,6.8432622264757805,0.7020422382704669,0.9077257984842522,0.8517386453395754,25.29361401714166,0.9520686196676386,0.760615704693434,0.17433658801320204,0.4868074516456012,0.617807483491227,64.85067846971998,114.06863565630628,0.8999471132666981,0.98,0.034116222630150156,0.40298525072800007,0.5355564060717211,0.9658837773698499,64.13621626038184
industrial_organic_residues,hybrid_biorefinery,42.53148520988207,81.783731942454,8.952480934825793,23.11251796812804,18.019333557699156,5.770888633525852,618.4443527185642,19.7860581975309,45.454474634201425,0.20182329906698465,6.909523685385201,0.5899814853695378,0.7613853669560852,0.538305830454814,27.569942714775422,1.2012212766372925,0.9777530832458173,0.24662062355528494,0.5876492642855357,0.8789841401304803,-22.834109997106864,112.61813073810424,0.893714614466266,0.9401494859151166,0.06117991624415191,0.6307379480444334,0.6006495069439465,0.9388200837558481,75.45316143862513
industrial_organic_residues,hybrid_biorefinery,53.61129978742308,71.31702171825367,6.646037021136388,27.09768141233888,13.061734181916242,6.036471310430962,647.4861562857415,28.39578818935024,51.93281905668985,0.19669043837430766,7.475708453246966,0.3475855821065896,0.8015416780372389,0.6713316108737862,21.320892382909307,0.973373186078385,0.88726658178581,0.4307798817664028,0.6042188639873283,0.8260809672593071,25.62012811443567,113.59673740645795,0.8766062633923425,0.9585571716677799,0.10461074795640556,0.504882784118349,0.5838602474999005,0.8953892520435944,68.36917208919637
msw_organic_fraction,hybrid_biorefinery,54.344454077889694,70.27284582129157,19.05701540690038,21.190587519580596,13.061132467759169,21.807939967297244,504.9905411300575,19.400438928257053,36.94780684015478,0.09887472047169725,6.781151237818806,0.5637235627934014,0.9522934520302636,0.9361305301501448,46.36576457218428,1.0306828406853126,0.5620934711372605,0.36021116304199646,0.43585108280000373,0.2796844142479692,164.61788862483655,156.06815472707336,0.7414050759523924,0.8813542597019318,0.11993882953351555,0.14384963993548947,0.24011923046574607,0.8800611704664845,49.102513940136646
food_waste,incineration_energy_recovery,71.37786616424269,74.584658713636,5.0219056072715675,16.100648542171076,8.783693433244395,8.613612471272202,804.2150670436184,4.31639836133474,50.60334773403499,0.5077056641611828,5.912172042732022,0.2447358281847759,0.9292825844263304,0.7698167490018077,22.57479620294423,1.1602620511845738,0.7052286361342398,0.11094850643049928,0.8021388281050461,0.13985636300067614,313.0887779651061,81.12909018977015,0.33981828598213815,0.9022077774836618,0.06028283925344037,0.0,0.6037731883350427,0.9397171607465596,39.6223981445917
agricultural_residues,hybrid_biorefinery,37.697553255392066,64.20600786572079,10.076466562923798,40.00855116757052,17.572996710751816,0.5,687.2257414927559,12.411936601559818,24.927540015198094,0.3201172223090372,7.023733667389441,0.9228188734821977,0.7184845480794906,0.7855494809254686,51.57679449214,1.3361489088865073,0.8131223514672054,0.26437723670885643,0.3353246428279022,0.8811379078336589,9.370401683718296,129.80539123522723,0.8941566705855514,0.9698465926755939,0.055078779288510266,0.5470898657565759,0.5106640700643142,0.9449212207114898,70.64387745091138
industrial_organic_residues,hybrid_biorefinery,52.75871056804246,67.45343896158533,3.760521312861382,19.856353052349707,17.46150839408868,8.52969424733838,552.6822419994279,25.225177117185094,43.39022726719209,0.2071338468375955,7.458256677537278,0.28159341463237514,0.840962844998104,0.792440616289279,14.505718077307364,0.9264475846077327,0.449272813796097,0.4211485305546948,0.8809857283873631,0.7603038995459803,-9.012846638165213,105.85306677422369,0.9230660455360622,0.9506258516436847,0.10780727235583507,0.594838562696533,0.6101454538252541,0.8921927276441649,68.34807343076918
sewage_sludge,incineration_energy_recovery,77.88428506463504,54.867044049350916,22.27763347639646,6.0,7.702070034372477,10.17291535683807,564.6196741395092,12.389740848851613,50.469957134984384,0.5717891142024223,7.0390725982738065,0.18463425842004746,0.6459361292380023,0.6312746332457991,30.521671254230473,0.8670461249423362,0.6013927595047353,0.3687842566178484,0.7593866392328982,0.05,354.80366955644575,96.99189602784313,0.3134069929839618,0.8039066674804137,0.26174311597022987,0.0,0.5005163366955625,0.7382568840297701,31.707447218715224
food_waste,incineration_energy_recovery,71.62684206123927,75.84218221803978,9.831418537383843,9.5251659046339,9.387596748218856,5.259893689724469,880.5173502235259,1.3555724122823287,54.17855109352094,0.5625444342687972,7.2060043022871065,0.17884420162657652,0.773354104718324,0.6387397202426865,41.2899967949453,0.9607875453852045,1.0,0.6139687648232807,0.8067872150521339,0.11963458228881058,321.27575604209557,83.7900779581482,0.35918508406508837,0.8732317912254164,0.3375888638360924,0.0,0.5853191977974951,0.6624111361639076,33.335746248674944
msw_organic_fraction,pyrolysis,54.42575649756345,71.52000356813917,17.38903163675636,31.744465256156882,14.30178995003264,13.734841336909765,563.4716691246307,9.836907827059377,47.589126626100395,0.013234152971969462,6.061503023316757,0.6271322275038727,0.9568934224200218,0.8205554650207958,23.15205131070729,1.0657931248739971,0.881888409295877,0.3619580585993508,0.8705513345218151,0.25430297027492094,183.11175214922994,113.12493664260595,0.6516645224723951,0.8366241549038207,0.14179092892088316,0.09581363078122093,0.46055225007834605,0.8582090710791168,46.395055679420494
sewage_sludge,pyrolysis,82.24623807766795,57.51336045883987,27.721343601377306,13.471886365383915,7.067620931360717,14.106205441664867,425.06386926230834,3.5399215683417458,36.104623799246404,0.06331136913517299,7.011391159584893,0.5000087174118966,0.6222068510831424,0.761412501036572,22.021084712645518,0.9625587071595743,1.0,0.7630170452875047,0.5637353511124091,0.05,269.548898654309,90.21323140835472,0.5621910970794,0.7616385436674664,0.39108169448991825,0.0,0.5361935189033963,0.6089183055100817,38.729150518397915
industrial_organic_residues,hybrid_biorefinery,55.116277359495335,74.40976987957944,9.220100206238236,18.749288568116782,16.912882612587588,2.562927623483331,627.3557387128304,15.947911793116255,50.85345163336856,0.17320679126897406,6.712667875661374,0.243799220031586,0.4424690044405174,0.5780673098826661,54.57353261154064,1.094561351023532,0.713849723229763,0.365984301133209,0.6890553394851938,0.6686688037971279,67.6376932688392,119.77861063966455,0.9138272791094421,0.9082522452300015,0.09979559212477779,0.3957462512497683,0.5166933966266074,0.9002044078752223,63.65804037911393
agricultural_residues,pyrolysis,36.55230824063092,59.3939636196356,12.296984331741296,40.54137700851953,17.974230718356303,6.498554190943812,646.5569245128826,9.668664072585461,63.5982557584358,0.1742442028960827,6.564734510155897,0.08982828785357584,0.49385316478184643,0.5450212764369846,26.87197610831571,0.845845870644816,0.4517865036500105,0.3911722121709786,0.4226460520690324,0.4662999580744397,134.45621893058672,91.82844519668511,0.5473578967089375,0.7681269707243144,0.17270672329828396,0.22219163914133322,0.6192783844780341,0.827293276701716,52.134969848398896
food_waste,hybrid_biorefinery,63.056580111723065,74.67212143620175,6.867190938912758,17.005850555261333,9.523873697610878,6.358623844847823,585.6503513882856,25.377659613342637,43.61364103375075,0.13640815279722562,6.900243110270575,0.6096214882625599,0.9666672325757147,0.8974300434479944,13.7258724210608,1.005629967912584,0.7483968101824748,0.4692010432851002,0.7837907984565831,0.5750392166611367,29.174094557505494,110.51790418127791,0.9402070517612159,0.98,0.10047043283129921,0.4956517024480377,0.5448354477639874,0.8995295671687008,70.376299528454
msw_organic_fraction,gasification,47.49796002164493,66.71323473307295,13.74721539449191,18.057856381061455,11.336407761725786,7.383693811114156,389.0262950311708,1.0,39.78424043029848,0.34428795195961803,6.821252151038264,0.43651646815067974,0.7060244852360507,0.7420307049298265,9.488480340203601,0.9979814189469175,0.6908489195187913,0.24384880158366218,0.49015304690983,0.21013102029518663,203.62384497366972,84.09715115850356,0.43577372250171287,0.8181623856437894,0.11285992595470071,0.04253546760085787,0.6036122394201854,0.8871400740452993,39.07967653193733
sewage_sludge,hybrid_biorefinery,83.27023033016226,56.162110860505926,18.11564391345379,6.173242679358586,4.1914928403568394,9.704116404704479,871.0475882282485,23.894019134601365,48.212338780210416,0.14278845179042116,7.074202290330333,0.5463208769142929,0.8121385179102759,0.7749869622323052,7.691994951407591,1.0776854291927156,0.6719612782572986,0.668125840309555,0.8435394984293335,0.32253288444770567,117.58105644784261,111.91970566921263,0.9266617299275455,0.9004909041719583,0.18159597813674658,0.26602323000560363,0.48190615210895504,0.8184040218632535,55.07718778808516
industrial_organic_residues,hybrid_biorefinery,53.49030746194068,72.26835189569522,11.02247397902575,22.407858350824114,12.607391563947544,2.7363241812857897,626.5115993048548,21.8940450902711,44.85449894568736,0.29882809537759375,7.04978127308777,0.5563609747262377,0.6910451670880855,0.6096382545937615,22.244212910189383,1.1638870210238668,0.7424345573567253,0.6947404589279381,0.6004718702766018,0.6628802621009675,43.47176429767842,102.01956642229227,0.9154725762782489,0.9592564871661815,0.1619863597341105,0.458514897928108,0.6088885712290957,0.8380136402658895,67.73410250893222
msw_organic_fraction,pyrolysis,57.40079424288019,51.440835839857336,16.2369311318601,22.86421526516844,14.054879209247623,8.272799802968485,870.4466631042608,8.283599575225477,41.66364943517059,0.05067919364282761,6.576605476492511,0.5162499584130866,0.8595876110123338,0.8624361208936009,28.531820983874397,1.0687909920326235,0.7857848007614827,0.2810654734771974,0.5834318354308639,0.2509826319734294,187.35759364177943,100.6246491020673,0.6092483569099836,0.8808801307994427,0.10152914875852677,0.08478547106031317,0.5256127627074845,0.8984708512414732,43.5494857904041
food_waste,incineration_energy_recovery,71.92297699320906,80.01139208083328,11.774944528095858,17.02536169962535,10.264409302902793,3.087410722682634,447.4428996621616,1.0,56.50787820883214,0.6338062495026139,6.499585315702044,0.6991799539396019,0.6881053647343386,0.5590712840325327,18.331654060414024,0.8555787138324928,1.0,0.44885771669909713,0.8781308716042489,0.13999225191548298,287.60329206556787,89.89413383746334,0.43385523915745194,0.886958818068675,0.2422073032523873,0.0,0.5576712752242307,0.7577926967476127,37.99563617226251
industrial_organic_residues,anaerobic_digestion,53.575168319734175,79.82819974670785,16.3650482308759,19.383932712205272,16.381648910536036,4.293428305146063,43.16651712473493,27.13915090346719,3.0,0.2081941077100302,6.8502000482697625,0.2618810149491033,0.6215676029618834,0.6808602384056366,40.36649287021345,1.1875911195081423,1.0,0.5685020081836658,0.5671531113844922,0.6245948860408419,92.84500262330276,74.16230720631009,0.7926847609060289,0.905957848037866,0.17233510624571485,0.33027272045895384,0.7470829422641952,0.8276648937542852,63.67900288563566
sewage_sludge,hybrid_biorefinery,81.23754694296127,55.87448007409967,21.997403588561788,13.428561993542335,6.46033431561565,7.127430839728547,446.6840820305704,29.824347787010872,31.043750104739434,0.29308193063280813,7.065183238757023,0.7848180418165434,0.6287211784251178,0.6864388346751567,15.625171764835434,1.0186222198409602,0.7092633517067151,0.48950284344479417,0.5733040318571984,0.45373102574066315,97.05102543370405,110.959778675066,0.8962194354315232,0.9001556186283136,0.13995755174454808,0.319347985886483,0.5158219905310196,0.860042448255452,60.204619631345665
food_waste,hybrid_biorefinery,64.51191268030881,74.13575741377008,6.413792306320715,13.738310577235591,9.919375041131,1.2699494149831265,842.8510220911796,25.258333283890718,35.46754841009786,0.058169565838445014,6.945794977822805,0.14119407901524555,0.7836244609669089,0.711626354047548,49.172198065093724,1.0585050803914018,0.637704958328372,0.8678800158568606,0.22795966763193015,0.5133249266421909,76.44857755981604,117.68407667933307,0.7993957973243203,0.9753449938231598,0.17799263664232606,0.3728608375069713,0.4935416066016342,0.8220073633576739,59.39366766584235
sewage_sludge,pyrolysis,76.31492393783205,53.05669048941732,24.06823547148178,12.632085212364283,5.8354028297097695,11.396901056324717,772.3296238327548,3.9944206075800084,41.90320469938429,0.20337774547015258,7.362421697184796,0.0708513286419294,0.4015143674133599,0.6250030543843269,28.80485662194768,0.947167348557588,0.3487343989267358,0.6449762479513756,0.4187411872596199,0.05,244.17827946426402,94.179843138933,0.5105750957119863,0.7308976393487266,0.35211102942232564,0.0,0.5153166150582474,0.6478889705776744,32.25695774800178
agricultural_residues,hybrid_biorefinery,32.74812202517014,65.69100612084496,12.896163391030218,35.22368514078599,16.741792353831578,4.271373827981718,665.5685450617502,28.24379670205714,12.244945246396817,0.2372688601174745,6.959822510567323,0.2971236410846096,0.8313617063308474,0.7165656306133374,14.818153679724997,1.2439441988514486,0.9090213213737537,0.6755503083152603,0.5665497117486672,0.9357191578333839,0.982716003961059,105.30134147027955,0.8755077024280635,0.962109888904584,0.15034424240501407,0.5688760623273739,0.6516406280376625,0.8496557575949859,72.09965909750817
industrial_organic_residues,hybrid_biorefinery,42.01244143116832,81.2766425428375,7.605436459317351,26.678337968766154,19.4411562151108,2.230880782697536,708.098471612775,21.430249122339358,50.3669117977405,0.13667187515789925,6.282187558255012,0.16570258953375008,0.9042709747270288,0.9025979958477917,48.93311988990774,1.142116112149044,0.8442904072904168,0.21767519999001397,0.6670606638951544,0.8033930386571992,9.967665636142955,116.36012196015751,0.9044052076576058,0.98,0.042160986667484496,0.5455385308152131,0.5643247739774391,0.9578390133325155,74.28853224952883
sewage_sludge,pyrolysis,82.26037294469283,52.69818202493048,20.139133883215045,10.513528084108003,7.145564573688009,9.5852329453968,666.5488304564514,5.760957932759811,31.7443349790217,0.04749103410785762,7.034816650599767,0.2783529026180493,0.9321280259129723,0.7666643260068029,20.763955579589005,1.0528360213032364,0.6668053842655881,0.355840351699198,0.8007585425104928,0.05,225.6198986006986,93.51748917081724,0.6353612372192895,0.8405755166539194,0.12612656263766145,0.0,0.5188026885746461,0.8738734373623386,43.594322291700585
food_waste,hybrid_biorefinery,65.18783358200596,74.27231114274775,4.113896952774015,14.611343346202379,10.145338775972142,2.310467289698124,682.0559350185213,19.9574836018502,35.85651725085276,0.29956053841218105,7.138438248451219,0.3366207433152782,0.6827257399223549,0.6677850478116572,7.9488473583401245,0.7188456382151823,0.642794201633638,0.3343153616910159,0.23455448343414198,0.6235207422040094,15.16011111206507,91.77588602765792,0.8093950092958708,0.94823709369478,0.07708935600435482,0.5320516594491816,0.6541435841919457,0.9229106439956452,65.99149193917789
sewage_sludge,incineration_energy_recovery,84.98364817072026,56.67280075890429,23.33856298772899,12.62383875675838,5.532421417005729,11.775739130986306,638.380583363261,5.340041750452343,49.59502453899917,0.4838569832567426,7.463736980409378,0.505923086668605,0.9614257573269521,0.9191082596237036,55.337054835272895,0.8427343696975418,0.686201166672736,0.2315673885893628,0.5364221632220585,0.05,412.46212109813547,118.50226164341929,0.27214921382209883,0.8897837135749253,0.13477189688082933,0.0,0.38730388608726696,0.8652281031191706,38.02727961241938
sewage_sludge,hybrid_biorefinery,76.76898645443305,57.651380725584545,24.500310339947404,11.748572686708393,7.364285315558267,13.745226205350443,554.4248311179156,22.635631371293957,39.57094148927,0.09782911586492546,6.441276996397937,0.6801647068028255,0.5945431754443877,0.633111600578699,26.67730734582227,0.8702508095761582,0.7435523674628642,0.26902699121035384,0.5624929656313061,0.15478682054999285,195.32302775704267,116.20763622978477,0.8388198345145995,0.8316788062087264,0.09630047111717788,0.06409603179988918,0.4224339624694996,0.9036995288828221,44.61941642658125
industrial_organic_residues,hybrid_biorefinery,47.75172545644985,66.0709829966635,6.552503555871823,24.374932041262092,13.883612496056301,5.313874299998012,641.518136621635,20.937118221534814,24.004106214850616,0.08683739876466684,6.692663292288055,0.2983476823270054,0.7279983278544593,0.7084604394955971,20.432633545991038,1.0462372772408373,0.951868571795453,0.3092244782861242,0.4942787882669153,0.6439147757890749,-0.3286883080356944,117.56525627143061,0.8502403915529031,0.9603367165044004,0.07736538833714653,0.5722823072935992,0.5228967439818564,0.9226346116628534,69.83933436010275
msw_organic_fraction,gasification,66.04511352858111,71.33659839691992,23.358363843774335,23.472158107302107,13.914994322994987,10.558855702913974,762.5193436736454,1.0,29.695172399199457,0.23962893107588412,6.778925655931959,0.5830855468671653,0.5979078181137045,0.7300553235311256,32.82622473055869,1.0166626522086237,0.5580559267468993,0.2996324487192749,0.4797969214088833,0.26184351700247055,277.5056845425023,115.26167480298626,0.42268408418119624,0.7876808861315601,0.16538956621647843,0.0,0.4509651800406158,0.8346104337835216,39.135500323125235
food_waste,hybrid_biorefinery,80.42878691576259,66.62760405464545,11.528738037669857,18.47885681261222,9.965065383261546,0.5,564.4795745859561,16.019312922591222,28.11738804219648,0.23816338346665097,6.943891247653503,0.36956249094003873,0.7938950375488585,0.7486802979143738,21.981604122375693,0.9652146771850081,0.7423706955539031,0.4776535879987525,0.6799069875941869,0.35385746797876694,79.34123438984001,103.28040067366743,0.9360417461737498,0.98,0.09404365459013823,0.3653474431432727,0.5342675867781317,0.9059563454098618,58.66399411051004
food_waste,hybrid_biorefinery,78.0680058318024,77.39856417560989,5.612892062841442,15.887426560955948,12.59284015475453,8.186604450584205,745.9698000595273,24.371625181172725,33.14334771308455,0.16863998183118029,7.002146229355649,0.29652002679229,0.8730769999676756,0.8917821386098108,25.789986446701178,0.9811752289121083,0.38752889654240935,0.6435248490561913,0.651096926708905,0.49448847672152035,72.99330119194846,112.49315633334336,0.8691896026665201,0.9595140860396236,0.15872506228796948,0.38183558131961437,0.5167182210190325,0.8412749377120305,59.71503994870099
mixed_biomass_stream,pyrolysis,52.81680845194196,55.14302206353213,18.192814925524175,30.823934555796637,14.871018246642842,5.114117614432258,585.8604987138295,6.664053058847074,33.29591932667894,0.028081700404614433,6.6221607077319184,0.41056113132852323,0.8851077454885186,0.8322808850970494,19.678431051366044,1.0758983085165932,0.8244381106881462,0.31778974731175197,0.4954258692314646,0.29799655557083765,190.5127377573745,81.31375920227049,0.6009025345131221,0.8976953593338888,0.10087686905954435,0.076590291539287,0.6375920885294238,0.8991231309404557,47.91751460826547
agricultural_residues,hybrid_biorefinery,30.908621198065944,62.32277070126275,12.946057379808765,46.82399026838154,16.54996278393517,3.461649160324254,717.6199821328014,34.0898631580218,49.69354973092255,0.17997131136829395,7.095520804246417,0.5812054079297652,0.3579998082669846,0.5634202592745943,29.795352357744953,0.9522359945882287,0.8462633220377891,0.3058666113965167,0.6219306821166024,0.9996446523160771,10.623140770376626,103.78469051370642,0.9177475590412619,0.8470030288893751,0.09082054673639799,0.5438359979990217,0.6736866102795032,0.909179453263602,77.11292157470362
food_waste,anaerobic_digestion,68.64146887102332,79.04616730574838,6.120681467126259,24.62379082369105,11.144579287775443,4.68146623753573,27.81926541587702,16.387232756290597,7.038181472192677,0.17820269934267524,7.478932988412905,0.02,0.5002832022760976,0.5676783466078972,19.102995439575796,0.8843791835603457,1.0,0.27311809129908987,0.5773619840528339,0.05,151.15411927944876,57.190994401892,0.7731702323504585,0.884097677649986,0.09092475101775817,0.17882046940402918,0.7099947663058316,0.9090752489822418,51.69751895798945
agricultural_residues,gasification,27.382109000468475,72.22932343692312,14.387135474813975,49.589027700207005,19.87729496584675,3.049747783026599,752.3404726072495,1.0,64.28548099543362,0.2033493153768967,7.238948338367124,0.33927698813165386,0.9306715055840182,0.882695919101635,34.21563400817227,1.1472164157520441,0.680472241456502,0.6131713234576819,0.7252462653791812,0.7488208825122685,122.69001178612237,106.66237783652699,0.5171054909141415,0.8601334404798926,0.2032762559092732,0.2527532161399419,0.603359658170978,0.7967237440907268,52.38671241606421
food_waste,hybrid_biorefinery,81.34615420341467,75.3750495989313,10.234293946254544,20.476537623588477,9.465963142930736,0.5,602.794552704135,21.705206683009106,38.251144926444,0.1578452831637156,7.212861344646584,0.276336263659194,0.6103876906037351,0.6760066208227629,25.73429876267614,0.9630266287335499,0.4140778016242359,0.3460637847061928,0.32514287947978043,0.5685410669555819,73.64441381197686,109.70653358631876,0.8398926209626807,0.9667141028460727,0.0777754645796583,0.38014437970915105,0.5476762263811819,0.9222245354203417,62.313934332073316
food_waste,hybrid_biorefinery,73.00382114896311,69.21051476627959,6.561610852074809,20.158986951274755,7.360141593193637,1.6612418583290895,771.1673489463097,24.117240805655154,54.21599404388884,0.08945144942968367,7.173702684661698,0.7745014092400778,0.9368828288562818,0.8925119807266981,36.52881410794239,0.7900535497248279,0.7735509164416887,0.3154452855016222,0.4963192716870406,0.5455457071872905,63.79486303171193,115.90411113707074,0.9144112376526627,0.98,0.05805009321126904,0.4057276284890599,0.5099984180176736,0.9419499067887309,67.60816415574618
sewage_sludge,incineration_energy_recovery,81.8243408588839,59.64505568401486,15.44806903366064,14.597101414128176,9.037640331200414,8.386893348127916,572.403386430658,3.809620419987016,38.45258495230265,0.6875009468130148,7.092249103554289,0.39925841637639814,0.8535944396955013,0.8225548026988496,17.398789914364976,0.7548118690694628,0.677859115896197,0.5064705987080629,0.6724222213487511,0.06486490561029293,365.29864496475807,90.98710412432192,0.32133797521040425,0.8939537453984507,0.29098051634170463,0.0,0.5353907838430966,0.7090194836582954,31.322067997606226
agricultural_residues,pyrolysis,29.273209218230242,64.7629911141359,9.447968319115994,49.77638450518788,16.827372667259983,1.193988965732827,718.9463938814255,1.0,33.7803493438749,0.08044055208813283,6.8109776282242755,0.2619016739602426,0.6882932442805353,0.6130932938795,66.71554423793893,0.9139577556892935,0.5671533638646697,0.5096977088769638,0.4604666734575793,0.48746105408971213,170.8873153545653,108.85978966415348,0.6077108795210844,0.8260743084227983,0.16148581619664187,0.1275654146634668,0.5342951705094552,0.8385141838033581,47.09204350601508
sewage_sludge,pyrolysis,79.46958297509313,52.29912273591911,20.23204515827998,6.138069546810271,5.915691219368794,9.295703312324358,563.7861616855515,1.0,54.47274580905671,0.07032865362070032,7.068803837961009,0.734975413475677,0.6580196237446188,0.46100224258254907,13.713985170853693,0.9847659701642596,0.7818824710475143,0.48009096562094705,0.7347438674783247,0.08195771818279077,225.3217299385498,96.88707032674729,0.6574140767613649,0.7544729338516502,0.2085208267055604,0.0,0.5080987489120703,0.7914791732944396,37.872240326341284
industrial_organic_residues,hybrid_biorefinery,64.77077922931657,75.87572051433581,8.298462389728783,20.740590804908773,13.783436097139258,9.573113762018814,782.6583897891346,31.581437192268247,41.011554648581054,0.21276060267930108,7.598146383562026,0.5857966444233871,0.7861406341475584,0.6797476543936445,7.9818914346677365,0.9314916064090432,0.5920655333630689,0.14611598888067856,0.6886345505658026,0.7958761795420005,24.851303021423867,107.80539593530746,0.89201057286119,0.9233213103630316,0.04035675616250213,0.5068797324118861,0.6076959387870956,0.9596432438374979,71.31819724110449
agricultural_residues,gasification,28.028797583561435,65.28515653598438,13.72316235700838,45.18525433787851,14.829684825884154,8.17254848919533,723.7302520217019,9.723022402408137,42.948656649665644,0.16541648318165836,6.336582587860022,0.8737542459948902,0.43923679650918107,0.4215833177721411,46.8312971969961,0.7822022787886335,0.6610524940786291,0.5468794844234879,0.835920131599557,0.5086871643988202,173.31955267952273,120.04342423610599,0.5516725331551131,0.7008085286381456,0.30983940284354483,0.12124791511812279,0.4801036801882352,0.6901605971564552,46.276785422564934
food_waste,anaerobic_digestion,75.29251102061315,76.12019619945343,11.183615679297183,17.244039166816776,10.949500145492502,0.5,44.20642055246956,18.4340284671661,3.0,0.12481789524243095,7.027666230992245,0.19400429071667044,0.25,0.3153520630450166,13.137007881382228,0.9190613028385993,0.7319569259189271,0.5336918531457797,0.6818949747465386,0.5916991609994232,50.50977220000161,58.7598148460801,0.8424940869439684,0.8312988248519938,0.17399688642185282,0.44023435792207377,0.8209116320194516,0.8260031135781472,63.308878170216744
mixed_biomass_stream,incineration_energy_recovery,41.5398282139897,61.33862660911021,13.523832327550574,38.2544967470261,14.91933715347341,4.492384130502017,620.2551150495182,7.7627085599900765,57.17605507070714,0.5579668398856508,6.578154805629863,0.8589568287900204,0.8271024800457688,0.7134615577717245,16.345885537026597,0.8280173392962725,0.4870324114760479,0.2437260431074669,0.8054464524224484,0.49375961084325054,227.99417009922465,83.9193035374443,0.41863147049529964,0.9017418532506314,0.12499110096375225,0.0,0.6669465694515977,0.8750088990362478,47.27646213366442
industrial_organic_residues,hybrid_biorefinery,50.97200331922478,62.54537979928432,8.580536749358451,12.960793769096162,13.987966646042047,5.461043626320349,346.6839251499752,23.89623941669011,52.41727379018913,0.16646138929569856,6.615059353541508,0.5793904396047244,0.6868265876920463,0.6558645432300567,15.182726141136309,0.820065802605516,0.764154542609095,0.11721639625632611,0.6969680595472192,0.6379204079580719,30.495717774710638,107.08008625349589,0.9223659446709402,0.9182509891982115,0.030372343663170657,0.49221891487088143,0.5767630884165869,0.9696276563368293,67.6014719253994
msw_organic_fraction,pyrolysis,53.838168596007215,68.83096456269796,8.454883205289851,32.71678414167309,14.24764111700929,11.296746317877545,683.0802680517016,8.805525298324916,45.40078666243133,0.14640533951944495,7.097788278299451,0.4881120811046128,0.8626206235072709,0.7701487874902913,30.37896386816943,0.6632153663362275,0.7517285306971292,0.47945503009962637,0.21560084679353367,0.24612018979592765,154.790105476761,97.08915924136237,0.49387195396160954,0.8330697354878923,0.18974394410334225,0.1693763494110104,0.5431508668005653,0.8102560558966577,44.54714938184952
mixed_biomass_stream,hybrid_biorefinery,42.742661717082015,58.15351393996183,14.690216628686603,38.79664603929952,15.46889077863905,5.675215137058544,698.7762824192359,25.040708127774014,42.71668955097178,0.2515081133224616,6.348799255574299,0.7583321122694026,0.6285492295448418,0.7714425410545231,27.97190839925323,0.9765025518999,0.5771179604210118,0.35929271762196674,0.8327861674148131,0.6005488700975127,41.82709256550041,118.8695047347536,0.9691366048758456,0.9155332200484552,0.09770433861726543,0.4627867725571418,0.5064917791332759,0.9022956613827345,66.96184092565346
sewage_sludge,pyrolysis,85.35738626595841,52.33095637089853,27.388663815166638,16.747419779751393,5.391300264177211,4.172559390803379,718.3753273478225,1.7496461079286831,37.31952331112225,0.09560234796857041,7.0517836014779585,0.9132765249231679,0.6694271434566983,0.7994493799084579,30.163338510191362,0.8998587674667329,0.47999755441139236,0.28315973807853756,0.5338782978894754,0.05,243.08699033388163,99.39224822891516,0.6573237807305986,0.8610358490659534,0.10234869741109709,0.0,0.4878829040583412,0.8976513025889029,39.00439633363361
sewage_sludge,hybrid_biorefinery,81.5066757798442,49.99397503168887,17.724522371138914,6.0,6.4128073912672905,8.099851152010459,575.0935018471474,27.389001564730346,49.613881278771444,0.01,7.188210147195418,0.4785531693913922,0.7012335634357583,0.7791058904132138,10.250714208425434,0.9135728697688495,0.7858106565456298,0.5212507513261275,0.49562773576753866,0.39729912093621333,86.32211693315422,109.84007464569196,0.8454922294291228,0.8956002088790912,0.14629293498993648,0.34721528069310587,0.5093001505760093,0.8537070650100635,58.948814947188566
msw_organic_fraction,incineration_energy_recovery,54.6739425440869,55.01426732707998,17.285998285151816,21.3889895406969,12.947607737422642,9.47355184285005,657.0117682438046,10.136127551987503,44.66639640568968,0.43455942242687073,6.931504502994745,0.3107092547062982,0.674550143786248,0.7594092033548477,36.08656268058534,0.9619237991589561,0.4327640151797428,0.04517405102389969,0.5962797380708268,0.20962046227147513,328.0611888283616,88.31734562142667,0.2876118119942602,0.8666470944837749,0.03075449066494339,0.0,0.5812883668501104,0.9692455093350566,45.914739568850564
industrial_organic_residues,gasification,50.88012820664443,66.79098808590008,10.872658910312149,12.892973156354449,14.262414559880684,12.030679611846406,487.7120124758729,1.0,67.24327171797124,0.2578034390684568,6.4872046244036,0.25521959596239324,0.8522526526011468,0.853983121812296,33.595164677055394,0.9753029416193422,0.7039899797598826,0.45979155123013926,0.4582932369496302,0.2989886798051814,247.79588466572153,111.19859006834376,0.3807761196314742,0.8037855638116509,0.2199319105018639,0.0,0.48052177235533067,0.7800680894981361,36.426642191071785
food_waste,incineration_energy_recovery,84.78542529636306,74.15761556593432,7.573687584903066,29.864635194034285,8.927720149668229,1.6176721327435466,603.1596147082677,1.7144309144022234,60.24661387245669,0.4328387082200181,7.008079327039617,0.49533797098546456,0.7578715049370911,0.787635313951949,40.451106220227885,0.8326840952006161,0.7014292977296555,0.1399241773082486,0.583104289336987,0.053753598141792494,341.895930999498,101.33079995396068,0.35407940508387914,0.9427963602776148,0.06762788897138508,0.0,0.4785057918335066,0.932372111028615,42.313941904458886
food_waste,anaerobic_digestion,69.377847440225,79.66266070792103,12.792951202338841,23.633227426089096,12.420684727359156,2.2047693997625624,35.53828464649687,21.924221982908946,3.0,0.2176881558910606,7.386302595132335,0.3908826143284528,0.7338132206565828,0.7714433817132686,13.043617355281157,0.8830981459416137,0.8758916881706855,0.1090150351431112,0.6440224304854043,0.6062961169056125,54.521281824422665,58.38453757727724,0.8368428309692894,0.9612138006606351,0.02814287473604795,0.429814852404097,0.8260981058388281,0.9718571252639521,69.87263952618407
sewage_sludge,pyrolysis,79.21695501046533,55.64747069357017,15.648223464819452,10.461434016587498,4.493569927203916,6.780207521862579,688.8828086152573,2.362655044628027,53.43542300862602,0.10433358088054223,6.045374122616742,0.7164193336822988,0.3145503583178128,0.3724474862148124,40.60473150717675,0.7190401397181102,0.8463820997196905,0.6028630111130552,0.5804200751384295,0.05,238.3830246793521,107.77844382201522,0.6349571128261532,0.7207092056810475,0.29892913301912116,0.0,0.4437450325157094,0.7010708669808788,37.206780423879685
food_waste,hybrid_biorefinery,71.88261137126287,77.22003629493182,8.262534247509684,25.013023819687135,9.942467162929473,6.959640658075562,540.5005899056148,21.596334700080256,37.62357098981087,0.20755767320633178,6.735257279041261,0.09976939462910801,0.9626844699981969,0.881812404791424,13.047384731859418,0.7472228118954054,0.6618901174476757,0.3696179049947368,0.4960738382214056,0.4855261946214271,72.38455225875859,103.85471086914232,0.8232825265191511,0.98,0.08108116025613686,0.3834167473798478,0.5602120214001755,0.9189188397438631,62.67812083205939
industrial_organic_residues,gasification,62.360263395172154,73.80594772097993,7.287111658427413,21.404143316566945,15.483746566356986,4.988220829518626,537.5418156057433,1.0,42.500566184534584,0.382819658905318,6.614083138097014,0.6471593897150195,0.42778773929824304,0.48941570892030006,14.650402786675253,0.8048881032900722,0.6038929205336371,0.477004780911954,0.40973288175598155,0.3221432190146919,174.96386128421997,89.57039785437898,0.44928842580956657,0.7733863579242203,0.2438734779882644,0.11697698367735072,0.5994483615812375,0.7561265220117356,42.59256679138697
sewage_sludge,pyrolysis,88.0,54.968125083529614,25.948888875266544,7.858370524505419,4.420311382031006,7.0740446154355885,635.6086176256287,16.92433669724266,44.9948024249006,0.01,7.137626818842001,0.20192817923059977,0.8082739842448557,0.7390562267633738,17.602555219689126,0.8196164896741036,0.8706765941909451,0.4190578187517826,0.6548177816715529,0.05,236.63220798557688,93.99255918557304,0.610340387448287,0.8311735918109268,0.15154184587706,0.0,0.5163023200759314,0.84845815412294,40.76766792774088
msw_organic_fraction,pyrolysis,55.85829940187024,61.16296808338565,8.444167849410276,25.96400862866612,15.833529192530731,12.9599562829905,950.0,3.2339109717573384,47.657378583957815,0.07270386956751178,6.821116465768233,0.6510691209848609,0.9852751670372302,0.9061155468994291,69.1981756370264,0.636145563788505,0.6389313484641067,0.41137065435835013,0.4607617261716911,0.3214540323048926,203.14322393592656,130.51314593374303,0.5565562672407781,0.8712270650493048,0.1537544299126698,0.04378383393265829,0.3838085927189551,0.8462455700873301,42.89834563932566
sewage_sludge,incineration_energy_recovery,70.90404827271293,51.53044197646565,27.32008109132815,7.102540749439038,7.773487353312901,6.4774922910841495,673.0124065731515,1.0,22.178951753218037,0.5191307658987047,6.954640637225505,0.6846967724466905,0.8364146549003774,0.8642752292189697,15.422376168638973,0.7249911565614106,0.7344568523853305,0.1950681888163078,0.389466340804367,0.15378434377838257,346.4070142127668,98.88398188668133,0.286799880959238,0.8923330335430715,0.10660345423066746,0.0,0.5133905457013425,0.8933965457693326,42.416790347934686
sewage_sludge,hybrid_biorefinery,81.87720080801364,51.14552576862195,19.241680340567548,6.0,9.33758959446356,9.462147970332648,493.6945589920341,17.73692586955746,20.69858121819104,0.26337423210064936,7.165850194830225,0.3902192237759366,0.9162011044713129,0.7251872558689816,24.486337838126996,0.7552420475335739,0.6517281811301664,0.39210697593375204,0.6747573859113041,0.36176081152384043,100.19957454835793,122.71356208854058,0.8736718485875725,0.9131655910983368,0.09716601317737096,0.31116993623803135,0.4337265254376629,0.902833986822629,52.38601330589193
industrial_organic_residues,anaerobic_digestion,49.97658954197697,73.83571820074783,14.17154847968866,17.02506333850108,11.168464565641509,12.201555246102325,41.02329152033098,20.773628069588533,8.688298641812532,0.25364951638925143,7.104757004871456,0.6918429471237975,0.5256909536774625,0.5252650264507339,12.46588600970349,0.9699302712295546,0.590533088091234,0.3532021504781778,0.4790724013757858,0.5154677484470379,105.70835559382587,79.30695951853147,0.749704649391134,0.8043399218754089,0.14771951577069065,0.2968614140420107,0.6959978545608143,0.8522804842293094,57.345412172700364
food_waste,anaerobic_digestion,67.09347658652028,84.50901925340575,7.128242481210243,18.366889631295912,12.11448873812517,2.9746663692713335,39.184875024406814,12.043824031711274,3.0,0.17820911525641508,7.216313488233666,0.8517732349639052,0.6851195451039912,0.6697108885418206,66.89672738693712,0.6795482964639384,0.5005097326180014,0.7617939455917253,0.5007857491234071,0.49033731291150895,137.4519868874885,97.5833606831506,0.8325156314930648,0.9229072180803078,0.21006662415240177,0.21441042366886107,0.5942775736660552,0.7899333758475983,55.51904107711763
agricultural_residues,hybrid_biorefinery,28.100249821680443,58.20993876009707,8.185759258409014,32.922000395931605,15.596130491541897,4.097312391324142,950.0,23.971167162815203,48.99305970447773,0.1267646452920358,6.783059994955785,0.9362116179127802,0.4266957242418937,0.4092417205739864,21.27862855441336,0.6258907223868312,1.0,0.5567967229974747,0.26481080718699757,0.8541865494112844,-9.264039104672474,121.17270617310889,0.8524184444905027,0.8707044050214193,0.1626624713114351,0.5954910106614869,0.5501699557488569,0.8373375286885649,70.25380069779517
food_waste,incineration_energy_recovery,64.73296473835423,81.51896913870065,11.339366756478073,14.07133232756205,9.505548642454063,5.3736580257522375,693.4841715576944,1.0,56.926370521551746,0.5900301609049999,7.267768569700151,0.46957765816368796,0.6904640143055931,0.6473774139851075,35.09665124880904,0.4286587934856518,0.8452610611494908,0.12911550179493747,0.7190538089405027,0.1414014032610801,293.68167309540473,85.53863559666347,0.3597140587079551,0.8713748244401439,0.07576937819113438,0.0,0.5809049634718405,0.9242306218088656,37.76441716639399
food_waste,anaerobic_digestion,59.3212556737745,82.98149195310606,8.839296010314113,19.76385183012243,11.022804851963542,5.492105549358234,39.202921691727724,23.493047867750978,17.159548677985928,0.24845170274963102,7.634153641046421,0.5901349213673565,0.7389706865494189,0.7784017174326183,20.452877974212917,0.5213727710435033,0.7944335736258366,0.34942555425907595,0.3732199654596769,0.763418395669465,42.23987709091014,77.81036247728478,0.7620710462288001,0.9268322839459352,0.10182111772594074,0.46171460495867495,0.7584238234826256,0.8981788822740593,67.38501880928425
mixed_biomass_stream,gasification,48.324303316278574,57.10271809226355,14.584054970584244,29.88313389275478,16.23891663945164,8.968211981296072,622.0270350251039,12.290144230585772,41.070929860605844,0.22628932862016077,6.6593183826543605,0.5436661886854852,0.4735562565497512,0.5697510077595312,4.934433210149116,0.786320630496449,0.9923622040899182,0.26996024615854664,0.47325073270187507,0.3493950919371269,208.38084617076692,90.38634190119431,0.4290284944012351,0.754488081319253,0.15365543494413372,0.03017962033567035,0.6011493312725137,0.8463445650558663,39.93770786794068
sewage_sludge,incineration_energy_recovery,83.56919585348106,48.41294160065776,26.332396504116424,6.0,6.146247954543448,5.920073204882755,334.88726694828927,1.8970631222123195,54.50726887979198,0.47758237892451594,6.580127249134372,0.4018171347110991,0.46970780835710474,0.6226756836372977,34.75499991139517,0.5576664993115187,0.3387029227694491,0.2585229375094893,0.6884718282411914,0.05,347.07571032326456,92.58521602649321,0.34282281540300646,0.8087869888981775,0.1790673885528863,0.0,0.5237093893342463,0.8209326114471137,36.309745426413656
industrial_organic_residues,hybrid_biorefinery,47.6694819310573,71.43886808743656,6.160253880970504,16.969855393513843,15.852541917301064,8.771850116876063,536.1665885116604,24.982044056143003,47.59613313275861,0.2454858354368155,7.907921751682605,0.48165995056323374,0.5840070042016826,0.5896345826693018,62.22025212298131,0.6655381771843935,0.8122777540672806,0.1033295245966335,0.7147395101467598,0.9477804033233541,36.97951535500866,141.48468838127494,0.8958147227636162,0.8780507623146686,0.03213712166834501,0.4753778821947827,0.4638554340928488,0.967862878331655,68.71743117254022
food_waste,incineration_energy_recovery,57.12282701179113,74.5245755374767,11.749273398583576,22.84100588405509,8.30382949616616,5.74869736193927,518.7642101450153,2.1084312573162602,54.191522557794194,0.4817401810528569,7.2994264087606835,0.33530417019294634,0.9286223373045341,0.8232432526658828,23.127572253472565,0.6175467912738067,0.6917198983987186,0.17588123328034758,0.7721347887881436,0.15503420178150873,282.1580438158267,88.28824491712801,0.35961714927889676,0.9477492675765962,0.08681334764382699,0.0,0.5694325511438897,0.913186652356173,38.309323659467815
industrial_organic_residues,hybrid_biorefinery,50.24612177001214,70.77828738836274,6.570315589731326,26.04532631731677,15.470764026251773,8.78037485281179,759.8862438030957,21.755956240438344,42.8982181929938,0.16005823912136358,7.270850882594883,0.5420722235703034,0.6399266131841138,0.7343104095400792,43.047907924789726,0.5113243463328893,0.6469922350120111,0.5879364496565451,0.25740312615953587,0.7867665356375875,53.65678342490313,133.5617452233599,0.7862539354558257,0.9203060885430807,0.1761199030680941,0.43206030279245944,0.47013208403311185,0.8238800969319059,63.672746199905696
msw_organic_fraction,gasification,51.402139944656895,59.90463844593385,10.547479836899669,27.011911392132177,12.251989703567133,18.58648871467811,595.6830741522547,10.232008483939543,58.73237776443606,0.2527791915456492,6.5421427952992826,0.17590130048840774,0.7979983626316315,0.7187776999068993,19.90082113842146,0.6056604423658931,0.7088610536532493,0.1699532221740635,0.6444275127309526,0.23264982124087472,236.8186637018366,108.97567161300982,0.375073561219064,0.7530235968130646,0.10096439319651546,0.0,0.4776267942887302,0.8990356068034846,36.7787955390749
industrial_organic_residues,gasification,37.38599949533079,71.77951591495693,6.51878278841998,15.861427035594202,15.034084157664566,10.41485879961737,757.5277219690602,1.0,45.4402525631702,0.2996197386391412,7.00464187344522,0.8010121253976189,0.8058146140608023,0.7127233693829038,19.93212031479618,0.4294612592820529,0.9130229234008344,0.12449135545915402,0.4426123078969727,0.48008969057111345,177.23143959408222,106.74048217823942,0.431830035408731,0.8011646060738944,0.05888945278413365,0.11108716988550073,0.543827720461227,0.9411105472158664,44.78044098415001
food_waste,anaerobic_digestion,70.60737451121337,79.64973100010639,7.912076241373956,17.395546018263367,12.385280493307217,5.150912917802814,35.30121043069983,17.514229402841856,6.408509002025088,0.2351399702602002,6.943463308915206,0.5020723047389973,0.6953954752739483,0.622227755788987,27.728119372938263,0.44441659064412314,0.6953049493080437,0.23517564682727365,0.6621213430906546,0.33553109339619447,79.40401711644981,80.99066173875227,0.8296397297271637,0.8994898908838562,0.06987577294533565,0.3651843711261044,0.6475501998168877,0.9301242270546644,59.131159973753064
food_waste,hybrid_biorefinery,74.24560239274744,75.13336321030437,9.885884743346471,18.72053307894832,9.566325915467974,7.5748335602131736,785.8538747683764,23.114741987768138,34.816163559318106,0.19792312074637886,6.916866912435275,0.5560095436242911,0.8397106717639142,0.7185289843152001,17.236974910793013,0.6443926449143571,0.4357135013704976,0.453510249490192,0.5462620125915604,0.4249349069493566,105.04408009110709,110.1788144027894,0.8680224317163412,0.9470945599725639,0.11263165400351165,0.2985868049581634,0.5135971826720721,0.8873683459964884,58.50127669842127
sewage_sludge,anaerobic_digestion,85.81455817640737,52.75921051463051,27.87711189086998,14.014280681613386,3.5,7.977418294127518,35.892017453325956,21.231857647880112,15.155420163462903,0.19867378406560202,6.899281492869497,0.8526971312689057,0.8883676749861176,0.7657897477439771,22.625366173116088,0.6061021905796332,0.692349466086987,0.6333616979675081,0.8154525281961851,0.24472597811113558,164.12059167639407,79.14482027393494,0.876236974491666,0.9150920556006297,0.1787395826761513,0.14514132032105437,0.6372880295321607,0.8212604173238487,50.67857407781979
industrial_organic_residues,hybrid_biorefinery,44.93317788262698,70.6269090005906,16.37993867949977,14.683928557658318,14.039592406891222,7.075808018433683,664.9080391224682,28.41650289765951,56.759971989725756,0.12804508398232,7.246347755332557,0.2743435908991123,0.7435659385103622,0.7094060683148269,35.76100409403211,0.33098609765184,0.7709605481402858,0.5657566384740093,0.579162824733995,0.7610489459664718,33.75564150048771,122.84346931282047,0.857207537326392,0.9246085749229652,0.14879503233275035,0.4837515805182137,0.5208861927819898,0.8512049676672496,67.97557518718943
msw_organic_fraction,gasification,58.16521839063659,68.10404898561004,13.554931983109734,24.001064595212647,10.380435382226382,15.463593596381251,661.1078502430788,3.4410851005645346,43.46331956113917,0.3036171528076641,7.164236186504129,0.3303778453420689,0.4383447603302513,0.43169777864873415,5.638377904895874,0.5171369587547643,0.6994963553304759,0.3586052063771197,0.5722879920802721,0.17120004146628243,234.16921682738766,104.0270543190518,0.3912570704727648,0.6914158300211825,0.25160168801420557,0.0,0.4901531969170464,0.7483983119857944,32.95228139069111
msw_organic_fraction,gasification,58.52047390715046,71.21510151080523,23.60893146069189,31.768581336026013,12.497068754316912,14.493290416248193,662.6768593362664,1.1884882435216966,36.10649166558685,0.288849122693437,7.085894980775302,0.5045691045591333,0.5019713274377405,0.5504151825990988,47.17805189429787,0.5390224157505674,0.6399975880550418,0.24968886724044037,0.7822071843883602,0.19534654539585472,282.36956482947227,119.18161946343179,0.4644642915480834,0.7079933058058887,0.16413465915184708,0.0,0.415704558600605,0.8358653408481529,34.446497367225504
msw_organic_fraction,hybrid_biorefinery,63.506328973905624,68.0925875125325,14.836358823482435,41.204461919403556,13.012102585080003,15.873669843928916,617.2751461764669,26.123620223225416,56.39868856052079,0.07470025167025966,7.761421649989259,0.3893338916532531,0.5433462481254612,0.5702666393724917,59.2903009144771,0.4125719373046037,0.436831526521806,0.3293539536158647,0.770290219106947,0.5328432168107667,125.12700515085949,156.31888564892955,0.8526035772014945,0.7921642164811077,0.1290887647548818,0.2464233632445208,0.29449453059873953,0.8709112352451183,53.49757313031485
sewage_sludge,pyrolysis,69.79581655258896,55.21934196630143,20.96425048155177,6.210605563737447,4.448597027858504,2.989517045950908,855.3033254851814,4.189050712988475,27.76543978800376,0.03785169438058034,6.8035481922346435,0.2659572315623504,0.7146555574166326,0.8113722813174005,35.56208331592616,0.3655977797118526,0.5191676623727793,0.14536211882403663,0.9450734938130808,0.05,245.94147294347454,83.22073252586782,0.7166183326566018,0.8527062176733116,0.04861340901360229,0.0,0.5729961446006957,0.9513865909863977,42.50187456125202
mixed_biomass_stream,incineration_energy_recovery,46.43042770845723,61.171173453710594,10.766043189470603,26.67143888155372,14.940894567680605,10.762079303691866,743.3450843766042,5.025565638145817,53.425968569307464,0.43858528851503964,6.904196288687419,0.3233964641252798,0.6757267139253917,0.6200033975085248,23.175875710032848,0.45195221397284774,0.7508178750212282,0.3849870210536184,0.6697727915881004,0.3991418709468158,285.72960722951603,84.41819458762282,0.2979803599012044,0.8460414163205812,0.27243517628309477,0.0,0.6435049243050216,0.7275648237169052,41.52374517460044
agricultural_residues,gasification,29.87040794325394,75.5277828427288,9.057944714167693,57.95080673401587,15.474220668952427,3.4384434776750123,733.1895778275291,4.860422219838837,46.84797827721878,0.19719071933170773,6.598638563734613,0.4057172190945265,0.2963190961530657,0.6051324780020618,28.536829354401334,0.08808687647484703,0.73071641120223,0.40314686196812616,0.7997063693302355,0.6970230211029187,93.55259006235104,91.94085510564287,0.538314865516396,0.7040910633082775,0.20986678370824233,0.3284348310068804,0.6694458272445217,0.7901332162917577,53.512804784127525
food_waste,incineration_energy_recovery,67.21392696103705,70.06465084788333,6.345456281587614,14.393373441961629,6.98857678941061,2.3160266640572322,529.3059493803769,3.180523692471202,65.37676204059946,0.43845846298796753,7.154877835985029,0.6392437355249572,0.7765929508625473,0.8133517982169343,27.544569995822386,0.269929443698522,0.5273112981351251,0.4157497057952227,0.5386667219423789,0.05,319.54723212839076,85.85422314146987,0.34959399267919067,0.9286787902343165,0.20385404150671488,0.0,0.5591356676764744,0.7961459584932851,37.88552378476146
food_waste,incineration_energy_recovery,72.83561711569078,77.80847922596075,12.336556266361445,18.662741823755322,10.165762951406187,2.9383751911124163,440.8512074138399,4.1687399834863115,29.80405864456034,0.5103836304823187,6.496893978470335,0.2469800714357985,0.31319512897857493,0.497566642089064,2.636650671544716,0.36673474851084703,0.5675740232965133,0.6375077614107088,0.5904276186113278,0.23355775605635792,269.9892862854788,78.06286701051843,0.3267966840299089,0.825493404296858,0.43340310206295574,0.0,0.6405255115401964,0.5665968979370443,34.83670674992925
msw_organic_fraction,gasification,57.02069635759783,70.8872513561021,21.1864384530412,19.26653075988104,13.065961807725145,18.3789908508597,661.3954301014762,8.06966404249651,32.15581784923302,0.252787191415989,6.551957318444761,0.41780992269882095,0.5904689925974309,0.6171497986217714,14.406625600573228,0.40652737223468494,0.6375632642112483,0.35324864802699296,0.7285662141694287,0.19027598516017308,232.1469505904285,100.27901099500039,0.416913411402245,0.7009959167568087,0.24230959191567386,0.0,0.5140764483404991,0.7576904080843261,35.93860898972657
msw_organic_fraction,hybrid_biorefinery,64.66781050715662,62.42731530513762,7.5000644873420175,26.0382844221157,12.15663294848685,8.60035110641467,791.6828485246051,27.648573047955793,49.10122419670673,0.18539097658350295,7.326698372365969,0.08254289946689389,0.8333096722941769,0.7271016510096218,15.486279605303679,0.11511008199074321,0.41333045143859437,0.522685519532608,0.4173747940623567,0.5569737327565174,89.61693922037486,101.95798124507746,0.790744672728038,0.9519122092715201,0.13492487489540755,0.33865730072629907,0.5859132672849735,0.8650751251045925,61.079608166557605
food_waste,hybrid_biorefinery,64.50273987077219,72.38916588443833,7.672249390823079,12.664128150365812,10.322553017449861,4.652064723052327,656.7399015177863,20.98653759600661,61.173198967614454,0.19516331337353082,7.097425860613854,0.4194694164137482,0.9534264618629817,0.8534934001849279,36.7916291873104,0.4124689957233055,0.37733379066867007,0.19048482913492687,0.6009314547077594,0.5547938617811949,54.12364958368266,124.20927056530098,0.8912259639286735,0.98,0.03882862052635146,0.43084766341900604,0.46832164661659453,0.9611713794736485,64.46868698196498
sewage_sludge,anaerobic_digestion,82.74642323228238,56.41826174088413,23.325427294033236,22.461887449809677,6.649507486048119,8.491724072346331,38.524005910534775,13.1700533154512,9.116161589710503,0.2511391829722973,7.330173553281526,0.5973400924965473,0.7911734829659219,0.8549325326198163,62.906519774568906,0.465302696769737,0.7262531323660986,0.7068562266394529,0.5791297109121893,0.33614757695368047,203.57087893654483,92.41786014889453,0.7931275666213468,0.9263512619084808,0.21924140022109315,0.04267304172326018,0.5875426766724701,0.7807585997789068,50.13259141430385
food_waste,anaerobic_digestion,73.94942000952317,72.84478477408065,6.083379753067373,9.267618952495212,9.873809316964607,5.580141277128063,36.28992145787577,27.153704555105058,6.626289430802496,0.17400586931228681,6.64662023465426,0.2019178677932178,0.9156311679408566,0.8921932687157693,22.060604339507968,0.3241924940659861,0.899850230315459,0.7350855840625925,0.7507825224062902,0.1815108450698183,98.42750471763634,64.73346461031812,0.8247880710851336,0.9406701635934852,0.18679639808484902,0.3157727150191264,0.6992299405978961,0.813203601915151,55.35457476673739
agricultural_residues,gasification,25.039025122169576,59.241003409142934,7.279471217544446,51.2220424989326,17.59864269917693,6.0371255285367535,585.2714604437024,1.492909905114554,24.42969088084289,0.24684764580859234,6.803804009171903,0.3239780848348613,0.8609917055474702,0.8468806014145639,11.109555505184305,0.5181052628818308,0.44104643452154946,0.5160727327702245,0.5034477325698549,0.7177864111464032,121.10694012038606,77.77332796965047,0.4395203012294953,0.8170634285675716,0.20256683809195525,0.25686509059639984,0.7485797053487852,0.7974331619080448,52.04599384103971
sewage_sludge,anaerobic_digestion,78.08010286198672,59.838204634638025,23.06089233730379,6.0,3.7468204356830532,4.977764271157129,38.68918929095647,24.855228999149976,6.734666550651159,0.18841629875489005,7.612194131267241,0.24632172975026526,0.9314533989176474,0.7595447497392391,38.15877527380168,0.2973554764048312,0.8813150088925209,0.4578535096887776,0.725883190620926,0.449326695232043,130.26747978571086,72.20146077555346,0.8263321861371529,0.9252603521288829,0.11231889526049796,0.23307148107607567,0.7188441846586628,0.887681104739502,60.33848775741955
agricultural_residues,hybrid_biorefinery,25.034575075017035,66.16445951561238,8.440149944611631,41.31157039620098,17.238796439524666,4.351379265056119,446.4790609393457,15.504269287745284,67.66297444697032,0.14960997928951963,6.794855086179335,0.3438420465720988,0.6252944715159765,0.6529331013889303,23.190632072462638,0.2197835245901105,0.6315409570986936,0.06054624141775017,0.6827235436555216,0.845467278364355,-13.580070211560123,116.10241293082953,0.9077285947842555,0.9062797964843873,0.015725972469297092,0.6067014810689874,0.5749374700252659,0.9842740275307029,72.66304586781435
msw_organic_fraction,hybrid_biorefinery,60.189680114419964,53.82912365274068,12.922963553586413,28.856198874663853,11.546011446010093,12.22125562245011,673.8542180617814,24.280868878511882,32.33115175847749,0.25159997585041244,6.966442005174946,0.29361227336310447,0.8891967038855695,0.7620211606695302,15.116303440449943,0.35698113706976486,0.6112624454855836,0.29035777104411864,0.4923651589168408,0.4444946214161176,95.55932035159704,107.17435363772032,0.8010314822411078,0.928683258129079,0.07996010382476576,0.3232225445413064,0.53371327124986,0.9200398961752343,57.25713857047554
sewage_sludge,incineration_energy_recovery,84.65716095437006,58.680275419137615,25.926446052943607,6.710345077502685,8.10857835009243,8.816936092006564,553.9402816640743,6.333988191826133,50.23696928369917,0.6578357509102056,7.219010798414373,0.26933440582181284,0.8127051116513296,0.6433791187780331,16.14249446399206,0.23022918922847418,0.3688910992090059,0.3587431095334085,0.4997247425082691,0.05,382.98126833289933,82.84128148795186,0.26475938544876637,0.8445448948875006,0.21588292150991548,0.0,0.5749932553265692,0.7841170784900845,36.879692576968296
sewage_sludge,incineration_energy_recovery,81.7502771661825,53.73718515378481,23.894504098711558,14.78155381926516,8.743491430103592,8.213960275484625,560.2039465383086,1.0,73.41506058526367,0.4184159059817901,6.383525269677845,0.32995735074876387,0.868554823921812,0.8403887480212602,3.0033798188107865,0.2249723436006363,0.8505629804413137,0.29580138004189754,0.48515700708149273,0.05,330.9260969286497,68.00055494541752,0.27018811790188196,0.9001537364541143,0.16695075758366765,0.0,0.6531023423925394,0.8330492424163324,36.59553672114939
industrial_organic_residues,anaerobic_digestion,47.47854386250788,77.01228961994956,9.964632835629034,26.859921486429936,13.702291252573257,2.808240712523891,38.43307421692624,26.422313038359686,4.678785001462985,0.22466777035146993,7.25845699433862,0.11866798684595303,0.8159165633127613,0.8593145131629227,23.504497238852124,0.2117785008886377,0.624562200350385,0.5586566389557495,0.7503397013298811,0.5936201081612472,45.357545849098756,65.05922475298108,0.8374206792924793,0.9779555171616975,0.13880505589592435,0.4536167640283149,0.7881794514113635,0.8611949441040756,62.46042246788386
industrial_organic_residues,gasification,48.32712644029501,80.34601553158404,9.414706680953875,24.606764408879787,16.117367766433105,7.720010721162608,535.3800899025396,5.117603139515557,47.20997258836809,0.07892119467432135,7.100150517388633,0.07860437074781854,0.3648386840039229,0.328305458230591,6.944366614877501,-0.0005970130044342936,0.8660398977496224,0.6583424259261096,0.6518431657564984,0.4275645094204767,157.28234906784306,83.68191387510228,0.4452090660508119,0.7317446150988912,0.38403979931496285,0.1629029894341739,0.6536330664140718,0.6159602006850371,46.098404585054375
food_waste,incineration_energy_recovery,75.76473970893943,74.256322035653,14.145661223654649,15.51436241107956,10.290746602905465,2.2111707120627817,758.885380416465,3.502011815762795,69.79877412605231,0.5411481118068207,7.12807856087842,0.3293873365873592,0.6361538497597111,0.7578135971864886,40.892782734613746,0.14349535760635318,0.7070240358276106,0.244067388423994,0.6044976275831997,0.14752202597331354,311.1873689440479,90.6480189461981,0.34199719883834917,0.9037406519832641,0.13190106214757774,0.0,0.5553600091551916,0.8680989378524222,38.40928831778348
msw_organic_fraction,incineration_energy_recovery,49.60070673755015,73.0719024580579,21.069241404918632,30.167812412747313,14.794911133082545,14.138884879446817,622.518615811228,8.336484665986303,55.87454666964371,0.6091126368335501,6.590479436633744,0.2550864131822153,0.9415123974516187,0.8855642708527058,24.79506578701168,-0.09130430167503001,0.3579605191137683,0.251261454846793,0.5794328993290698,0.31268888755030266,301.3936776616692,94.75020410513223,0.24629294373071692,0.8820234433186139,0.15907185586049238,0.0,0.5701062704972127,0.8409281441395076,38.567352446934976
sewage_sludge,hybrid_biorefinery,73.45538006356641,58.751420372004596,26.389090038076144,9.438270462991607,9.3223799014558,7.676196108928935,569.7961253615832,26.431700791733377,33.909567161454504,0.223676211122831,7.2388726285702925,0.5201133915547828,0.7178830368532505,0.730042025005798,12.531233504786467,0.06230770971677764,0.6249046006560388,0.2944566449444755,0.647961873827809,0.4432362630784413,91.43938954032996,115.62124910205354,0.8898661670188323,0.9048520159332056,0.08052089004111031,0.3339236635316105,0.48897908786644895,0.9194791099588897,60.68712597407034
agricultural_residues,hybrid_biorefinery,22.726560380395693,77.88535501275403,9.116965669736324,33.49913580963339,18.97463592142407,0.5,640.2672557517758,20.623511744651708,51.284283486037445,0.24674754131791365,7.036330979404682,0.5007023781534332,0.8281175615039973,0.8364091580619257,43.612503913688926,0.060387674967790725,0.6671630235895964,0.2843037464334507,0.5220970408141774,1.1997018367233059,-74.25992485463266,117.9073578930718,0.9070804504558191,0.98,0.054498683869138,0.7643114931289161,0.6433693625366441,0.945501316130862,82.24903645230395
msw_organic_fraction,incineration_energy_recovery,65.35849117222953,69.79834364557792,17.25778545306153,13.476305046913378,12.709100950025551,18.85769992924252,699.2424675980569,3.163480118339282,37.66253709573533,0.6121035142509144,6.929396749408039,0.3388358922333266,0.6637506644020273,0.723507050989705,8.943782346443106,-0.02618597927109595,0.580435811926768,0.3091483924349403,0.6219482750893848,0.10915329238754037,320.21473850621715,100.58497543948566,0.23059004064631466,0.7661150450965353,0.274315813198777,0.0,0.49461911674901854,0.7256841868012229,29.56999422408494
mixed_biomass_stream,gasification,56.50037048870421,65.8586202955051,13.44765627738351,25.369935885599684,14.79352033506069,8.69191758724177,562.7912671339058,1.0,47.82517399451347,0.33217468743834144,7.450195121111177,0.7951576238812297,0.6258560454610823,0.6817157504961802,48.338012244993976,0.0665766748425048,0.5588770237280349,0.2535378797426877,0.2085890137117506,0.32179359432232274,275.9405257545277,122.45417211725899,0.38491644022774363,0.8046655194164195,0.12957151842196923,0.0,0.4262989480284952,0.8704284815780308,39.21011334854614
industrial_organic_residues,gasification,46.38288335649504,66.8855364267832,12.925586521687618,7.954096278578783,13.80245818423958,2.017807482537341,787.9052942381971,1.8322137286741724,45.946859737463264,0.29129463495313024,7.08300533471152,0.6012102453002942,0.9180733228444697,0.7457283594571799,31.806124085977828,0.11296065404648302,0.9690005769934033,0.35524777009270014,0.5207173636642858,0.3042391299853382,201.71223763097217,105.7890850072187,0.49415150816233366,0.8701646320315531,0.11424085981622886,0.04750068147799437,0.5101479506640444,0.8857591401837711,43.78692052193265
food_waste,hybrid_biorefinery,64.54474970078648,75.65279998573511,13.818246516089179,9.845137768177617,10.063400797876183,0.6901156729042053,684.6140105351936,23.165174679617955,33.67212086603098,0.18169721765988334,7.173012328108469,0.43383994682443067,0.972119490297725,0.8939617170844049,42.58224441056391,0.09586162794222508,1.0,0.35419308413505296,0.46697615129371084,0.7383855831244753,33.5995373337101,122.99283816638993,0.8866204238590527,0.98,0.06065063446229717,0.4841570458864673,0.5151141010958586,0.9393493655377029,68.72781269576072
sewage_sludge,pyrolysis,78.69921303982419,56.7483655576272,26.636612642914137,8.603181984853228,5.764140716354297,12.937407467166569,650.3660472372798,1.2742701068224775,49.347676609341015,0.055946403031492085,6.706284319632173,0.9125117318658131,0.5839770161168849,0.5817808661611333,57.768776555117725,-0.071263176930861,0.5918906416869697,0.18840506723215514,0.5806887795399611,0.05,310.21616833837845,128.83826085374332,0.6076112811640892,0.7329409130812268,0.09591642351685002,0.0,0.33290389024345624,0.90408357648315,38.89549353927317
msw_organic_fraction,pyrolysis,55.86662660110389,68.910160417499,14.530034813102276,27.598893585476933,11.457776155263499,12.445692049082782,558.8164449481944,3.6562008658519836,61.55089685961795,0.20164847047903603,6.351160788930535,0.5877364229084064,0.7845208968695958,0.841167283937071,25.81850011076377,0.08476212042462758,0.8003064557842894,0.25203279996296635,0.7798246826175284,0.21439939148605983,184.23168571180915,97.27103018021656,0.6348552401434752,0.8319889743758585,0.10969017645587975,0.09290471243685935,0.5352150757047407,0.8903098235441202,43.26532059452292
mixed_biomass_stream,hybrid_biorefinery,38.13378304797055,58.51910012407507,10.229292401165903,36.807711693842855,14.42409952989356,8.907439514021826,686.0206901644087,15.182638808517344,54.32325864149297,0.25070442241217483,7.2468746651620854,0.25040538868951334,0.7373445231482836,0.803725247405972,31.82273479903764,0.15323602792563534,0.5704385465417249,0.5737788735696078,0.5096818667424639,0.6282324578615808,64.69371980032369,124.59331442906306,0.8251008211826243,0.9156061055716005,0.16099040706147769,0.4033929355835748,0.4824568542607949,0.8390095929385223,60.57462972511868
sewage_sludge,hybrid_biorefinery,77.91632098474342,55.92589772856644,23.282370703830242,9.687904484704797,7.917996497872188,12.974036157471629,762.6649830180996,14.38365216248102,46.317590875571106,0.1908652987601678,7.584789173251879,0.23720973293201292,0.9045637159082575,0.8307459254895866,19.465328802940416,0.06151094960935112,0.4766431977648251,0.827297672235721,0.6994951189992439,0.3079000668257879,156.903193073694,118.87524467830426,0.8430323052820706,0.9040397183011648,0.22978807330379003,0.16388781019819737,0.4420788321842825,0.77021192669621,51.465780223288384
industrial_organic_residues,anaerobic_digestion,49.21118747460733,78.56140076440019,15.93941008573471,16.6206178111199,14.600279781239411,9.00479157020861,38.00593873333913,30.216949574965366,5.677029215638554,0.3200704901166851,7.1695944838471455,0.6142760475004664,0.7370768627192106,0.7256554146514718,80.87488814796137,-0.03759997739825596,0.700251174505928,0.28710320270113826,0.6395255091310413,0.6055387508778811,110.17877429927623,128.16171379688427,0.8059899200913373,0.8847676056128664,0.09429099560886732,0.28524993688499684,0.4586831894200587,0.9057090043911327,56.46946531073165
industrial_organic_residues,hybrid_biorefinery,48.54800685812579,77.50741527167696,9.910034832290645,22.190021482315167,14.618556526654956,7.410393831571013,712.3215937507839,27.533877798798283,34.226379053767815,0.09276357887270396,7.459745676635105,0.3045047765779006,0.7815174937455489,0.5662389371925377,19.6904415542272,-0.06260633214684369,0.868924853787584,0.43389522855547435,0.2748761246061514,0.8553939501446898,4.226949799074186,109.4016982812476,0.7812066564567728,0.9310209851436868,0.11215547806063181,0.5604494810413657,0.6123882570252654,0.8878445219393682,66.13743681826963
mixed_biomass_stream,incineration_energy_recovery,39.78127005517711,67.7046675958871,11.255439384759235,29.973305633661894,16.412992414904835,6.985268841806424,636.1440739637405,1.0,38.66771101323259,0.6361318787549087,7.085482529059801,0.3917940207253742,0.7936187542407951,0.7276000453701317,75.93190430633544,-0.22550497106971892,0.9451462844047362,0.7101700453918705,0.5248739628160874,0.45049443325747107,306.48283609441256,109.66930991026324,0.29366513046940684,0.8986995908506357,0.4083757191252749,0.0,0.5219018810521003,0.5916242808747251,39.592152452491824
mixed_biomass_stream,hybrid_biorefinery,28.51469126321375,59.030801928356134,13.176652625914567,33.248454763360506,13.310409854987569,8.686346446672198,530.6881052106816,30.232565407019347,16.98089952456983,0.2508886279909549,7.094165295702109,0.04381422849720914,0.7372690679564193,0.6757537599680672,42.63811838953091,-0.18839050136880728,0.8341413544602847,0.14333336123557325,0.759258187619679,0.707217207836138,48.96502510522757,117.28860219217299,0.8725152600579911,0.9121840559877356,0.039935479811119765,0.44424668803837,0.5382793531335662,0.9600645201888802,71.53131343728641
industrial_organic_residues,gasification,44.7848634487844,66.97340394299235,11.19501033001907,15.01619658896968,15.050091724178033,2.220412872270992,402.2541343481837,7.065018430528009,31.756268696075985,0.3003947489594198,6.859263443801648,0.4886729118315162,0.8463261107936537,0.8452331330901102,27.079270665711313,-0.13291438571328343,0.7332300505454332,0.6533746453082183,0.49376622416819893,0.4150763680107089,229.319876344052,97.43438008267128,0.4769924988826741,0.8856650108611529,0.22480870541333883,0.0,0.5785042742114545,0.7751912945866611,43.83016022095883
sewage_sludge,hybrid_biorefinery,76.0814140567045,64.05900234408824,23.26109774231032,7.284994334807292,10.19488008081507,9.80718997558492,579.9796999713064,15.964324248516245,53.37093597141001,0.2768850922910566,7.285470012930507,0.4083744428631621,0.5764797290075953,0.6404196460207838,38.915842494011656,-0.024760913420765446,0.6460933784999395,0.2715028527662417,0.43039375345201875,0.35684329952229454,153.39315426985883,122.62566083512873,0.8116180639629631,0.8499378837358402,0.08767313563602548,0.17300479410426278,0.4331073109731747,0.9123268643639745,52.160662424185354
sewage_sludge,hybrid_biorefinery,87.21588264412554,53.03498520666078,22.605412476580636,12.39359440059942,6.482189359002113,8.072147528214296,643.8791502787434,15.16282495901638,50.43524966430843,0.10475178462963712,7.2817705743624845,0.7055846244697214,0.6302914753259963,0.7249120073890898,27.25070198008692,-0.1491966810581443,0.6348753857376795,0.8042925645300946,0.3365714892289324,0.33242829000305174,144.266481261724,121.18602044590723,0.8240846095673107,0.8944937626407435,0.2370393622721194,0.19671043828123633,0.4353130635590543,0.7629606377278806,46.74546389144918
agricultural_residues,gasification,35.41272485735109,80.96356729999994,9.764217253835579,41.489941968382624,16.331447848405436,2.276553845109309,619.2503197039429,2.28866827552608,58.20132924970719,0.32350396910218754,7.139249561887941,0.18373314828510734,0.5699569730637017,0.6909783157350127,25.32197736395545,-0.12011811565832453,0.4103027664895472,0.599829041282632,0.5298839761559114,0.5745462395129667,156.601783389826,90.17194223863908,0.4612337689860213,0.8077634447392127,0.25278727070489243,0.1646706924939584,0.6518110030158049,0.7472127292951076,47.20237700938986
food_waste,hybrid_biorefinery,68.30631535578192,74.84308468677534,9.320990747165274,6.635443478394642,8.813593779563135,8.712621240655032,648.9822633462479,25.80694781846365,49.99386108874031,0.17242072988592563,6.840972873248214,0.42528261481195556,0.6805566909372741,0.7704244809891381,29.37925847168518,-0.3197222603708575,0.5905675639886762,0.4715734714810641,0.44060403772046425,0.5446313341201979,47.72118912533279,118.39301970086194,0.8231852699304872,0.8880234022295155,0.13700965902188597,0.44747743084329145,0.4966977371861175,0.862990340978114,61.042981608014756
agricultural_residues,gasification,15.073308794575727,65.96286748004263,14.190100076351168,46.998017983609586,17.375150283521492,0.7773688017572953,748.997188410038,1.0,52.12302059757151,0.14177715204800725,7.374698802195734,0.6148325799827065,0.3593724791018068,0.5002429968830364,12.811792327988849,-0.2916294909291054,0.6238233181739751,0.3697985429906604,0.5097025666611111,0.8039316180515576,100.4761147471036,84.8219190068139,0.5011706664515932,0.7513123309403407,0.1666871156976548,0.3104516500075231,0.7304338033039011,0.8333128843023452,56.12631564802581
msw_organic_fraction,incineration_energy_recovery,51.57803541316162,63.36221340816456,14.1744444770766,20.991533042459025,11.62473829511018,8.914455972904237,865.2990027016347,6.719300087957981,40.93341312107729,0.5040406549517491,7.232356465074844,0.22875426129049317,0.4921122076101343,0.6209486307804601,10.561831360139067,-0.07051216518687034,0.5389574481039066,0.47748923757264616,0.8247889504863741,0.21477793433160952,294.581696637002,76.68008855005792,0.3420963867145033,0.8257054874263858,0.3605302506122152,0.0,0.6436717321315966,0.6394697493877848,37.51148072707607
food_waste,anaerobic_digestion,73.50939851185801,79.94417722177164,13.270877071427991,20.955321588249944,10.48522252617097,5.227637351121572,46.05835472212762,23.563120087481135,16.74737982736862,0.13265951458743883,7.675317170038541,0.5301571374312884,0.7713182571873181,0.7956027837794931,42.25800006070576,-0.15379635822134957,0.624031292026526,0.29802109356595635,0.3935548914625861,0.8393860405007292,92.64925157959394,85.83249324189119,0.7642078324022986,0.9389944325273675,0.08396337449474764,0.3307811647283274,0.7329149644791542,0.9160366255052523,66.30697783455093
sewage_sludge,anaerobic_digestion,77.43902126099827,55.06533441690048,24.329641714866717,6.073570312362324,5.589525158899364,9.60376124101394,37.14596948229342,12.914444820810361,7.925545527059946,0.30654234238547223,7.342016624330304,0.13695495488010306,0.9309152664925009,0.7388462452955373,21.460051493146963,-0.4881197611240672,0.9091326691052924,0.4529322382118032,0.7905593254657827,0.26868294720311914,115.58873812116067,68.19926735226261,0.8013698990697564,0.8860733654741034,0.129877988126321,0.27119808280218005,0.7001667360043567,0.870122011873679,53.98886809264727
sewage_sludge,anaerobic_digestion,78.49812340177772,54.21094808001393,23.42632726037759,14.2579210391037,6.424887786482191,8.106212853487705,34.60667482603975,19.548357043658378,26.966505998711913,0.1658411015945548,7.145895840035054,0.5204514182086534,0.7902606918399998,0.7616836211616218,88.0,-0.26157915230633244,0.7819917764086208,0.37852694225577593,0.32176052676183053,0.25386545789774917,207.40500579701484,110.83904303577755,0.725332755172736,0.8985220087920361,0.11602645590981836,0.03271427065710432,0.4724870163386756,0.8839735440901817,49.87906300423098
msw_organic_fraction,pyrolysis,51.94112374872152,61.151345289617296,23.8581674847857,20.924391393541857,11.98331992389079,13.47191185012658,502.23628663416616,9.106136148310208,42.58700877338348,0.08903196511459431,6.903434318999088,0.2907169233112916,0.5613888788688042,0.484227228818797,17.019827938903937,-0.316988245284651,0.7458397712724999,0.49175422556898746,0.4503383474235371,0.23989691132292568,217.09135223970526,91.01453324603008,0.5215385577699015,0.7451228994719183,0.25793579753449936,0.0075549292475188086,0.5737534613014116,0.7420642024655006,40.48217229021323
agricultural_residues,hybrid_biorefinery,16.349535787383893,69.25833239732462,5.821566756459248,44.791185025569,18.252988907514197,5.632293605158749,569.8712225556537,16.52054213794449,32.08557455272577,0.321407554748518,8.210150753278088,0.8827237484244153,0.6729144710519688,0.6502109566215359,18.917950295398526,-0.33031514884027885,0.7295153809862298,0.3669716322968376,0.6550186602314491,1.189838217758593,-66.20710253990848,122.4927146503931,0.9349465096957044,0.8946532091914916,0.09661757958445771,0.7433950715322298,0.6170659097469268,0.9033824204155423,82.40587819372608
sewage_sludge,pyrolysis,87.4684750842734,60.34098402210228,21.871561166626456,16.94779102887181,5.3692072703854725,7.397147420864861,745.8606435416445,11.648926527790122,35.982825143572434,0.07808785548982433,6.8010645521873085,0.3510128113760581,0.8977070277300816,0.8380994343070014,14.062308090377817,-0.2913740150934812,0.5645884968199246,0.5114686042504093,0.5431506313205016,0.05,213.2701484726818,87.65133184701251,0.592088650794156,0.8765163604158439,0.17394322077056734,0.01748013383719014,0.5496772008051973,0.8260567792294327,44.66003916694133
agricultural_residues,pyrolysis,24.500740920962155,60.01824251287927,10.2344318187481,46.70229636581023,20.256868846722114,0.5,776.4756244990738,5.30508989338804,40.33411836895779,0.01,6.595635513142727,0.6349484914782519,0.8734407684343192,0.7892065858246693,31.689293578989425,-0.2478370828020742,0.6302689722768738,0.6144430313293856,0.4357129972605761,0.7478325416433657,101.05857193890581,89.73962683603769,0.6362241286334042,0.8883075064756791,0.16402570290777826,0.3089387741846602,0.6922093337087106,0.8359742970922217,62.195788838897535
sewage_sludge,hybrid_biorefinery,68.12345843421028,52.82921443578335,21.955607703363427,14.285162806347264,6.6858180444055995,3.769696835251535,606.2411410900501,21.908686900387,65.85066041125718,0.2189789844219411,6.57023766613515,0.3796874353215316,0.8273782964979015,0.8838077001567366,30.685006480710165,-0.805647948880392,0.5819490470823966,0.34127866002297175,0.41793816797351413,0.21899990768193917,129.58873291122399,116.61814643089693,0.8484716589723402,0.98,0.07476424641369546,0.2348344599708468,0.4344002616326744,0.9252357535863045,52.55949917264076
msw_organic_fraction,pyrolysis,50.93131957169985,68.38685364493118,17.011457054595294,19.24087501439289,14.193110029093447,10.197003627579768,747.2487386601119,6.545721890002374,40.83435233268359,0.027507602803079782,6.502750064116788,0.935395279191973,0.9816176067209493,0.7915683195722021,17.100673620812074,-0.5663017305934411,0.8263220461122074,0.2869907473003788,0.9020341056287385,0.39430177761202245,146.53155560401748,111.1586780840656,0.7089611233494841,0.8681574907436383,0.09923532766554215,0.19082712830125328,0.5017007169479839,0.9007646723344579,51.55053721126183
agricultural_residues,hybrid_biorefinery,22.600616445577906,57.06593807186872,7.438569139960062,37.32575616982068,17.57587749149354,2.873556881297531,686.8026788749684,14.88651052372608,31.37982014006532,0.2448155532658505,7.059327127016872,0.5515421954651544,0.8004888594768824,0.7205097346117513,18.13281596417686,-0.5245000755089086,0.8939187959223661,0.38047733959673885,0.7224591409682161,0.9093355125567871,-5.784755974670908,114.40372036286742,0.9446232627101836,0.9635314428486619,0.08222147175334797,0.5864539116225218,0.5979289687474014,0.9177785282466521,74.0175275593982
mixed_biomass_stream,hybrid_biorefinery,26.898816122350585,76.24673103044714,13.382231821286757,40.35915525671762,17.178568770086716,5.877781979957881,672.3149349887078,15.662191918509604,43.488888443979754,0.10383793504265583,7.078454086325487,0.7464282418749048,0.4129444621453884,0.607684451938841,17.253326627004178,-0.389022797189586,0.8913125582780794,0.26626268211298426,0.684616562671275,0.9235285881967641,-18.91963459329836,110.25669456392795,0.929723926158106,0.8574962596750777,0.08367880846681129,0.6205704794631126,0.622877896961562,0.9163211915331887,69.95240436642868
msw_organic_fraction,hybrid_biorefinery,47.54179404394081,58.778561802385,15.524410608285772,21.523409008973587,12.076784331701992,14.89684369587616,535.5834803889657,21.737510766180037,44.550152832234936,0.06165712199406542,6.758804396474073,0.573311908915511,0.657288388605777,0.7164406293237886,40.93794296341678,-0.498993989888896,0.6788976064782428,0.5118277468059725,0.64972372949361,0.36067635687775657,158.69544661820038,144.62214267366292,0.8440179792155103,0.8661083843579659,0.18110772465757066,0.15923260618649251,0.31817962654645954,0.8188922753424294,52.40693820368905
food_waste,hybrid_biorefinery,69.40987467482356,79.93132617872877,11.206464149825562,27.406248121357596,9.862953335824582,2.9199237403045837,650.8933921491968,17.219011375990256,63.02260598245709,0.16249668392243097,7.238633443273096,0.532757731189857,0.99,0.6944154177935211,13.261670372178529,-0.6233765997408969,0.718959397886339,0.38658273241975516,0.19053435578613817,0.6205661455001534,82.80749750736847,109.96449108479996,0.8098147412595911,0.98,0.07140228139359726,0.3563441623185235,0.5577640726163497,0.9285977186064027,61.229612484315844
food_waste,anaerobic_digestion,70.84681525947641,79.10524791856427,8.477841544868049,15.731798560796634,8.25814883986676,5.3280950172732515,35.539163519461205,16.575565834633984,3.0,0.19997023608288614,7.383834537337212,0.2288262097038221,0.9472571526592536,0.6763665464880895,20.47832901104705,-0.34800626064134,0.442275012893272,0.23336093216998072,0.6792256951176427,0.39520749981264797,100.20313267291645,60.13477284652646,0.8108158554348037,0.9401662008029759,0.057186856434805665,0.31116069435606114,0.77044684550338,0.9428131435651943,62.630745747795224
industrial_organic_residues,hybrid_biorefinery,46.21902214318251,66.18202946786035,13.334610964428917,19.300386549133147,14.289611533780139,6.4392302529856424,749.2697598351424,22.71132799203136,52.42022625326303,0.06984873422801954,6.7638333447019745,0.48047130171246916,0.6244629691849641,0.7038588053113288,37.78887729460415,-0.32255971531165195,0.9007042522468661,0.09474116423967821,0.8912404261925939,0.5692781356541298,91.2864141700027,129.04909731935723,0.9561731989142463,0.9215756680027882,0.026536017164252104,0.33432100215583715,0.4460354144788705,0.9734639828357479,64.225624175976
food_waste,incineration_energy_recovery,67.94648159374721,78.27564885393068,7.783776502181958,12.898506350137593,9.538659067114066,5.145137023684776,754.8175280746018,1.0,42.722965444425576,0.5462182667176614,6.313262981762218,0.6805874414642636,0.735617601142211,0.8057878447272797,15.770658988975297,-0.5898206436880896,0.24007620947899244,0.3143155693631453,0.7192897840556292,0.14357831206119784,285.8612695440776,94.8045951602299,0.37825348216525495,0.8949206487886203,0.1770405048198943,0.0,0.5326156751785693,0.8229594951801057,36.34689190264301
mixed_biomass_stream,hybrid_biorefinery,38.215210417175676,60.508436974536515,12.335091648566168,40.75882589368566,17.360939522948314,6.712115787396863,723.0611065710216,26.719385928683497,46.75054298069913,0.10313242274467752,6.816675394966458,0.5787367548821849,0.6586541650007136,0.6346878035344073,20.42120201684262,-0.7213794998504146,0.8085994029937602,0.5835253368156396,0.40773302226930314,0.8246279674757048,26.706919918201482,110.39100778404453,0.8412473854461225,0.89210633375551,0.16113392701261356,0.5020599482644117,0.6004128487181049,0.8388660729873865,68.17327000502858
msw_organic_fraction,pyrolysis,57.684609340718445,66.95483918071076,15.892365717605262,20.893626128815544,11.818895461089012,7.067169866659552,574.759935177043,3.111550156979126,60.12189710207032,0.13769902618966096,6.868777784111713,0.3213592236158218,0.6981496392297606,0.7944613972347964,13.398552841626831,-0.6060519879658914,0.5480738718728296,0.06265591547950038,0.5827490498415658,0.24876524820737558,163.71660576535393,84.15807004490338,0.6019258112830403,0.8522914023613518,0.02459759967593433,0.14619063437570406,0.6117911438429733,0.9754024003240657,48.066302064470094
msw_organic_fraction,hybrid_biorefinery,44.52371303767025,64.9394811865614,15.645088397184056,19.385184917634454,12.74954820829661,13.509201750020287,611.306610815446,18.174103930251476,55.77330515555508,0.17851690387787128,7.265924880923772,0.9257747257893326,0.4776216192584753,0.4848456122811683,60.73945326582345,-0.40505930811684154,0.6407509532835793,0.39683238702794355,0.7416499201835975,0.5745153875917057,86.3453245352664,156.2600617885511,0.904910045858904,0.8176418247262084,0.15215152170191143,0.34715500120710024,0.30397200743569586,0.8478484782980886,57.68406407422234
mixed_biomass_stream,hybrid_biorefinery,40.95938527126494,61.95987627764127,14.223525191913616,26.009161055732832,14.94053376005109,1.7978315325753567,576.8016711939838,19.90167032106379,51.58320184385798,0.13778067438656863,7.425063879751807,0.39810125768794474,0.593488068542701,0.546546269103541,38.35131712771806,-0.4204254382534337,0.8264914734971444,0.4315691107585523,0.7100224974710064,0.7972155577309044,3.9745608806655905,116.55983176076556,0.9367689042547598,0.9481726256682868,0.10363482797705605,0.5611050366735959,0.5619146239599276,0.896365172022944,73.2023375935349
msw_organic_fraction,pyrolysis,52.878364932775874,62.58921516731536,19.438955644030244,21.103115318097515,12.666236343288718,7.22074349613451,858.5967356660661,14.426982732675414,42.899734349915576,0.13344252759181394,7.044844608848307,0.7024605444051747,0.8318155560520988,0.815329429685947,16.145571628791416,-0.4427102800693534,0.5711861327285337,0.2932714970419836,0.5164520679242159,0.2372828112074078,166.69689405956873,93.11919934391011,0.6147646560605263,0.8752685665599577,0.10462423560394422,0.13844962581930198,0.5621011692871554,0.8953757643960558,46.28898146919692
food_waste,incineration_energy_recovery,72.71744840685197,79.5544374843688,7.336357914360734,14.060755121870429,9.903757446042633,4.004132325012781,649.624795796094,1.8305746304695671,40.61355732961732,0.5298921022544787,5.954689074652245,0.20728575971578045,0.8313005344734042,0.7789501831013494,42.78379618993823,-0.666515921739356,0.6711451506575682,0.543360859647543,0.48487167374033163,0.12890318279640955,344.42753099619176,94.54623737311059,0.2897718529372559,0.9193114348614669,0.2727048310903572,0.0,0.5307469245672597,0.7272951689096427,33.52516075862498
sewage_sludge,anaerobic_digestion,83.34260306152449,58.506554625824634,17.150616978715014,10.072013148808603,5.185109191156637,12.375781267354427,33.13255575877414,24.010444358135114,3.0,0.04150088490883319,6.7106378691864865,0.3203052430487995,0.6869576093146735,0.6171811969171443,36.92735057984989,-0.6056237165133067,0.6744074779271657,0.45337457402803055,0.8582510812178643,0.13919624532423083,183.4552193001516,84.56300380543856,0.813556720876889,0.8214769318844197,0.17093221894454702,0.09492150831129452,0.5855547328900752,0.829067781055453,50.361986764323774
msw_organic_fraction,gasification,48.77935787429441,67.71933137959888,19.336596830000275,18.387392548163486,12.577136853770744,8.80336249964472,617.1734289994457,8.809951577769409,47.05709053665922,0.3085097112376621,7.061409797035913,0.4274048095335963,0.6487536770576632,0.5841031078509356,19.514670445417927,-0.7446788531392323,0.9497743777449095,0.46467550108808514,0.9061041194954161,0.24862815741356784,171.33821497937123,89.41095831250279,0.5290948771390287,0.78109351156608,0.23459788953274838,0.12639424680682798,0.5841142035125492,0.7654021104672516,41.34062983808027
food_waste,anaerobic_digestion,80.48969842617608,73.54510676279223,9.28185537398943,7.732820886452318,8.77929504603278,0.5,31.291383485028252,26.150615583945907,3.0,0.06882650424993852,6.534767772449989,0.5822537032269576,0.7437029212794849,0.8359864060162125,28.495982634146543,-0.6010558839062332,0.733379929650648,0.2751510724528091,0.7255637862654651,0.11436449431142942,129.32093519568943,74.64199687384331,0.8844712428245229,0.9437830242826317,0.06564835288502585,0.23553003845275472,0.6323075736230233,0.9343516471149742,55.78873000558417
food_waste,hybrid_biorefinery,62.848162051249645,88.36317828132175,5.3166959033653605,11.921183356074526,11.404556122417485,5.6473612452659,537.9944228786804,31.46214205119595,48.95676084143057,0.16264656089442822,7.285101224361856,0.6025865726296572,0.716514110998088,0.8299160794128222,33.47818886534194,-0.5383210723952795,0.7616388002533064,0.6989589115401329,0.6920708990799652,0.9075356299153522,27.435409039640042,128.47890046892877,0.9216931218635026,0.9380570949231637,0.1784616191943894,0.5001677687282077,0.5234530992712261,0.8215383808056106,71.16987095118519
mixed_biomass_stream,pyrolysis,34.69607795230193,61.793044840736606,13.115867351149983,23.62326299121638,16.170785537603756,4.423976016786399,598.4566384504442,7.335711759389303,47.02687405222456,0.09070665451108523,6.497349129826426,0.5047477530800218,0.645376219583791,0.6454448112943993,23.639147197028784,-0.5508334908121677,0.3888685327357862,0.34257950592188136,0.18,0.392127004165416,154.72629722485163,96.10117384645264,0.534411988128897,0.8554254737195403,0.1271081284147907,0.16954208513025548,0.5804722890929567,0.8728918715852093,46.76840387537764
sewage_sludge,incineration_energy_recovery,79.87549833422999,58.422207165032134,24.209055669681675,12.463139363192516,8.417241338201453,5.027093665636457,575.9244629671288,1.9847860072742267,62.80219447165749,0.5826338901702782,7.038675793958367,0.7023131777401681,0.7712890730691673,0.8604824062833039,17.11191150811919,-0.6576941523122903,0.6048425502220478,0.6234627760051772,0.18,0.05,386.0630784694493,99.03251737261877,0.24599539855975822,0.9065004154651198,0.34046703734044675,0.0,0.4897762243546381,0.6595329626595532,31.91714015319847
food_waste,incineration_energy_recovery,66.70195408689194,77.10743714820659,4.680694603414268,21.12370281118126,9.778061030363714,4.16944903388298,654.8310107772153,1.0,44.570164607520155,0.45484242078394915,6.631173338717813,0.18418790563115636,0.8793519259985069,0.6732204562659937,19.103446576155495,-0.6952390454314935,0.6279416722896377,0.3565188684620339,0.2511211203398441,0.21625805763926648,291.39934216606815,82.05782190352149,0.22832916929827266,0.9317042231059096,0.17317921254940666,0.0,0.6156934995042098,0.8268207874505933,35.48116132996262
mixed_biomass_stream,hybrid_biorefinery,40.90987042435654,55.239950717755555,18.86776801239988,25.689212843832284,15.191781838108538,9.034890615458256,684.4139732876143,25.253935231825878,72.14499277237908,0.1378155619042979,7.259458224788726,0.35949406805963874,0.7582523687152299,0.742191104255151,21.570970622221193,-0.7432251809658235,0.6866654794509285,0.21552386872300056,0.7746255912583617,0.6519043005539598,27.748080011247577,117.53161866810893,0.8991716889511537,0.9389592434292566,0.05977903952696939,0.4993556363344219,0.5248314794476135,0.9402209604730306,64.08233933397095
mixed_biomass_stream,gasification,31.6720220430593,63.134647811957905,6.982645547059459,31.13644842972352,18.319614095006692,10.50075857618888,411.5948786929175,4.217545952265252,39.43180619364345,0.35584635159195344,6.764940048744397,0.2601114006488581,0.6548499210458658,0.7362537294242254,49.1012827213313,-0.5364884246701324,0.6562042220607107,0.15904692577337876,0.6761315505014867,0.565655396067535,172.1693038219253,124.8631611771849,0.4463364896439581,0.7864167079201834,0.08429325145360336,0.12423557448850572,0.46726965462335823,0.9157067485463967,49.393459491236555
msw_organic_fraction,hybrid_biorefinery,47.366346207287684,70.7541216632227,18.806810367748632,26.984722309211055,13.922722311923147,7.310931589870889,806.0513646286563,25.902567572751607,49.91111846239297,0.128343415143935,6.92207521311421,0.29981693185641445,0.7983663618032867,0.7023475471102869,11.826434422313271,-0.7137739781968943,0.749103652381621,0.1529971474911063,0.39998602996265076,0.6386241556463604,56.65579031072238,104.0374087657708,0.8128053409100796,0.9515475895786627,0.03890879009939563,0.4242706745176042,0.5929320049486688,0.9610912099006044,65.83635548544504
msw_organic_fraction,pyrolysis,50.6165111684894,71.07339215724625,12.031695740742927,32.17092267076503,13.046319751456704,18.33535768303858,700.0570340929062,8.251242195248714,43.06898786079706,0.127650262921849,7.038108786932067,0.4116135905944542,0.8643242261468175,0.8523441920961318,27.02818678971678,-0.6628190499041349,0.9739292103502695,0.7284193559865996,0.2658104049152211,0.3266038188192757,189.9543152267675,108.25328022017001,0.45103418469509154,0.7874395691728441,0.34782454163441245,0.07804073967073376,0.5020987337182932,0.6521754583655875,37.893088493662006
food_waste,incineration_energy_recovery,69.99970040774117,78.28151692787635,10.81348418997064,14.23141555134283,7.9613359465690445,0.5,464.76914538350127,4.974560050218667,35.2022622299148,0.6186070251972058,6.884231937197264,0.1568403518314957,0.8971759914666427,0.7120420094922008,37.709744159911594,-0.7174537842423089,0.7858537776500273,0.6209648732552534,0.6708396482532649,0.12128242632360375,285.4835815305917,86.12547246549026,0.3567571402098359,0.950951318557162,0.25630518554538895,0.0,0.5733901734465071,0.743694814454611,35.29590849688541
mixed_biomass_stream,incineration_energy_recovery,33.07172003635762,62.03721568400878,12.492049298300415,25.305180218716067,16.679021856972614,7.046022933988329,693.0815675546343,1.0,46.641724283122564,0.5936701826689206,6.923120401048323,0.5412191683626671,0.695314224672163,0.7081663398980323,38.569003517233206,-0.7082214768548387,0.5703672997702366,0.2912230350997131,0.7931416580294863,0.5982285097226611,276.47149558564655,108.07334930576879,0.37226078743846663,0.8920174393176328,0.18052585256154374,0.0,0.5628031705296761,0.8194741474384563,45.02171895185775
food_waste,hybrid_biorefinery,65.06046884185629,74.4252627373461,9.343353831614735,20.65635120597909,12.26247821491086,4.095339954663396,534.5950658996771,22.02036191568613,52.7292691063627,0.17214481066305978,6.868768199593091,0.6808065253773424,0.6451820423074666,0.6540895016951629,14.191830122158716,-1.0994546255443205,0.6077487362252592,0.5209855416405155,0.8578265395117379,0.6069677576445991,12.024638939347614,106.38537082092571,0.98,0.9415571303333033,0.13220913354367608,0.5401957430146815,0.5736099023611502,0.8677908664563239,67.53575865829599
industrial_organic_residues,anaerobic_digestion,41.29349087771183,76.68060022109374,6.942097968995251,19.9270165989695,15.1846073806157,4.355852384966127,43.482023890789726,19.42820147534229,6.602770124744845,0.18816756566849638,7.70515069792946,0.4860970196346476,0.8478057752079302,0.8281537633279118,13.05760085788521,-0.8845675924018933,0.694402177729624,0.5313247055012972,0.574411127221438,0.6858529140030658,37.524268277474604,61.8196508726978,0.8119995766813684,0.9592165604170338,0.13658307978226508,0.47396293953902696,0.8255210575401597,0.8634169202177349,67.98298493034832
agricultural_residues,gasification,23.08783199893195,67.22297792764144,12.972751097179145,34.04191177894108,17.422422699203334,0.7488240229489387,735.6702082467497,1.272725222517657,57.55273155969949,0.266704293083398,6.9714208781564,0.6557245866239413,0.6446349652652927,0.6516558032005193,9.146021584006675,-0.9674414969292067,0.859099013295582,0.3366188329375989,0.28265772064768724,0.7547473001230321,137.02736237578893,91.92725619974057,0.4478806289311945,0.8462283611635597,0.12657889105131281,0.21551334447847031,0.6822167418179061,0.8734211089486872,55.73739476054686
mixed_biomass_stream,gasification,43.943507757860786,58.14187873681701,11.015451131288117,23.38848576629706,14.558153978524171,7.111871756336713,568.1902868767942,1.0,49.48831542355256,0.20374622329465075,6.991959292245799,0.6364248539449734,0.7344141055154686,0.7646644939628753,41.16200846021867,-0.8341359532273407,0.9317324756260577,0.7263338613288627,0.5591156223762722,0.5078594070275708,197.7205126348196,118.58037084510364,0.470909791615309,0.8406955915834402,0.3262808713974682,0.05786879835111789,0.4876218545718359,0.6737191286025318,41.82222907154764
sewage_sludge,pyrolysis,74.92806785331477,44.857662835109146,16.904016546920374,13.618013676571804,5.687718611846242,9.995656217411705,510.01854174004717,10.807930350493443,33.74855224762635,0.18335639175644575,6.256973907197139,0.5449819085948491,0.885203611666003,0.7979902338495373,22.796374960629482,-0.7247586410753717,0.6776090232283698,0.2619759918946571,0.5630590163675053,0.05,224.61959658725206,92.62832347040407,0.5943937132575824,0.8409912880421454,0.0978527009948249,0.0,0.5234825080505049,0.9021472990051751,40.106608155407834
industrial_organic_residues,anaerobic_digestion,41.71530461444086,72.3401667213498,9.096510068722283,21.93338907936584,13.529221650097439,1.5128359234497282,43.58972910164171,24.057801769139395,3.0,0.25442812752388994,8.152540988626312,0.1182218640622905,0.5469539041748938,0.6688349318124271,13.804834997135714,-0.7650268250449175,0.48180169433751074,0.18813816913645479,0.6198842058961018,0.7239494880435036,45.00276471906669,56.06779864957671,0.8138389491348605,0.9213152524781668,0.053708841253301755,0.4545382734569696,0.8641752102665355,0.9462911587466982,70.809152140391
industrial_organic_residues,anaerobic_digestion,43.75227123948776,73.56618093459744,6.639659218859769,11.868146065253121,15.230115721549508,9.829343091193184,42.76266234842694,24.41258138649646,26.840541975538848,0.19221531056120367,7.080980033686574,0.7050554830065047,0.9154391939751482,0.8740185763246198,67.87529773200663,-0.9467349425278703,0.7253518150205626,0.2123500231594979,0.48414107378761045,0.552495486830673,133.96942153403657,110.60912457175021,0.7686343054490707,0.9111479348653192,0.06213716426481938,0.22345604796354138,0.53939571988301,0.9378628357351806,54.52659929857741
agricultural_residues,gasification,21.817391284146513,62.47090033631423,12.142376051158143,36.06312621625877,16.59854838034905,3.627996925825107,734.6214095611175,2.31926894470573,42.52012817296817,0.2621666631930889,6.479379069030133,0.27430414851373897,0.7863422406417027,0.7836522636701224,48.44788272862775,-0.7468842479565958,0.47050816065060563,0.21826948853443037,0.7846088847537297,0.7610031702133742,127.42081836535462,104.54929865100685,0.5227005745887557,0.8553347165591381,0.08320257274708556,0.24046540684323475,0.6171612308626957,0.9167974272529145,58.38653678452628
agricultural_residues,gasification,25.58639631634334,70.53735035911677,6.836874148316149,34.85761582446779,16.377334991328073,0.5,640.2213972861229,1.0,38.53187389349401,0.3414054536143689,6.468937897537641,0.6706908917087354,0.325810161764483,0.45787472527881323,39.416746223710994,-0.8832347460000672,0.4953354633534506,0.5991564776598332,0.48698965664592825,0.7187954975969942,129.34630706189776,103.98728105521118,0.501902685498181,0.7738518061018173,0.2720247477423152,0.23546413750156425,0.6108335302333852,0.7279752522576848,48.1073298297416
msw_organic_fraction,gasification,36.300004580734736,67.18693529798932,16.510164604429452,17.71765601176702,15.191997471198325,15.414581886299633,771.8277866791268,12.724184645705893,57.00111852920749,0.211797785065253,6.806080207373515,0.549865613305962,0.46983072666487014,0.6045424652526776,51.856211607515235,-0.7280827642879317,0.7058834813045718,0.3065388357746227,0.7133687716289587,0.3530399688654354,226.1048593331038,138.3495676144508,0.44442936876761924,0.7001500723831943,0.21070122179631837,0.0,0.3495131741269706,0.7892987782036817,37.12643161223309
food_waste,incineration_energy_recovery,78.58965063016863,78.44381650694397,9.059622832046303,20.39215806747662,9.820883552410189,6.358004949304004,584.7054882679755,8.517308722819376,45.55816650851716,0.5770232824515774,6.381305274182499,0.4197757341589727,0.3241359912573762,0.4873992495810448,21.551071572004147,-0.6760253095722095,0.8279524934764091,0.6543953228898285,0.33160235066141086,0.05,340.0308589490353,96.59540485809731,0.2519766117529425,0.8030920316293546,0.5015827077238978,0.0,0.5026031323258037,0.4984172922761022,31.249732222806447
sewage_sludge,hybrid_biorefinery,72.57943220845019,54.009277635187296,22.69619299467876,13.68293478083974,7.420490403103738,10.172842040647698,674.8002213749005,19.870915942933564,39.644860850946074,0.12545800839876659,6.988629179347487,0.3828339387070716,0.6857625324232888,0.7877597750883911,11.06463625008021,-0.765316435221472,0.9420755534218215,0.4405056763491703,0.7145897774345542,0.35707054471101024,92.9012296631194,113.30713490446857,0.8780642651706705,0.896700181074367,0.13347624542625783,0.3301266761996899,0.48220217823395617,0.8665237545737422,58.65346079804614
mixed_biomass_stream,hybrid_biorefinery,38.22264161619127,60.047986953433224,15.388634926557689,36.56845738422163,15.614234289876089,7.293367022500724,663.4826062012692,18.976435654390436,46.712746774309295,0.18013401637753046,6.864449665007059,0.27060130875144023,0.5374103393321691,0.5607705809062601,15.411052169671477,-0.8187856194261927,0.4348945058693873,0.4178401061871563,0.5780342675894773,0.5388310815755993,67.7095802859838,99.66878703724164,0.8551031024399796,0.8704023385522759,0.12763934121735876,0.3955595317247174,0.5939702745927286,0.8723606587826412,65.99776764734179
sewage_sludge,incineration_energy_recovery,82.20418074550842,51.493152789696644,23.233759441683006,10.311517797904537,7.341379431425431,6.660898968168118,766.6055676853857,3.282993879009425,41.195051087321104,0.5953930428672157,7.115250007989348,0.04817593054523904,0.25,0.5622740671574755,9.636434905265798,-0.820538357291908,0.5495164188024559,0.167357579391021,0.6999750279430142,0.05,371.11155838659374,78.27081201150317,0.3122215386521958,0.7718417501367388,0.13506223232114656,0.0,0.5990483578341939,0.8649377676788534,34.27950119778994
food_waste,hybrid_biorefinery,65.00674795286957,73.55753088689008,15.883901167924968,17.350074752082534,10.656169557490554,3.3906550487576377,642.4998777313878,20.875476827661036,62.06788208685259,0.1830837645841309,6.6572585012828,0.45017984876011213,0.3717803794074174,0.5945283998226585,31.69749343999426,-0.9226752954909725,0.5822590380377555,0.6289971493494324,0.39617097374726123,0.4242121873610376,102.33852511541524,121.4504616326235,0.8513225459963208,0.8886329311758244,0.1847753547872087,0.3056142204794409,0.45411372525825194,0.8152246452127914,57.50446681988245
msw_organic_fraction,pyrolysis,36.95900322230178,67.12728798161861,17.76039637090936,31.311531073147933,12.965496793760789,11.899264003423191,467.14944665425986,1.0,51.15558104027835,0.16865727376744347,7.255561503390326,0.582783617673641,0.6735826050852426,0.6874807300427551,38.75629118909368,-0.9108246123918313,0.2277372793455404,0.23290519862127304,0.6758009557769717,0.38088308866464643,162.60684250829863,117.7137506946122,0.6122780803341719,0.7924231574080864,0.10825376615141165,0.1490731363420815,0.46424822321878956,0.8917462338485883,49.17378762757035
sewage_sludge,hybrid_biorefinery,67.60717092031207,51.71755717742231,22.563577419331512,15.898418004391978,7.38642202336416,8.779128308339814,769.881360696004,12.550235353944254,18.516907475699107,0.07166056947445006,7.4739393331431785,0.16804450821833639,0.7907721698829338,0.8281444474517667,6.262846425608952,-1.0951579360144095,1.0,0.26718490164599207,0.8395073876748609,0.35093146211349896,108.89821843956003,101.0445519166632,0.9018665094178034,0.9346324549452251,0.071713279165443,0.2885760560011428,0.5453914905246371,0.928286720834557,60.8780654196552
industrial_organic_residues,gasification,41.708419983995455,71.93032346740162,13.29633840579521,26.09542706476572,15.36687269942584,7.17483291934575,601.7971846591513,1.0,30.811120784761094,0.32506768753037507,6.751536062522833,0.08830272691753215,0.7806308935260028,0.7560783585806696,47.61794675334247,-1.0837706275116565,0.4356579708205597,0.6591818657523999,0.36077145684674233,0.441473146565822,232.36382772354435,106.836508733398,0.37703325192966797,0.8479323313913538,0.28663440504842697,0.0,0.5348266778581755,0.713365594951573,42.17930513218906
msw_organic_fraction,hybrid_biorefinery,56.37882135549713,65.46444800150888,19.53526538948409,18.544401979086384,13.1304355089214,13.176411003989404,641.3810096687602,35.51193367450035,42.70289152304716,0.05522392739844059,7.169290041340612,0.5838987873569036,0.5481331986180225,0.6280486629651668,22.06465535986989,-0.8587358507594146,0.5157819976300989,0.6031399624757884,0.4479376833470923,0.5039482550435406,84.59619928989626,120.19617467771356,0.8064614467973995,0.8452363816208528,0.21910184898564983,0.3516981836626071,0.4782571704374023,0.7808981510143502,57.17151606024228
msw_organic_fraction,hybrid_biorefinery,49.941442504324705,60.13136649159206,13.260048045260815,26.56791563271768,14.606150564004226,14.440282447228162,777.9600909829636,29.150161331287716,43.0732340051625,0.3109641416215988,7.414643170486785,0.24513327808516042,0.5772597026372694,0.7315436408085493,26.055773024222113,-1.01412490998008,0.6887389067566315,0.062167808359082345,0.5648247329376942,0.5842505742487059,106.95940383882113,125.34478053075074,0.7997348683506393,0.863389304251284,0.022942196447885137,0.29361193808098407,0.4688257551202377,0.9770578035521149,60.87546060735205
food_waste,hybrid_biorefinery,59.70701645927831,69.32687662802715,5.153379169471597,12.046991254913078,12.44087416747145,1.879437240626305,661.4839241433057,21.780536876422705,47.32203186792986,0.1849044724864822,6.710409013436287,0.6625775627149312,0.7938102485297317,0.852344150064683,14.22085532864009,-1.1109821183765132,0.5967230141598056,0.18527822423034374,0.24948050237385513,0.6028136329316114,79.3157775594317,101.84445238954022,0.8422202699262742,0.98,0.03866918895839242,0.3654135647806969,0.5965955656157955,0.9613308110416076,65.1085252956274
industrial_organic_residues,hybrid_biorefinery,36.570905039650455,77.9536396835799,11.20309892118758,27.938667658316334,15.555005027584484,8.168358421039628,768.0107287214606,15.955477915314432,30.498546237267306,0.22072277596287398,7.438044434983702,0.5165163948373108,0.9150571600748217,0.8862711228509323,13.359620460553822,-0.8553672752519116,0.6496296504505452,0.5435045318793532,0.615694462832451,0.7822722693097534,12.40174797647036,110.82493176738832,0.8780664183478202,0.98,0.12935710040091422,0.539216239022155,0.588810784682944,0.8706428995990858,72.55747099522993
mixed_biomass_stream,pyrolysis,33.974860225925106,56.74370534475401,15.186272459764318,25.69962276723715,17.47588572181981,3.47372761653868,615.7010129020423,12.133134781783049,68.71006060076165,0.07361268246039472,7.186390538519307,0.4982486878883823,0.4183600781989784,0.5869610922204234,38.8160119834209,-0.8752456382073205,0.4528775798892464,0.5124163525583678,0.6534895404020937,0.43835882731993225,168.65545089067427,96.96262963831398,0.6589161868158232,0.8219644548056808,0.21221735350786453,0.13336246521902786,0.5861093123350483,0.7877826464921355,49.73283202934022
sewage_sludge,hybrid_biorefinery,75.74978093901892,49.836037435991294,22.35896772156919,15.288787703823882,8.92956095556781,9.733074447734076,749.3549809322052,17.561229805100666,51.45807141750427,0.10191938281871223,7.5708554291115995,0.16860269081856827,0.9261566107335589,0.9063833312795431,51.302794487228205,-1.08043919332362,0.381113844735609,0.22545139483041937,0.22223033674714593,0.23989996546749343,162.5594112029843,131.64882050018463,0.7409142783181334,0.9557445978358062,0.05586402678401513,0.1491963345377031,0.35988946345450834,0.9441359732159849,48.69830090942045
agricultural_residues,hybrid_biorefinery,25.45928509464609,76.83715012950731,15.965787819415663,41.16980066372681,19.646382994253084,3.487104086206144,738.6370443106275,24.924294009735863,53.831119331902066,0.23971503916779016,7.298601583353507,0.4874965646603446,0.3970393324998966,0.5331102985046836,42.35535050520664,-0.9529014652529948,0.7491744009097446,0.3503342900014214,0.5432060347267549,1.1684785481322375,-24.352292217979365,128.83882265138553,0.8903915052510732,0.8638470916865326,0.10178047728210222,0.6346812784882581,0.5789662140028526,0.8982195227178977,75.54476265667384
agricultural_residues,hybrid_biorefinery,28.17988684423302,71.22778754098388,11.46712662385172,34.44762401205927,17.352978633815656,2.6878995082834116,531.5060908032764,30.174330194122355,51.00422287485979,0.3047643703187674,7.426549104011234,0.23521400537724246,0.7154329065879739,0.7059842560542764,33.136792604096556,-0.8585421311317726,0.8801619793860663,0.13293110432647473,0.29546468189004166,1.0354524328917085,-16.200019829366155,111.61469185047395,0.8138679943447059,0.9570052771236309,0.030395939775060405,0.6135065450113407,0.6403537886547341,0.9696040602249396,79.86750284196928
msw_organic_fraction,pyrolysis,55.23419654687385,67.31968393763506,22.139368683936198,33.01087789956254,14.990573955793591,9.707388932311389,569.1684042346386,1.0,50.07788404801083,0.04713015953058691,7.008489180639819,0.43102375016089023,0.38500809624422644,0.41052381107646163,58.25687548980926,-0.9526791249573635,0.8294264889635079,0.03312357219350422,0.7016278496429118,0.21677546981857532,230.5360157762668,124.45481855764602,0.6219371398974194,0.7290726084100895,0.017349672669642862,0.0,0.3926652425303707,0.9826503273303572,40.105388478813175
industrial_organic_residues,gasification,42.886748368522866,75.79363366576008,13.217463434085323,25.555548484484273,16.651132101694778,8.71536409337175,755.0239789814623,5.831474951131229,49.57574744181872,0.32191978494228124,6.79216959905128,0.8251051048811249,0.7952333070461928,0.8165395764689535,31.159280180663433,-0.9468170398529381,0.821528412033498,0.43126703776314873,0.785864481219996,0.47002397995703604,177.46505293035656,112.27175519859311,0.5314669800418866,0.8459448985807909,0.19506631614570627,0.11048038199907387,0.5125013008611105,0.8049336838542938,42.882424492694625
msw_organic_fraction,incineration_energy_recovery,52.654950950906546,73.12713543121573,16.510769943036085,26.73487559981643,13.751753788537389,9.655415901823632,631.11243511161,8.192531453223168,55.53082338430612,0.5750295083423178,7.353793999944267,0.31751124225425914,0.8729185312979069,0.7661199808921726,13.98564866503115,-0.8849303274483251,0.6401029400251111,0.32318176760945133,0.49728761374069125,0.2772290332519323,285.5320799552121,87.44412854517456,0.2621348915027481,0.902359646691674,0.19028308875720032,0.0,0.6007581318145063,0.8097169112427997,38.42092836117966
industrial_organic_residues,hybrid_biorefinery,39.57274129694699,77.98759510590452,7.642435477876589,21.642017376299936,14.854289339633048,4.4950792516565246,903.2992083066962,19.009665228231995,28.773238286833504,0.11735365576801385,7.176165199244946,0.45692706400165606,0.5252883766053703,0.7065330592874368,25.749104312683034,-1.2394807761390294,0.555968660212594,0.38984007994289244,0.35681946084484223,0.8608900952246796,28.51894104955374,111.06492212027592,0.8342934755697473,0.927409186205975,0.1087430696980854,0.49735339987128896,0.6048435992637667,0.8912569303019146,71.38815395034527
industrial_organic_residues,hybrid_biorefinery,52.638988935599976,75.7623958706688,11.892463605700708,30.632597868651754,14.00062813245113,11.337506855991375,665.0314680732301,23.690066322347157,39.58909966445142,0.09787535951564391,7.665052625060607,0.45645964037834313,0.8256566449830757,0.7941422770311751,25.490043708720496,-0.8387417668945157,0.7914782161064547,0.5075224811885947,0.6489582348540361,0.7170674650280404,51.8377985083052,119.43723037494425,0.8593937819518368,0.9246791641511611,0.14340845676964709,0.43678493893946707,0.5291378403327781,0.8565915432303529,65.80452708588406
food_waste,hybrid_biorefinery,78.40929242924847,70.88058844352729,12.90295402489778,19.08194478677025,7.863950740715858,5.482728438728963,862.5749107385184,19.309631549916876,42.255445677997045,0.06758625165163704,7.109131137135893,0.6355917841649397,0.7394081182621961,0.712184738946176,9.215293470028662,-0.8574753059400375,0.7697955985581655,0.5306577408576735,0.587530570361233,0.4063407834185031,92.52103656057442,109.71117319398866,0.8993508862524007,0.9479886546631247,0.13245393338963202,0.33111419075175474,0.5119677450152883,0.867546066610368,60.62943097652903
agricultural_residues,gasification,22.147805624241045,73.35283120358767,10.065275314614116,40.09883564460986,16.497639619667748,0.9827462457572835,703.7072504519849,5.775178130644477,56.424272485837975,0.22158659929092267,7.0613754961122455,0.3762270719735744,0.6361324052603715,0.5591534484453824,44.97214895699727,-0.7747457819593905,0.5666645019347302,0.500198133181684,0.696967320890055,0.7189061453619335,122.26251353398074,110.67055582680767,0.5274607722600987,0.8176790050930685,0.19109906135497293,0.25386360121043966,0.5756827423648482,0.8089009386450271,50.17917067674301
mixed_biomass_stream,gasification,24.776135554307366,63.61497634035112,8.152297625938534,38.15217099240165,17.527747196337774,15.291760242186495,615.617545502442,1.0,38.51330018756911,0.23376234387065087,6.934939936766631,0.21941233501575713,0.7511526218506802,0.7408434335419644,11.195686031893818,-0.9612075895328225,0.47843459125262544,0.5254942701362298,0.7594105588695594,0.5496401112844127,167.58904248368543,101.61972692855991,0.43036330482334506,0.7464626877672287,0.2975515645466308,0.13613235718523264,0.5860801564375187,0.7024484354533692,44.81276567101419
food_waste,anaerobic_digestion,76.30254263669775,80.79558711545009,5.408460810591077,18.981827909497234,11.76391207627987,3.0872997456577,41.85817905764744,28.552763068758686,11.21831319842096,0.33001314391889336,7.377450343355307,0.46688049588419334,0.6310920174743446,0.5571843233629508,14.243258262300513,-1.1627049906414406,0.4662907250577901,0.5029508254647532,0.6778338272849848,0.8268584501079819,53.7993029769386,62.066099725716256,0.8451977982723777,0.9025211701743012,0.14465689731990822,0.4316901221378218,0.8552451762568284,0.8553431026800917,72.7306336177372
mixed_biomass_stream,incineration_energy_recovery,36.42863226237726,66.43549707923043,11.51724444211177,30.8892145543849,14.963302599729468,9.199413577221534,677.5381737952397,7.783245843847646,38.05005737808705,0.5382935727724372,7.216037526075614,0.30410988017172297,0.7352469933259629,0.5928677813602721,8.930475461037258,-0.7825884968511714,0.5012206160266335,0.3740292950179249,0.548354267007955,0.4449563395492802,230.42528287140343,73.55149776100258,0.27702146212517575,0.8545366298780495,0.2416370849506166,0.0,0.7107772485903017,0.7583629150493834,40.56194551002275
msw_organic_fraction,gasification,47.83025537369748,68.10198988355766,14.35980535163603,21.035708310708504,12.32935810635892,8.810074784511041,772.3633438254385,2.210944293976893,33.588131242563335,0.15302670797598858,6.705335931562155,0.4116994166602791,0.4272971528892295,0.521477693489887,34.58270898439902,-0.9866516185314205,0.6925802022436113,0.04906326532920443,0.5055428244201031,0.2615341143875515,221.09569386204038,107.4499499034652,0.42765113594627086,0.7453387632468471,0.028580107074707307,0.0,0.4920114530417603,0.9714198929252927,40.17733759451562
food_waste,anaerobic_digestion,68.00459012896222,79.1629244427405,10.478149586471542,16.6319089641946,8.817439485657545,7.231083240868655,36.69080746439901,24.226821982681116,3.0,0.13084216657241957,7.3240802175964035,0.10023621169469955,0.7430321488262381,0.8138238332495669,30.594739481485142,-1.0673830069091388,0.7253377637242466,0.3167393646398718,0.5788330528933014,0.5701336377476383,104.73250313671466,62.228161215730545,0.7621095774728207,0.9096368719531877,0.09773581598939564,0.2993960957487931,0.7979127623269513,0.9022641840106044,65.50842386665288
food_waste,hybrid_biorefinery,67.71515252933636,88.55621289858078,8.550127562477845,16.215566941697418,10.825877062604278,1.454845442762151,683.56211143871,18.894178441925035,51.009492794512106,0.10699311999809984,6.944484495900389,0.5957024957928615,0.41738150001780583,0.6386700545962742,38.81223502828264,-1.0167530067289086,0.8359473580368066,0.32647619890709756,0.6891880426817094,0.7203800813099955,4.319396868613612,121.61299697329534,0.9497692922345212,0.9134348998205855,0.08638169286586148,0.5602093587828217,0.5184152127655919,0.9136183071341385,71.94787347677716
food_waste,incineration_energy_recovery,78.31261377266173,70.22674301314026,8.686974474656601,7.441933226890537,9.035956260449533,0.5,490.51168214969846,1.0,39.322960566034126,0.5677715923743303,6.967312439052273,0.7790416308508038,0.5351983700509153,0.6320096528846635,25.461491499147833,-0.9647309178589876,0.7298012045395756,0.8943663915143131,0.5513750065414005,0.09491833198646216,310.4973518583301,82.93110439808744,0.37666708210341443,0.8672576340926859,0.48109122848811786,0.0,0.5844025362049825,0.5189087715118821,35.95595098446071
agricultural_residues,hybrid_biorefinery,36.088619248767976,73.60996116958522,5.641214430075875,48.41867682497376,13.538117588525358,4.843900938082428,551.4696313615973,25.299708195890428,47.962360557647756,0.18936977454719742,7.354988515167115,0.23589995887775464,0.7252951408011886,0.6501616840961841,6.7161340290505445,-1.0222525684837265,0.5125407628879304,0.2816473781552855,0.7499467396728712,0.9161625840204399,-27.11058652010901,100.45989210364199,0.912451375061861,0.9002671082116768,0.06941256047799424,0.6418456792730104,0.672819494254802,0.9305874395220057,78.3510134687478
food_waste,hybrid_biorefinery,70.38094254362655,74.02407507955931,7.20798834641219,12.302981085324951,8.629014153628685,2.08088797629613,579.0549960998619,23.536388383165487,35.68513310249003,0.21441767180829702,7.838723256613719,0.6817868200126598,0.7295579334421199,0.6728389045382348,10.763980909760136,-1.0542537829193632,0.6579390925436092,0.1931752811146282,0.5518917702211729,0.7300738738603757,29.85348148246287,96.70979570229782,0.9179496723222331,0.9523518977528885,0.04266416212136469,0.49388706108451197,0.6516173275003467,0.9573358378786353,71.43496084118841
food_waste,hybrid_biorefinery,78.3505726024712,71.07270079502075,7.641357480515783,19.876725501482397,9.298029573028613,1.1693429972143687,692.9254674568535,20.523654486125068,50.406475928878415,0.061007642490234895,7.047311455798462,0.3663939180312326,0.6659329815828301,0.5872281332354853,23.426930570132512,-0.9687573761811908,0.7464332212868372,0.3338653805152865,0.49661338232245905,0.5221062424446259,73.90001735706471,107.18074058636861,0.8852794580426128,0.9589814414851473,0.0743205833762726,0.37948047439723454,0.5507542123569302,0.9256794166237274,63.82247660059615
msw_organic_fraction,hybrid_biorefinery,47.13273475396966,58.57514731793113,18.87919510086998,35.18438112683116,15.115122003587421,4.120783693889869,793.9098706206773,19.828449391743803,66.60793118339119,0.10730197214861022,6.755103633617352,0.4909618131950976,0.6129748634702715,0.6132495415636818,30.034390219894824,-0.9374100916292477,0.7407239848002308,0.6643288858039126,0.6953622706436832,0.6162647648617171,32.10495915376886,112.03544739578889,0.9242720268592994,0.9171062053590516,0.17250552758015297,0.48803906713306794,0.5459179988180572,0.827494472419847,65.01102150081435
msw_organic_fraction,hybrid_biorefinery,57.03450729707579,59.395119846308496,19.065118079504053,32.56211058506847,14.442922433606782,12.61461182619897,643.7506420788951,15.981909121120033,40.04281746238369,0.07542223448918144,7.549041416288663,0.4985022422852491,0.6624104221378438,0.6965092225062677,32.56920887810692,-0.8886841497664931,0.6402799980510774,0.34487556452227813,0.7653801967864131,0.5370283432755042,100.04440090518908,120.57014902559705,0.8829229457960305,0.8727795109454816,0.11417580223948968,0.3115729846618466,0.48356650380694227,0.8858241977605104,60.095967075107815
msw_organic_fraction,hybrid_biorefinery,46.84943112377186,61.0056841249382,15.157943516026467,28.68723672694741,13.319521967993957,12.12699627951225,732.697571224635,15.41315914641381,53.97772610903297,0.1894256807883641,6.9040265047109655,0.9152339749239736,0.9111176844940674,0.8303120623953553,12.73795730817591,-1.0968375474878838,0.8595295382989294,0.5745573018355397,0.5888189253330212,0.5152690980288359,74.2822101640987,123.7191602724273,0.8755344753705874,0.9408790943290732,0.15491637732663477,0.37848776580753585,0.46220572644830543,0.8450836226733652,57.94964101902835
food_waste,anaerobic_digestion,59.51043458738228,76.18262745240867,5.350338393646892,7.375669700213265,9.694503806664498,8.872395575685127,37.58728773853881,21.63475218997847,16.52018226644026,0.22277735816215166,6.636963956698438,0.5870241266749885,0.7239429771223939,0.6071921460942518,18.894461903707214,-1.0039480035082284,0.4087394121905907,0.2423383506257552,0.7241042321290727,0.30251595985276375,110.9323963637307,75.350851453258,0.8258812191364713,0.8475820220550029,0.08002364038078713,0.28329247697732285,0.6699700824662501,0.9199763596192129,56.11402082658891
industrial_organic_residues,gasification,45.430868782140074,72.37664731122953,7.686015092075207,23.2173824157626,15.773820691962564,2.799748429785537,720.1311267168504,12.694103101190283,44.22025285533124,0.36122656709913586,6.966233779970661,0.5448503987589783,0.5655688376394576,0.6148243409881607,18.12360622279331,-0.9138996379554698,0.4565829788965071,0.5791154239293377,0.7318506537610209,0.5301101109847539,158.05495676179518,104.67944567518094,0.5369524563324747,0.8312671601321331,0.2499305447400776,0.16089621620312938,0.5656797734946409,0.7500694552599224,44.8181723445976
food_waste,anaerobic_digestion,69.08716798323432,75.00233101034975,5.975037595376584,12.394536123947265,12.770372749870491,0.5,44.13321607172894,17.824821250396283,9.144603037182875,0.31777252452172217,7.428192100723176,0.17993240346858289,0.6269049843822311,0.6717131464338497,42.893590231748846,-0.9947052229019131,0.909249761410483,0.20410236511904675,0.23904865204670872,0.6062563917491648,87.70862851521565,75.17561731578358,0.7306567552891639,0.9186795839187486,0.05291866669151343,0.3436139519085308,0.7377152624175343,0.9470813333084865,62.40788749377483
agricultural_residues,hybrid_biorefinery,32.67560098407273,66.88473995068038,10.105577947579171,40.299794036892784,19.107804409401947,1.8332686721226314,428.80426315242585,25.41247483632035,51.35172165214799,0.15162775360063946,7.7986093945581185,0.5902502086427504,0.5020510979075723,0.5644999002666735,7.4901164248739835,-0.8191721636589108,0.8080429817387849,0.08847314000259848,0.8800873889081424,1.186913185962948,-112.22221641501842,95.9698937954374,0.98,0.8995075302253327,0.022575683668096768,0.8629148478312166,0.7560161967253359,0.9774243163319032,85.67620786541599
agricultural_residues,hybrid_biorefinery,24.707881022376597,59.897728976473594,10.145523553648374,36.01650931737535,15.396375146179478,5.632793932706585,496.9384971112591,23.470544131088037,39.153781437738544,0.11325277955337881,7.576955407305595,0.45211414635458974,0.8668709445733552,0.8185328621227198,24.438555565095676,-0.9675105504659225,0.8418768150007043,0.3911192271923687,0.7367622751124941,0.8608711863546097,-7.652567716454577,112.58492832404681,0.9209301429575447,0.966134341210145,0.08889164010983762,0.5913053706920898,0.5968394066609257,0.9111083598901624,74.14310814386042
agricultural_residues,hybrid_biorefinery,26.129470131707922,69.69276911782124,9.525125243603874,41.60035651103047,20.17794406822768,4.734423583366162,669.895194491452,25.12276003697145,45.48260035021392,0.21865132827315764,6.93793926968435,0.8027439044999776,0.7521606750109455,0.6645834528089982,7.384458321476828,-1.116156400801803,0.48074437091773287,0.1498533723292906,0.30743825854191326,1.0472848753055928,-20.002221952164557,100.27028463911263,0.8479381119119134,0.9240736078662357,0.036060157079566696,0.6233823946809469,0.7026643323613744,0.9639398429204333,78.78673913722069
food_waste,incineration_energy_recovery,62.75795509201157,82.82160870656747,4.7884268976914655,17.908744934401632,11.253451762012025,7.423005101173061,771.170525482036,9.695978321655819,41.37450601069348,0.7126748860110146,7.180736198521659,0.27589243958921494,0.9689200599436933,0.8163113446657119,13.179848134780654,-0.953623316741564,0.5865121137230968,0.2418757898405854,0.7067759073610663,0.32616772615974565,288.3518459827182,82.45182112724356,0.32680433629919237,0.9277092790308387,0.12207915243293156,0.0,0.6377999464538622,0.8779208475670685,42.462306064464855
agricultural_residues,hybrid_biorefinery,35.24902903485297,62.241302781906896,14.62752243084147,46.178921387061294,19.807303481609505,5.587567836646851,582.3978898068428,28.426676560909392,40.63977784391129,0.11157655887414311,6.5089742863645474,0.241913870848916,0.6674848403768944,0.7368482479826635,35.11494004011285,-1.1452034002685216,1.0,0.49846279832860874,0.24675875861369836,0.7263869615742782,77.09707976753272,120.65370204368297,0.7819298244648099,0.9002030355775682,0.13153010949156851,0.3711764161882267,0.5247856471059046,0.8684698905084315,60.12977184321555
msw_organic_fraction,hybrid_biorefinery,52.04076493036954,71.47519592729037,13.6210554038881,26.24901251095701,13.693785171241343,12.764091319601395,584.8724530809734,11.745003284727025,53.14887581437705,0.1837533501218663,6.859051001081683,0.2730121580429683,0.9383365791625194,0.7482423406075882,38.38428676806477,-0.8427958970458264,0.7433871469527323,0.5104105856516986,0.6509675591373459,0.4286853602217601,127.74476935082295,130.48898126784775,0.8352342231905641,0.9372052482986342,0.1369192663940268,0.2396239757121482,0.4075266673127464,0.8630807336059731,60.10277936325602
food_waste,anaerobic_digestion,79.17305530399182,76.76751501911724,12.023988607258673,25.77027398702107,6.702082866305513,6.1038830850157915,44.734064836580096,19.162278082983615,20.543496942121735,0.17963635494602448,6.557765463375032,0.584321336112551,0.8049484269614083,0.7866021761744151,16.300533491537823,-0.9127442062483379,0.6489331889848657,0.35002760501033686,0.6186638176966498,0.3499431926499724,95.10944574947675,69.48981026803968,0.8186844797180559,0.9445612380453321,0.09913926620481567,0.3243910500013591,0.7112516588669956,0.9008607337951844,57.289090130065574
sewage_sludge,hybrid_biorefinery,77.66678494674834,48.47612258479546,19.180248836154654,7.534933523694831,7.465082001378132,13.494632312491222,863.4322482114446,29.3665357082141,30.119971401281575,0.11864929490962395,7.635612058271286,0.5570346363665404,0.9746740823469783,0.7761179367172394,33.36078668970746,-0.9553585201713927,0.9682452025166569,0.6148553590318195,0.5297056677099412,0.4147891373399835,110.5953162880661,134.0411966330965,0.8225267616493701,0.8997011015237202,0.16304604889658728,0.2841680096413868,0.3857736279353412,0.8369539511034128,55.06009383945176
msw_organic_fraction,gasification,53.066799522767106,70.82358848490631,16.015449763752486,28.280922390331344,13.683748556697106,11.872673712515416,782.4669491728512,4.549307696792215,39.68928759990116,0.23488195866914438,6.69251977295632,0.30361556008994167,0.6959045261957647,0.5901764986240189,16.411442743265468,-1.0358242718351924,0.69517303336008,0.5634833592773566,0.21199723207513926,0.30862663789986083,205.38628357057013,100.22390184472084,0.32417983683837226,0.7730804433640126,0.3021630176092137,0.03795770501150616,0.5404036401025966,0.6978369823907863,39.66108172509743
industrial_organic_residues,anaerobic_digestion,48.53707834739796,76.65828108837114,7.833026379660563,9.553183961117618,15.802378033575183,7.016612706365996,41.81267248113549,23.623385264098573,8.532565008988959,0.18214672397524775,6.761604113687017,0.22924358876474593,0.25,0.4566820596473206,23.36442899409863,-0.7429468957560635,0.4112725435507083,0.3599129405948659,0.6982159725217937,0.38543559672228944,94.91181088452942,61.70730197349074,0.8037771912870662,0.7754850848130714,0.15058684916089246,0.3249043873129106,0.7600205577342156,0.8494131508391075,56.32220525903207
sewage_sludge,hybrid_biorefinery,67.54019425796753,44.01917610904394,18.484947523304374,14.575981633647029,7.95688225827206,7.293194947163626,592.3334584664698,20.107120005491247,48.65220803427899,0.2417063065263811,7.099899503246138,0.20330336111751326,0.7339935889878998,0.6851873984620638,71.95484134527611,-0.8952117746017862,0.6559172562785697,0.5626959496174591,0.733486972456915,0.2850070117040921,157.8856932884439,148.4806366735268,0.8885836473734844,0.9184039825756996,0.15013695620828255,0.16133586158845742,0.2812245074510751,0.8498630437917174,45.62310197013023
industrial_organic_residues,gasification,36.4034565680504,74.31849805100313,8.56776713999326,21.76280501436853,16.371459232658925,8.906088362869683,813.2971753072554,1.0385926341577405,53.188228572258915,0.3143451343307198,6.830718846483259,0.6680684261055105,0.611042642273103,0.7137526442241416,13.316630976556311,-0.961324011051936,0.6527415908253221,0.2754676433071563,0.8539410731004365,0.48374966726101537,193.54766887250966,105.49322292987542,0.5345881238234621,0.7969379192613159,0.14317864089257026,0.06870735357789698,0.5511974376928159,0.8568213591074297,45.37552337524748
msw_organic_fraction,hybrid_biorefinery,38.01704732889135,66.59588128598972,15.673091554822868,19.341819362325204,13.60550293202441,7.1378225112141696,830.5295167327068,23.128099804629404,55.98065730536618,0.14607848358874237,7.6206054844843605,0.3635799324467464,0.7326713998378739,0.7818982533290153,29.395589302176056,-0.6948740346782776,0.6338080744958099,0.5013182639286431,0.757360157630772,0.7429012923908047,30.6932921302587,119.51687265774468,0.9084616764249335,0.9419882001563511,0.13319242725455868,0.4917057347266008,0.5344021124431103,0.8668075727454413,66.31020493257974
msw_organic_fraction,pyrolysis,58.44988941609085,54.4486049061222,19.915599986610772,25.04533572515136,12.427285778441087,12.442109659716204,483.7225750468681,9.610364477360754,39.836501471529225,0.021601709956067673,7.557591575692716,0.2707308208811153,0.688158726365305,0.7859199248879332,27.754075343042786,-1.0088256718226674,0.6748499194945041,0.3825490841836606,0.6528678543262936,0.22692035676006783,201.57812878428805,98.7653975788221,0.5777806616340493,0.8169063713655135,0.17875634148464645,0.04784901614470635,0.5301045964934143,0.8212436585153535,42.15718079101978
msw_organic_fraction,incineration_energy_recovery,56.421994218125086,65.17899924778341,13.578755038212847,30.383110584156356,15.617680542708918,13.780147250949124,649.6808966555781,1.0,44.832580393168165,0.5153603714194276,6.730319891913337,0.6931206193413325,0.923194564508041,0.9080584656504049,16.92464911636413,-0.829695426085483,0.6000758860677883,0.6729991530830415,0.4684466046054935,0.25537009983901515,316.1882972491892,101.14439851360686,0.2561002699420361,0.8838986070748472,0.4286230563950402,0.0,0.5238424824192841,0.5713769436049598,34.00466944274918
msw_organic_fraction,gasification,54.931438024104615,62.24058030685991,14.494103253788033,25.45699820924878,12.6407866448077,8.944692127320328,685.3015575117574,4.092207740965344,31.709292534675505,0.22581317587050537,6.733607471353371,0.11742566312173028,0.5790124329703339,0.61416170966451,78.65623883379702,-0.8726986052021114,0.8750871170351733,0.3758233728312059,0.6210743397148244,0.26366528348077756,248.27434487088655,132.4824729169903,0.43204979308720226,0.787499744796665,0.19981335389539043,0.0,0.36073018911845367,0.8001866461046095,37.24101309492967
msw_organic_fraction,pyrolysis,49.92255103635917,63.718676071175295,20.480904564100843,32.04896391187846,14.677586579771921,12.28126837765767,628.2183346751037,10.020003969963556,65.5229145098111,0.1919167343965173,6.971212382936375,0.3401003601939942,0.7865552335936912,0.8068297075591834,36.39839200468947,-0.8945182645221728,1.0,0.37580463911874123,0.8438097117739177,0.2543348341371755,197.91870322814407,107.85114875451455,0.6321915781153953,0.8187275484055433,0.16253532264068996,0.05735401758923619,0.4883160384864178,0.8374646773593101,44.31535443078156
food_waste,anaerobic_digestion,54.10426305153786,81.91433149317942,11.31574897433002,11.428410402362465,10.904334370161116,7.240099800361489,45.05967628476307,26.062414209015376,17.9227388202898,0.23018054259054632,7.101991156342877,0.13969842977873526,0.4840334006286057,0.6239272791098244,10.052753003007837,-0.9870712965409548,0.7536072399152506,0.38437927713788267,0.8256920224547334,0.6577192673847924,33.1216771541138,46.3139210335903,0.8269181813934517,0.8342275724056718,0.14144102436961045,0.485398241158146,0.9009407597004948,0.8585589756303895,70.64383496787107
food_waste,anaerobic_digestion,56.31323017215099,84.28860674395295,6.162085547281055,17.192010683275342,9.956309627192557,0.5,34.205608291739075,18.863555328008736,3.0,0.287974363102416,6.8106635168812755,0.08637878339137228,0.689182473383677,0.7031738861857686,60.18607700764976,-0.7606636483343785,0.5381771807014328,0.3991241735307726,0.5514899496839015,0.20770951396566714,145.98482192732828,77.28930215976393,0.8012827900922852,0.9440983499300113,0.09908089335703077,0.1922472157731733,0.638910292231584,0.9009191066429693,52.47376235221743
industrial_organic_residues,hybrid_biorefinery,42.275113001817,70.25418648304142,7.818971974061295,25.915098187576014,15.181034709047593,7.01341536181534,644.3203607637479,18.524776265191377,62.24168373757739,0.32226209667378625,7.583477631421952,0.08674190092102098,0.7286124044352472,0.7206771153479752,41.41418119092586,-0.9470945083184071,0.8886650821970514,0.4003579656468594,0.44776263692631885,0.752021235095079,43.96787028639581,113.06126352681164,0.809786103772554,0.947457399034454,0.10623890348527552,0.4572263109444265,0.5703853900008561,0.8937610965147245,69.59362046551195
industrial_organic_residues,hybrid_biorefinery,42.821268824035776,71.25086467438206,7.846942037850742,20.08309707475228,15.521230026543261,7.0529407922325635,600.8969365870968,24.532451560169523,38.48596658690125,0.17965096121839835,7.768034320541042,0.5435846662777414,0.9165763425808526,0.9165239797497333,19.05689852679837,-0.9109823280501668,0.8644172656232588,0.6969308108387146,0.4896359210057544,0.8996733114503997,18.44045434907018,115.97217576012724,0.85652516800803,0.98,0.15963402945451768,0.5235312874050125,0.5875482560973656,0.8403659705454823,70.04851616240637
industrial_organic_residues,anaerobic_digestion,49.096365060327955,75.70899515651146,11.26682419141313,26.446515110219035,13.101968546098007,7.825443259120713,43.342240258853856,24.15497001928624,8.6355776354643,0.13548032969326754,6.950707649495647,0.4221534138674092,0.7560338729752337,0.7236188219251579,51.10342998574277,-0.7617315597282919,0.15,0.3729835386405011,0.7674678559989747,0.47686143814682286,134.19698396953655,86.68893581449973,0.8308611342952914,0.9143436562392915,0.11625943769723415,0.22286497670250247,0.6486519594738814,0.8837405623027659,58.46986516391812
agricultural_residues,pyrolysis,27.165773143819898,68.96979625065194,11.457167358113107,50.65926999747039,18.193384360472162,0.5,875.5180691106651,8.895510183408472,52.84834473661082,0.06721472316441926,7.058894201514083,0.054117699862073945,0.9221085834926421,0.8662133634075198,28.575835810909727,-0.9463509494582204,0.5624237564923436,0.3492960042471892,0.6527660735640916,0.5499272123565664,111.89693631056375,79.82980474597954,0.6440209343799889,0.8946726683399739,0.08951722761944832,0.28078717841412015,0.7008271196343416,0.9104827723805516,55.829653952211515
mixed_biomass_stream,incineration_energy_recovery,31.102823312897335,63.08508341453335,10.297227993700435,33.739809357124585,17.8374605539141,5.826384438380513,615.6439237378548,6.154221694476065,30.382467449722952,0.48623836946858473,6.75913557504481,0.7549518300954311,0.9562290691948968,0.7917803907436101,38.33902048471215,-0.9185995134637565,0.5553392154878372,0.1256652638062947,0.6171506868156861,0.6039640882478419,223.89999055015048,108.7790364649714,0.35389912704289234,0.9316318951531252,0.06072046485964042,0.0,0.5603508548620442,0.9392795351403596,47.60545416408208
sewage_sludge,hybrid_biorefinery,75.21471416971676,51.234994623003196,19.509782510171,6.0,6.466216419859704,9.770643312955624,849.3771769530961,18.971098812032857,49.310911723201045,0.18158542951209153,7.146989348122496,0.06700357901171985,0.6465159131552685,0.6569594695678149,16.946856557607667,-0.6863171407178401,0.6164719340116696,0.07030155513043412,0.38488035291324824,0.31902472038821444,126.86530111902002,95.96056754279341,0.7731858713585602,0.8600429412536577,0.021627280811912997,0.2419083087817662,0.565129819839126,0.978372719188087,58.38615835905884
industrial_organic_residues,hybrid_biorefinery,39.65413193060248,70.63701123469947,9.289192344325938,22.006401216790387,14.178788680296616,5.092409406517058,773.593982442526,20.344016878869066,51.02974859798924,0.11610188533599554,7.634555974025595,0.4975835320042892,0.5443137953012667,0.5350961900515617,20.128515634206003,-0.6756898856256282,0.758815851805361,0.3094975997695551,0.37033164836974686,0.8423796760434364,-20.16537357404847,116.63191781869423,0.8367427288071605,0.907727515943714,0.08717009734741821,0.6238061651273986,0.5714713296837969,0.9128299026525818,72.22759234764838
msw_organic_fraction,pyrolysis,51.20965683928746,61.20242572311568,13.883596740367592,25.60966346478063,13.78215103336102,10.85359794562368,714.32071119848,1.0,37.17193094754767,0.12803926003734706,6.658438114895384,0.8439112588424679,0.6721389921681712,0.6939931048038315,26.09263816724048,-0.7575393327563916,0.3742484405266963,0.47489435863050256,0.29166915240075575,0.29245342149499587,179.40587911414934,100.30925714480772,0.5444550031882206,0.8155285380483878,0.21423799992439974,0.10543927502818352,0.5363962940720164,0.7857620000756003,39.23003616848973
industrial_organic_residues,hybrid_biorefinery,38.80639601009884,74.02357447704215,9.506160123582266,13.450353543294463,15.84348485387887,6.674182795136277,630.3838680172215,32.94146966162043,43.78471765486126,0.3075813834910812,6.860503831916518,0.09149623759439474,0.6358062629629351,0.5337148924696884,15.048203334543263,-0.8225667050940684,0.17840974939262688,0.3768920840931882,0.4510172339875214,0.787771348422659,19.752503495041235,99.46547772711409,0.8133547279384781,0.8881700617428814,0.10559742695475553,0.5201233675453475,0.6498071822997529,0.8944025730452445,67.27459361454935
msw_organic_fraction,gasification,51.45455457764958,74.44896221275468,18.748703223660645,13.709045304293936,13.849227051099765,12.604407123515943,619.0145251094337,10.308775005494528,41.04265973379735,0.20107303751840086,6.551438036305471,0.6361244269524176,0.6242581560719003,0.5566041852678354,73.90593344067129,-0.7931679892164889,0.5991451072648113,0.3959262562839891,0.2831499651250518,0.2817403947100328,298.08475408964375,144.6406496380262,0.36344659557284476,0.7320451216235732,0.22796804731795572,0.0,0.30071630979396413,0.7720319526820443,32.67889069793424
industrial_organic_residues,gasification,48.46242127622723,61.220162994396404,9.867810777025703,29.650725351092973,15.220236349680398,4.050954081921059,499.46081316232824,3.7692840437429758,54.42220871017476,0.306140423110434,6.840412492156717,0.45833412865788803,0.5592960653287925,0.5065776945000499,23.083809500839656,-0.8041600681471947,0.4490205326424918,0.29984345648158384,0.7737035389048151,0.5419130293443456,157.19703337875876,98.30220145862316,0.5317359364453874,0.8011764708145114,0.13636252305265198,0.16312458862660062,0.601840858778792,0.863637476947348,47.80785280521659
sewage_sludge,incineration_energy_recovery,82.80616414109258,63.37816120741449,19.658856043959947,8.463310778453444,3.7814751092400773,2.770942610333269,722.6672625861944,10.27257693961406,35.61868728838938,0.5058658988039128,6.24658564409942,0.19778650336391804,0.8419256765319875,0.7647691982802118,19.907979298719773,-0.9422928994313675,0.4586413804749181,0.39431465355773393,0.5141305770874551,0.05,329.2785397328768,77.29003804767487,0.3049589662686444,0.9153234561194088,0.1871010895687611,0.0,0.6042103260648691,0.812898910431239,34.445300200490486
msw_organic_fraction,incineration_energy_recovery,52.533765233245056,65.3474328182611,17.48720345961374,24.248350139383174,15.493693822261237,12.225834502029583,621.1030789186211,12.9877739817537,35.66727876947182,0.6756396489970989,6.101610575167028,0.6230429841262963,0.5086406154791935,0.5428605387841372,30.513933728566535,-0.7885976782739007,0.6077753020367351,0.49751997031630796,0.7934255342867416,0.2709399520508145,358.2663390302972,112.13044654759648,0.342618980787582,0.8014113570751474,0.41095916624776024,0.0,0.46944654446382933,0.5890408337522397,33.2016982703319
sewage_sludge,hybrid_biorefinery,79.52528440993784,58.05242711022303,25.805672800655405,22.01575424896996,6.735894321279364,7.358846128920155,608.1092862339234,21.615815895147623,49.42716944173044,0.2244912813925726,7.754163489074679,0.4492121409062072,0.9297647587487208,0.7987511701903433,13.564020409917678,-0.7255464069507355,0.5727068804754837,0.30863969919841544,0.7438946876715579,0.4634916848300783,109.0341220496868,111.28241722886322,0.910398720287945,0.98,0.0706244290623889,0.2882230596112031,0.5162712378791265,0.9293755709376111,64.63959083467614
industrial_organic_residues,hybrid_biorefinery,50.798170419149315,68.46896322949526,3.365774916453029,25.528574021080395,14.210804400741711,13.744348282687408,680.6452900779652,29.185860848865993,39.11389167699508,0.22157390180230763,7.28003222226074,0.7299238874338657,0.6661431991291491,0.6221596744628057,40.64014299554205,-0.7731900079215566,0.34735171170825585,0.2410144830443886,0.8135607078874157,0.7310456820630851,55.01457583884447,136.0927098083151,0.9055736499877513,0.8737442547373723,0.08214306078095274,0.4285335692497546,0.444552630010115,0.9178569392190472,63.86843997262193
msw_organic_fraction,hybrid_biorefinery,46.95620612143253,62.340643718797764,12.765212808350293,21.955719341750363,16.21637813136778,9.790639516535503,595.554927069471,18.879634580076686,42.8009333681815,0.17493298962033102,7.57640965306951,0.7336020947578897,0.7217304776197648,0.6685882391728992,88.0,-0.6518264766112505,1.0,0.34565534131390946,0.4498570533344773,0.7689039623076731,97.30657023364319,159.15703815516937,0.8426179542985021,0.9130857649502733,0.1008611605321944,0.31868423315936834,0.3314902498383756,0.8991388394678056,60.792405126805534
mixed_biomass_stream,hybrid_biorefinery,40.11827221609339,62.06566608453311,17.9024925534023,16.801475224147353,18.61982117147654,6.423305586220173,548.4154150051836,20.28564242586194,56.81179692079603,0.3301050510120129,7.723841179042672,0.4181497286024064,0.5139004436010266,0.643686917095193,19.030450357213972,-0.4175360697911106,0.6382820045306163,0.507271241338967,0.40359571484453727,0.8033408280626656,41.781095739809,113.86783603447925,0.8293877678957856,0.8911468752272425,0.15270954317766092,0.462906244831665,0.5774305819923167,0.847290456822339,65.47729868877286
industrial_organic_residues,hybrid_biorefinery,33.864035019651396,74.99460355292825,9.129022463812559,11.924464586758697,14.854184502006389,6.913752358154932,748.8227687214857,16.590649402130005,41.388231763900286,0.10298790353102817,7.403808071721088,0.37079590291374087,0.5431923256980289,0.6519241740896224,46.10797710319103,-0.7835214010558812,0.7534700543255791,0.16045063689236305,0.3622790815570725,0.7677024525420603,54.51488916581878,136.59273927137866,0.8118371761152829,0.8806235738632004,0.04820890858957276,0.42983145671215905,0.4499853854993656,0.9517910914104273,69.02373079158973
sewage_sludge,pyrolysis,83.139961926123,42.73464834682116,25.97021492257018,11.146474473409702,3.5,9.00985104950128,632.0073458311491,1.7563518142927923,41.761602923347965,0.07867141339603932,6.7923221884594875,0.21101931804346702,0.5426286616593811,0.6070117567695683,41.974666106840516,-0.8572846966413453,0.6907756754256125,0.3328660628290156,0.7435217128493197,0.05,276.3571867032953,99.45572057761613,0.6196930163092982,0.7668792568976674,0.15481401431336517,0.0,0.4875488390651782,0.8451859856866348,38.91526845892704
food_waste,hybrid_biorefinery,67.83730151272461,77.79670312178051,15.82742763551923,6.905004674061914,11.476505609968989,5.49459531059884,578.9166940545589,20.831783323678852,58.44085467031819,0.17563976452257887,7.037315361500047,0.4486515473769144,0.6145036001361106,0.7070168781736439,35.51426866985274,-0.7170944733891415,0.6852748899508251,0.18733541593560812,0.695749010624735,0.5536883530597891,71.09420397818454,124.49293897578835,0.911367209272145,0.8968981818212426,0.0511026792031338,0.38676830135536483,0.4665854430637413,0.9488973207968662,63.44123883277168
sewage_sludge,pyrolysis,60.07569079667151,47.47185695208024,22.5986422872385,12.078985902160955,7.911984149405908,16.52747158892695,675.2307725341952,3.5224751115177124,49.15331399086682,0.01,7.064212320479191,0.7134417504375241,0.5528750958761258,0.6960632179536157,10.204431717768784,-0.7135776465336011,0.15,0.24353417868913105,0.5279329595133477,0.08695861016742772,229.15427468501696,101.79734500652489,0.5533662787908502,0.7205046613590647,0.13936093456308257,0.0,0.4833553942024926,0.8606390654369174,37.13966387153767
sewage_sludge,incineration_energy_recovery,76.48058375318135,49.327722149381174,21.742351666209377,13.559826908314871,5.332532012772333,11.098529394906155,855.6497691676402,1.0,43.26305118788564,0.6348348771057553,6.170661615408635,0.32132247727530605,0.6321134863472079,0.6740645230560665,14.92592120711349,-0.8148870279887359,0.5879207856932729,0.6352024419833463,0.3053797552286644,0.05,382.2313172045712,90.77466061860382,0.2043610312248475,0.8178965874632584,0.4680391274643889,0.0,0.5332386283231377,0.5319608725356111,30.169109194711066
industrial_organic_residues,gasification,48.38374240142382,61.63111199169795,13.141824183346003,18.636079809677845,14.812075638374314,1.9832038377743348,582.9207141701659,2.1782633951032015,51.43994827870144,0.22886092800367835,6.041944980742834,0.2679236956827091,0.3453906905868064,0.32778394671662814,8.878855007802997,-0.5196541851065679,0.7859312767323202,0.08671422119541018,0.9440304732787725,0.4958401024718463,120.25815356015181,88.38098801855584,0.5735590871098896,0.7595433134547179,0.04144329501176852,0.2590697310125927,0.6439217277093017,0.9585567049882315,54.55650716694237
food_waste,anaerobic_digestion,80.17705274830654,73.63560741850094,11.961220907370892,29.034728594342052,9.884760023177783,2.528095985854404,35.49240018781788,12.58140659502307,3.0,0.20367884112166376,7.489440952360385,0.525070754432336,0.8830792627078986,0.7900006971070659,13.957710865474551,-0.5992956820727677,0.3233274356658104,0.17060944381231757,0.4307083639449366,0.2771189464280585,93.70173252442595,64.00565256548526,0.7919860794398402,0.9778811693423508,0.039712511613182476,0.32804744798850405,0.7240943126063557,0.9602874883868175,55.82490111491701
food_waste,hybrid_biorefinery,76.20940994629845,80.28261275920569,15.133397506429803,8.652653378612877,7.565054790596449,8.68211126267054,327.28362553586516,16.92255694864366,45.66390587638671,0.08693902491976378,7.223952714996107,0.16009183505873903,0.7253841628665308,0.8169793224997548,25.102932280449867,-0.7764132855049921,0.9263272152883499,0.5278224339514537,0.5930873958089563,0.41756212258708425,105.21802594091244,104.69879254194409,0.8403044169182444,0.905603934878786,0.14833270961681305,0.2981349975560716,0.5408173904326108,0.851667290383187,55.634321864270895
agricultural_residues,hybrid_biorefinery,25.929396673984304,63.064571336615,14.983129561089946,48.286576872105556,16.518739445363348,4.430291159310377,593.5817922492582,28.41681133914944,55.30730783914234,0.2679243863584482,6.818451751248766,0.10362057997806633,0.7272870664232375,0.6354520314958078,52.40551371843839,-0.588906194360722,0.7472594646699486,0.42766642415303263,0.7568647997536914,0.7649752813517642,34.45905288085146,123.59199096460743,0.9064938082214955,0.9026068826375101,0.10365354192598426,0.4819245379718144,0.5178103989257701,0.8963464580740157,71.64095775186267
msw_organic_fraction,gasification,54.359208532485134,66.26158430799187,17.749198677052306,24.34824542960699,14.070207753756302,12.616067830366786,621.3539656938999,3.6829819487113404,38.5243945248673,0.22044495670319939,6.995152121632579,0.22924173512519047,0.47307734263343815,0.5816142145010451,36.21588579427815,-0.5340644145467679,0.40195232992519186,0.22540739273864902,0.8610966460522483,0.32199407906863564,249.08688616700994,114.80561256915628,0.47530102551050984,0.7371120093475482,0.14321175219709562,0.0,0.4665986312416457,0.8567882478029044,43.921030988794996
agricultural_residues,hybrid_biorefinery,12.09909076950688,64.14778380801661,7.76642255776116,42.00382861057715,17.092222801819805,3.383315403540945,724.3836084172266,24.76335508927516,43.34684979166794,0.264183659117376,6.869845417199975,0.3065816779955595,0.8462142237980913,0.8311283962808873,8.147544379106629,-0.720028854189716,0.511264170473009,0.4866501380451793,0.6593698595589761,0.9802099693261448,-54.208258854334225,86.72922633190308,0.9056857913046021,0.9672423046438218,0.10347694290446136,0.7122292437774915,0.7591765809785777,0.8965230570955387,80.08436808708531
sewage_sludge,hybrid_biorefinery,76.75946046061007,58.15841346219926,26.297313342824083,9.757197682006526,10.20616945621041,12.359761195563781,669.3519558604819,24.308130142122813,61.667109130867956,0.11257253484124363,6.8691860027656135,0.3207545499158603,0.5088424032314253,0.5622930755071898,10.158103730180127,-0.6720423258594502,0.7930792610860079,0.3512470186505251,0.7561966913656366,0.3779960669068332,84.55615259561344,109.07710701127812,0.8681912084657316,0.8162819274633251,0.12785148476502112,0.3518022010503547,0.5090690978180396,0.8721485152349788,57.431387304654315
msw_organic_fraction,hybrid_biorefinery,57.46402999331498,49.623873766723406,17.130423208161037,22.603660718872497,14.272180396077951,14.095984940978184,750.5952541601077,25.598146711347358,46.25739586010015,0.23848942040356821,7.1425347015991365,0.4929616479497049,0.7585605577388883,0.7446918832214098,7.060709173526159,-0.4614762119858069,0.7083841718546202,0.4290963115492282,0.7555214394025589,0.47387149804194995,103.109011714081,113.8458411317942,0.8696453970997687,0.8945270686619329,0.13808611316413225,0.3036129565868026,0.5050630920334701,0.8619138868358678,63.01776339322228
sewage_sludge,pyrolysis,88.0,57.69000006881133,23.80359510186532,7.031784668392105,6.037190412047677,4.9985294806400224,821.119384489495,6.507711366819402,41.27645605845069,0.04694051516822099,6.453051031605352,0.8518421213478812,0.7667663907633402,0.7297604677378833,7.777579750212091,-0.5876567596540396,0.7033530523741105,0.6383356307515854,0.9137200089899467,0.05,178.65976226056964,82.29261558414927,0.741587665590837,0.8380474997991617,0.22158386110870962,0.1073772408816373,0.5778809706097406,0.7784161388912904,47.94992315776423
agricultural_residues,gasification,31.05024445755819,78.80701186352813,18.01712298441422,34.21225238995745,20.212833429816502,2.9839208282054552,428.0734904596728,1.0,35.57070764087289,0.30328366709653953,6.32158112673902,0.4465573495100349,0.6694918252312284,0.791332054344227,27.08341689505089,-0.731230545410758,0.8816256263913459,0.4535528681176957,0.6988373621528288,0.7832722946874802,151.83979699402346,105.63814301878425,0.5195464827015719,0.8472632204143242,0.18373293854554784,0.1770394883272118,0.6163296784165917,0.8162670614544522,53.84644333359368
mixed_biomass_stream,hybrid_biorefinery,50.07601171890388,66.23581144717036,23.417358733938077,32.068273978080136,12.45103588231286,9.215553805669503,606.3408840832906,23.863712361973615,66.39657492821857,0.1420709257922071,6.85894363133538,0.3924439783312063,0.99,0.8825183582218377,31.076625288697066,-0.4973796923261367,0.5525337255697094,0.2808770260015363,0.7822739125410928,0.49533796056667934,70.25822251086335,120.36814457892794,0.9024551197620833,0.9740819040138458,0.06472676635112397,0.38893968178996535,0.47545780090925926,0.935273233648876,62.819505298570085
sewage_sludge,incineration_energy_recovery,80.11513410655311,54.51131467833053,23.42655262423499,6.0,6.855334385571222,9.951040857449499,616.1235354721788,6.617932962539841,54.517170664225056,0.49900825111472835,7.237070964788906,0.2628815177477594,0.4596018455192913,0.6073313954585273,58.6038319919232,-0.20780255540863002,0.625667872198521,0.23610457295438478,0.5558461793896264,0.050543920518264715,369.6371143599547,117.61237790413068,0.27033478026508084,0.7732344219239287,0.18789883274243452,0.0,0.39210714722911993,0.8121011672575655,33.58617869871779
sewage_sludge,pyrolysis,82.2268523556346,45.65683563910726,21.956628963431605,6.0,8.474493053458044,12.003663785706864,684.5157194930298,9.23850350482697,43.41355845749403,0.022268049985200197,6.21324275873485,0.42503172465554323,0.6155164251712332,0.6244421823154693,32.03156401623165,-0.7430828932441064,0.6689220729032903,0.3598522009976873,0.6996177729171824,0.08575606576676109,232.34849708604045,105.7853761208931,0.6048813347017911,0.743641957796444,0.17463921688257503,0.0,0.4621011969903027,0.825360783117425,33.91035622610065
sewage_sludge,anaerobic_digestion,71.11232487061356,61.1412351326604,19.16669238614435,16.006093151605292,8.735141836333836,5.503339857332314,41.7402721101197,20.85146699103778,15.662306078119128,0.11448729137799316,7.109716003122899,0.39662644379552947,0.7540482144145482,0.7850630275032909,19.544266128558974,-0.4910950585970874,0.6434296841969861,0.073577246437744,0.5543865247793525,0.3724816648646408,131.05081159362044,63.804848317163945,0.7918033676971543,0.9204931613520444,0.021209493670107472,0.2310368530035833,0.7461309751272528,0.9787905063298925,59.74154415618859
agricultural_residues,gasification,31.14867124585612,61.916439117560245,10.842126526414372,47.29914087513252,15.539697271040444,8.061677267624429,666.2058312227308,6.882254412912495,40.874054262945464,0.2732424208627439,6.486943081598709,0.3959274319618655,0.8672593747818078,0.8625910327203641,39.791014773889515,-0.27466419385912055,0.9270687798744625,0.2269524725972784,0.3527991498786593,0.4914608062161451,192.3167669237727,111.95730263169723,0.3934422411532431,0.8134052432355026,0.09491623162210935,0.0719045014966943,0.5188724161480928,0.9050837683778906,45.611004895796526
agricultural_residues,gasification,22.35297700512632,67.81940476537551,10.191791096996205,30.062915248298744,17.585549780232252,5.976144222463505,722.6138936619863,1.4977403919939292,47.556455795085526,0.3023072972730418,6.709426466070291,0.6879779358172963,0.3521932288273372,0.48929243516322674,31.17203367707502,-0.23013893998685978,0.8104802769413011,0.2741456901227483,0.6746002352260447,0.7618762191674074,113.06226124041096,112.00895637057297,0.5118552841146503,0.7497066425798738,0.15179675668431222,0.27776036041451696,0.578091945213814,0.8482032433156877,54.38790584240088
msw_organic_fraction,incineration_energy_recovery,50.767289855369384,63.89806250655966,18.666406026944028,33.30109320237396,14.076584022138299,12.351474773765272,419.9851800794695,16.094648987834937,36.50456202373242,0.5027063440124956,7.242461944799393,0.29756667015249516,0.7636369358537046,0.7422037361930544,18.64073905781804,-0.4834845273954176,0.8739700956316268,0.728357081900394,0.7861795696234488,0.3529693030444663,273.1344944269631,95.96049519412566,0.3138899026017049,0.8442597895217716,0.5065015494300907,0.0,0.5725980088059633,0.49349845056990926,37.178034528354516
sewage_sludge,anaerobic_digestion,85.0184681433615,49.64454724202668,23.419797367402555,8.281914370055368,5.052435242583495,11.231939258819425,35.39412639679703,13.851938209598337,13.0917300030202,0.13047542072913645,7.205159399717158,0.4510008540633928,0.959357785813636,0.8987942407756568,61.89391468492809,-0.5216256297087564,0.6965657390190909,0.4091191582219091,0.70494982885095,0.16757226320586321,247.57386147655706,104.6046407100606,0.793693950726073,0.9007138840700872,0.12024197520656972,0.0,0.4863151573260237,0.8797580247934302,46.15960606129044
agricultural_residues,pyrolysis,23.898605034035622,69.89341172186235,12.7272209531818,48.506291726450385,18.487200120126452,3.688132609690455,764.1649867944534,1.0,46.058506404924316,0.039089986514560124,6.820315179552899,0.746932029223991,0.8845271402914046,0.8471750620490828,28.25291830298278,-0.3883119344758998,0.4058540978420339,0.4950968847262896,0.5717867428901495,0.5070699174399129,116.86305772274477,94.50471427139442,0.6568843197926235,0.8664428090783741,0.1491160305530305,0.2678881617591045,0.6141621488294418,0.8508839694469695,58.31623995974055
msw_organic_fraction,pyrolysis,51.99120363537856,57.896261512680006,20.074894496476077,22.687048869060398,11.415929945836519,15.676528351541995,499.80581734290615,5.276746601001556,27.152581011899567,0.10051128743279725,7.17364382398629,0.5261832772031209,0.7358331394295264,0.7561437099813189,43.63071593658207,-0.5090724877962642,0.7982993899833806,0.35167073829122986,0.2898985509184703,0.18018807265480097,227.68263132059383,125.63352255254094,0.4848336014450733,0.7897145057669843,0.1734367321435088,0.0,0.37841230991805125,0.8265632678564911,34.32250003609022
sewage_sludge,pyrolysis,75.69116576140142,48.22569585409991,19.924337919856452,11.381742197844767,6.856224781577252,12.016312921152432,650.1606081916599,4.5358697495066576,42.12220846476725,0.14467651642560558,6.404139846670031,0.519924667864759,0.7041965150774832,0.6656992410446301,48.70849024687756,-0.5157672868208449,0.7502519278439359,0.32979871720194837,0.4453042618015814,0.05,246.33690579939392,104.42496341964953,0.548805848431509,0.7757222110526991,0.15048894312408495,0.0,0.4613949293702656,0.849511056875915,38.17008221496584
sewage_sludge,hybrid_biorefinery,76.67352051367457,56.24482646849317,21.620515024807236,15.302718631011846,5.339284418535689,8.298674979809556,780.5038638451069,26.505818968108336,48.91613522518361,0.18682605260227808,7.0236943302282135,0.30624286661068345,0.671028251849584,0.7858107070516083,29.396899257574322,-0.23900186131199053,0.8170584135012029,0.35421392090399734,0.7006727520684617,0.3829278188875623,133.69185488148088,128.95106391265676,0.8815768924873031,0.9131710948106636,0.10223356186722998,0.22417700030784188,0.4055543100886492,0.89776643813277,53.858548486085816
agricultural_residues,pyrolysis,31.382411623054647,75.82612351577114,13.682807407371378,41.06999723183929,18.775839370940677,5.096561636632055,715.890289874766,10.150393982036348,56.3158039019986,0.03948197056705033,6.809267477977849,0.7161944937138938,0.6329245518125785,0.55138041482361,20.099265133324735,-0.514368994670499,1.0,0.601868190884917,0.4602602860480434,0.552537371842694,111.37555332970635,91.69568038664084,0.616684699552698,0.8009722877479549,0.23086285557796557,0.28214141992284064,0.6389493776651777,0.7691371444220344,54.1037740848152
msw_organic_fraction,pyrolysis,55.83506864932705,53.88118397274652,21.213254918042793,31.830819551028135,11.316512957087046,19.407092704120647,677.4098115199465,3.455228541968715,52.129085034469554,0.10926668891507145,6.841022011941441,0.20052155029168733,0.8359034646966895,0.8556994165264882,7.781328523962969,-0.364426656053155,0.6242347812737058,0.7661281196078893,0.6930314103317121,0.28678350737122993,206.71812330774773,96.01725380019411,0.5334499276774185,0.7755376996588486,0.3841310264365155,0.03449838101883706,0.5577384042522279,0.6158689735634846,41.58556142507758
industrial_organic_residues,anaerobic_digestion,45.67781682034212,66.45515121374768,12.439949109277247,29.509451826465597,16.347068173517485,8.321251340438161,38.961129434609894,20.91007091857475,13.382546489172931,0.17231320860534535,6.495625473590315,0.5280398285445612,0.5913929970254758,0.7297708933268872,35.13911132189234,-0.4136423680823166,0.47898205157096807,0.1470900601561307,0.5301834689981335,0.2580316884518727,160.44467984819457,89.85396234104661,0.7765402941500311,0.8770540375003645,0.05234502952438987,0.15468914325144267,0.5838513801907456,0.9476549704756101,54.04628036989853
agricultural_residues,gasification,32.196736929281016,65.46772612505472,4.220831506894877,39.574158927347334,16.56131947376849,0.5,584.0495936968052,7.912284707051905,49.96425633412182,0.29882688924570766,7.298989119701466,0.269115587456606,0.4716899712297216,0.6815877201076357,41.3395990696395,-0.375920541472945,0.6498441463407507,0.6728755169059711,0.43109872658333404,0.7484765906159622,166.35098468561804,94.31249426493837,0.455803928642362,0.8100096472902271,0.2802460213116697,0.13934809172566742,0.6682833011726781,0.7197539786883302,53.320199515960795
sewage_sludge,incineration_energy_recovery,78.68448434088484,60.475348039047645,15.122327085592312,15.375520347251392,4.101587820694325,3.74784108527402,639.1552469738548,11.913547142204438,43.46290872650991,0.5828975805043111,6.481552027744626,0.21585302104225124,0.7116617793264941,0.7208336594445186,45.895933386978825,-0.4261194652557875,0.4501441577123119,0.34740705812355505,0.38356679784076564,0.05,305.288322487957,105.36798507819387,0.26692505354665336,0.8991136594170723,0.18907306255384904,0.0,0.45643165748319015,0.810926937446151,29.89043789074938
sewage_sludge,anaerobic_digestion,75.99165509482626,55.91575865999659,23.85007437181628,16.234332333819772,6.751987712813685,4.383528593967046,31.800952076269866,28.194658130724356,4.744221434807906,0.10826524580001302,6.890387059369234,0.428849911027351,0.5782955053510161,0.5555387493905913,88.0,-0.24233144416189528,0.89573221760419,0.24488287169468112,0.5780631823287146,0.19642346104643899,203.03178694285634,109.71901019005651,0.8081390883065974,0.8766541453719408,0.07667669810333742,0.044073280667905605,0.4657446867457087,0.9233233018966626,44.719956859048715
mixed_biomass_stream,gasification,39.34353002077253,60.36342015028352,12.492738880168506,28.517756514614312,16.22509761189149,9.08500941318162,760.1288835016097,1.0,42.749257659069364,0.22699133182193498,6.821163177263168,0.39911398480716315,0.800006805107341,0.8592498703570262,50.88357022192996,-0.33728096090345927,0.8644111579943141,0.21470379599555722,0.7438645659636636,0.41809140315191373,206.38984745273342,111.10992749895814,0.4843001943832176,0.8410441079644586,0.09790060443975811,0.03535104557731579,0.5071910165936413,0.9020993955602419,44.72101235656184
mixed_biomass_stream,incineration_energy_recovery,31.20200099344828,63.76340124600573,12.067842163575781,33.32327155927131,15.43401659280182,9.741505866517713,735.0512506639575,6.392505396438935,47.527788946304256,0.5427614549985453,6.967014353204634,0.28257873571318676,0.6170122889184968,0.6256382433259923,44.48520646545445,-0.2732306585249587,0.793397872973309,0.5211937144477939,0.7308309456774775,0.43196662655738005,269.52686395499643,108.95578458940498,0.3171234942108003,0.8288019471624986,0.37233756214413294,0.0,0.52158116000365,0.6276624378558671,41.761070533454884
food_waste,anaerobic_digestion,78.48099592257644,70.30571914143212,8.197860554071495,19.036219353896584,8.576235114028103,0.5,31.821458320781097,23.492223683719104,25.95538761853446,0.27910610610501474,7.28370724705799,0.2927100256136308,0.5883325938552986,0.5822595719893524,19.999888621848136,-0.378838019899642,0.52000668174027,0.18138457433313,0.5746329872963848,0.10336449314563254,162.32032062761743,61.11988436638308,0.8235750488731868,0.919272316320418,0.04826757752266108,0.14981734901917548,0.7010565865637072,0.9517324224773389,52.734889551143766
agricultural_residues,gasification,32.23192752412533,61.802500538132,12.249283606990712,44.92439182276575,17.26879002519786,0.5,642.9333423339589,1.0,36.62137713909273,0.35120238132368053,6.830361458966811,0.43359639990746557,0.4296704155770118,0.5626738850279073,12.194223477098594,-0.13085755420998968,0.7029692523189618,0.38816678757781986,0.5957527978136301,0.7201866659697777,126.15106267572999,91.67968735658197,0.5101259114460048,0.7768304142884772,0.16586299859161474,0.24376347356953249,0.6759163962155512,0.8341370014083853,54.01150462793833
food_waste,hybrid_biorefinery,74.63021725976186,75.55084828289137,11.020577681980013,25.825787896210933,9.375473465284085,2.6562195390680627,595.4857356723385,27.076356834255776,35.64897025923446,0.2248464347915382,6.635113945624056,0.19529452695235863,0.8166444263955641,0.7391307648020267,24.563330828293473,0.05104554113465709,0.897797327621463,0.22223493881376757,0.5120746321007615,0.5399551779434252,62.1339843499264,101.90076447968934,0.8650486834079026,0.98,0.04701769017282391,0.4100415990911002,0.582470326096557,0.9529823098271761,65.76757175100869
food_waste,anaerobic_digestion,79.1422742069357,77.06283297410367,6.37440364103248,21.19659324353221,10.705793831700062,0.5,32.05906036808783,33.049145537430746,4.019631960680673,0.15842546420844045,7.137766774236367,0.5221001228584086,0.9194471256123934,0.8832349783964377,16.679000309450036,-0.12707627058946608,0.8405527713635037,0.23569365587930557,0.634438161977558,0.292714055337703,67.65893274399937,68.47777417828357,0.8568775503230622,0.98,0.04889839975373969,0.39569108378181983,0.7039877543938549,0.9511016002462603,62.085574686783374
food_waste,hybrid_biorefinery,67.47270710386248,80.02205048961297,6.80018031125784,20.114765611928735,10.389225111521416,0.8721383942953329,598.4493643104378,23.050323368240733,41.27410484663771,0.312668914466392,7.232254105367322,0.442367927342043,0.3768672528012342,0.5484603433979673,14.857301363367604,-0.170858050461053,0.6538593453729814,0.33474865156640116,0.4739561916030318,0.7133549433738029,56.84313873000706,99.02191104611805,0.887773513328054,0.9114392050974333,0.08850802288629116,0.4237840552467349,0.6357701346679312,0.9114919771137089,67.00158799192857
food_waste,hybrid_biorefinery,70.87039807297239,77.30081088456105,6.566044578470242,21.06980280715751,12.081729332714794,0.5,695.0265416764391,22.543282833386602,41.43507834935586,0.20283912133544935,7.632744762289174,0.4926613374038043,0.7294785081141995,0.5547673202701295,7.3877194081418915,-0.1741106117259809,0.5453877561200501,0.32476093748177925,0.7760585863680646,0.7843938966651457,-11.782159805686351,105.116354629264,0.9699275535843206,0.9739154735458799,0.06711677190801779,0.6020315839108736,0.6193226855333637,0.9328832280919822,75.06283674677654
agricultural_residues,hybrid_biorefinery,21.051624300840345,64.67543045745288,7.954724122493021,47.07419055084651,17.491675325372714,0.5,725.8682518932975,17.088095294993522,65.06419002139307,0.08962735345517389,7.04944056361138,0.6579098384641697,0.6625690616609243,0.6362883071980339,36.884526954409054,-0.08711275607956122,0.6945725242076187,0.5562103545342553,0.6740220567438647,1.0182491015166524,-17.61132013457535,111.7968754884349,0.9576383012630998,0.9268172872804155,0.12059865063485313,0.6171722600898061,0.6356101944997956,0.8794013493651469,74.39451791075624
food_waste,hybrid_biorefinery,65.03019958149935,70.48482570611358,15.294894015885511,25.0255938892199,11.63448956310292,5.0476214563521555,731.1202385175432,21.564773079485835,27.915198754117835,0.08387734995940761,7.151114786411427,0.5003276152041505,0.5562235688116166,0.6288804422394021,6.750698559432921,0.02197170209105019,0.5147268519059854,0.42889878222396366,0.7189947284860116,0.6274405565024144,63.196064099105826,96.15295168332379,0.9244415411433698,0.927727663282326,0.11967467350208287,0.4072829503919329,0.6319687556761955,0.8803253264979172,66.47406460480401
agricultural_residues,gasification,30.792192182791133,65.72141012068151,6.161204842506023,47.49501102816669,17.140009826801354,0.6720278685559471,684.9593148366675,6.895005822668906,40.577716872488566,0.20378464334536078,7.278995427502726,0.6146451726952872,0.7420779135830942,0.7302766944357209,11.598859223162519,0.1603872541355596,0.7151659060927753,0.2364943071616071,0.5062738626544213,0.7507643658517664,120.04428573257381,97.00365907876254,0.5010358843993367,0.83744915204236,0.08266346368397517,0.25962523186344466,0.6546225863886384,0.9173365363160249,57.287419079688156
sewage_sludge,anaerobic_digestion,72.08490592083832,58.592966157372345,17.69097897632455,6.558120709519514,9.156121365881507,2.8463476312293894,39.51426132309517,15.788968490756668,12.926282949912476,0.3082685460480601,6.795543928031698,0.12365178460246352,0.682690422901057,0.7427912719220087,35.63381615402723,-0.09896369042547581,0.7186678118445265,0.1875990697114311,0.7005196670649507,0.3209227864619316,180.3476358605226,71.33832463960087,0.825097626115829,0.9020620282995537,0.051559285441404985,0.10299315360903225,0.6951381464974099,0.948440714558595,52.82927605178259
agricultural_residues,pyrolysis,28.295064356071098,66.4175717875255,14.690211359816331,46.84554741842733,18.985927212234348,2.2443453546537504,755.0892130790966,9.115634386931198,64.15022072011729,0.04212042226630728,6.804063722485143,0.32955917557012304,0.7560298001938524,0.738190443187891,34.527620535684825,-0.09477719173041951,0.5024133728301718,0.46476029664254087,0.19919992832387629,0.4445283342410984,157.89854885121628,94.15461626017346,0.5404542986440025,0.8495970853983861,0.14634967507980895,0.16130247051632135,0.6022456216373919,0.853650324920191,48.727237298641434
sewage_sludge,hybrid_biorefinery,73.30589617828555,57.866859977076764,20.807944977115234,17.892263880810663,6.486064218427826,4.667745976836386,721.1661793455776,25.463799935717596,49.942586740272354,0.23925370896734752,6.799358807086388,0.24072411283883136,0.7172643274077297,0.7693636085145362,19.89708611869291,0.07447380369862278,0.8940664404890317,0.6317818452632169,0.4159612473223377,0.26953786662923884,122.40550270884782,104.30300204069418,0.8305740190198362,0.9542809812091712,0.15561057957897803,0.2534922007562394,0.5103351620232001,0.8443894204210219,52.238580938957625
mixed_biomass_stream,gasification,43.87812865636993,55.065594649317276,14.536346797161427,31.484830700392482,16.809643244209155,11.522980971259429,609.9419496813905,1.8713760816620901,46.79570369328204,0.1913456849773978,6.459231038061228,0.5307348669999551,0.8419227495602172,0.8861337700534755,10.376231990026888,0.05257609847043466,0.6132192860028244,0.11431528313505407,0.4688999274608617,0.47711147081717803,183.10297088666616,107.78177454177211,0.40902290442639583,0.8237864301144604,0.054325735827871806,0.09583643925541258,0.5376920259915049,0.9456742641721282,41.69241314160399
food_waste,incineration_energy_recovery,84.12002806427245,66.91838768084584,13.159330180284169,22.62072257326023,9.894633604425373,1.0594378371603694,639.7071247310771,1.0,50.15999086682602,0.45869804825810656,6.646953696185459,0.6132484479832634,0.8665501609784989,0.8172631056308004,28.252941445275845,0.10589560659462272,0.7889153697558581,0.4947869567922356,0.7450576288915348,0.09412836247362327,330.67976553777686,92.62859724440978,0.40790821820142215,0.9741232711118156,0.2145592320992294,0.0,0.5331893068788824,0.7854407679007707,37.73565506549415
industrial_organic_residues,hybrid_biorefinery,33.94477912724431,78.25915667691062,7.469833089737444,22.227972976919272,17.33887125980816,7.9862254258215595,513.5961875203985,31.12096634333672,41.508059920394764,0.17559392912334035,6.900511282466664,0.48320571888961883,0.8299571726485485,0.6872967164110542,15.580917261777472,-0.15008197908231685,0.5392902488855585,0.40532312938211734,0.23311805607423336,0.9462364794573114,16.278721055599988,110.74704210752677,0.7810323935489769,0.9475759154647095,0.10283655179104881,0.5291461790763636,0.6252928564936255,0.8971634482089512,71.32692895982898
sewage_sludge,anaerobic_digestion,74.76185524248739,54.496333301626244,23.392413346234097,6.0,7.3919535600790285,0.5,45.36037733413675,14.379329380298266,3.0,0.04580656596001434,7.780286375647543,0.21067045220187,0.3184667395480628,0.4579168998921777,18.09029488312277,0.04574445959720881,0.8373900927245753,0.43485204307788344,0.2993452749071144,0.517025136157325,121.2065366785769,48.05063281714847,0.7481899549029282,0.8298255373158296,0.1364998564754713,0.2566063982374626,0.8608474624959354,0.8635001435245286,59.01840475736781
msw_organic_fraction,incineration_energy_recovery,66.52668755158493,69.15323980371063,18.00732131418151,26.781489879133762,15.777635723871853,8.823867964837751,792.839283799643,1.0,26.694308071994044,0.5941818479657254,6.219828782861415,0.5305709893621352,0.7500267033349994,0.768695011144851,53.92583663706789,0.21169840891250843,0.45847308976889795,0.2554336408181023,0.45544679070472177,0.15590562451703838,340.6869018046288,119.27916435812105,0.27454030107128696,0.889516055342997,0.16128703264412225,0.0,0.4065141618246903,0.8387129673558777,35.51967738967445
agricultural_residues,hybrid_biorefinery,32.95407086117087,70.05106164136348,9.755273827284842,47.047129554053726,19.42926254930362,0.5,546.3783751576833,35.00497449819161,52.512965134295435,0.29685337887639657,7.462328749587024,0.731726465246036,0.46210448380682484,0.5053592434752889,50.488536335242486,0.0712259203331227,0.7208220414809191,0.49406747224596037,0.6440032262801172,1.3239025828720747,-76.83209673597639,130.16323442685805,0.9560389237897121,0.8804084103062395,0.12215943712706313,0.7709924590544841,0.6061889133536562,0.8778405628729369,85.64731252733847
agricultural_residues,hybrid_biorefinery,12.884186928191005,65.35863221158317,16.501025555617442,45.60816148575325,17.561691344682792,4.099882858469131,731.7625933167365,30.70561379738336,40.328155640066456,0.13827855304074205,6.975787077074464,0.3085039235762907,0.8771041934244964,0.6728376477378786,16.582640017429625,0.15259361302520996,0.6305923650807299,0.45049416912419554,0.774349730379683,0.9998381598191826,-61.19852266098352,102.30546269234226,0.92956856647174,0.9400293456169501,0.09599789701204439,0.7303857731454118,0.6815145915163136,0.9040021029879556,80.48287038837977
msw_organic_fraction,hybrid_biorefinery,47.738570790495494,64.88163437644971,16.949997264209568,31.523693243547967,12.920844246515362,9.032986891935,648.6607453642314,21.299453431591257,40.600366826355526,0.1192192166283296,6.710588935589943,0.6798298782889376,0.4348261040168863,0.5938014333415808,60.85912053734717,0.12148637149576098,0.7072579495441339,0.39953653012891077,0.5734016258318994,0.5236306392963549,149.16471812547445,141.49594447148243,0.8745058884775447,0.8563172060659258,0.1377043422099545,0.1839877451286378,0.37048324342686945,0.8622956577900455,55.55192959681555
agricultural_residues,gasification,29.821926155847056,64.70944655054403,11.770627066896115,47.683761993151414,16.611731726574835,3.1510485446903065,769.6388636909101,4.825382771298848,51.65006761984637,0.2515159770836018,6.249491014310239,0.411973660102344,0.623120357005394,0.6875926010244799,45.45436605878215,0.3451615717423826,0.6976086635197499,0.16043659268365093,0.40105635226881725,0.5253472189993488,210.00679449088042,104.74369949576739,0.4411646410625597,0.7934166498931547,0.06755280270971725,0.025956377945765132,0.5642937592547652,0.9324471972902828,44.151597241187275
msw_organic_fraction,pyrolysis,52.71763951169655,65.95882934168759,14.883314708856325,11.572430926718422,11.644054908246805,15.346459260313944,553.3823565087791,6.729081312550348,36.43860349637967,0.13689820004014747,6.834679413337942,0.40630820092547204,0.596146941565547,0.7207613721644555,2.828923795464895,0.12390443413534372,0.7709776275839264,0.19321014688379595,0.8939994004325998,0.24181534940955607,152.10437458084482,90.98279894352105,0.6285792913599901,0.7383266648228621,0.10420104065047561,0.17635227381598748,0.5743425403252548,0.8957989593495244,46.620816397528095
food_waste,hybrid_biorefinery,74.65721185141291,73.0773920611022,7.455522839812769,8.992441375224745,12.574635742323022,2.642290135917684,519.9908868472339,26.017564186622835,47.243127152359406,0.21837391958273278,7.378932942250909,0.5939659019219199,0.853706359640615,0.7534454396489785,4.52372431039881,0.12712164359931621,0.5019184109902832,0.26037034802075154,0.7644503203517516,0.8449168798560837,24.928102586533,113.00667790153324,0.9601338212902676,0.9683147982546065,0.05345411737493564,0.5066802530219923,0.5911097246129003,0.9465458826250643,76.65167574671653
food_waste,anaerobic_digestion,75.01497512384313,70.52126587762658,6.084159935300233,10.646064353752564,8.9986570843999,3.0401537663095732,35.73663434988033,24.25611050057889,3.0,0.12019368713512929,6.883888799383229,0.5242285081442054,0.8546690482433228,0.7928287739403275,17.96255557708381,0.24007745899348235,0.6112973098381039,0.055364096255212866,0.5511923650053553,0.4573083758660956,83.23289721483455,60.16459643625315,0.8184552955387082,0.9437521436062725,0.013460006029162214,0.35523922801341673,0.7839520719734192,0.9865399939708378,64.9614502498077
msw_organic_fraction,incineration_energy_recovery,46.61319639478903,67.6439282728346,19.199579047229445,23.020130113245582,15.912657540491528,12.708666459347661,629.8800709558795,1.0,24.59436028300027,0.5141627790727282,6.92906324659106,0.6797056143541468,0.8896062087416593,0.8146386887655006,15.632095943819134,0.1456967663117757,0.9436456313604769,0.2433424422127042,0.5894251223375422,0.3382423069114344,305.0871240113749,98.23123423717693,0.29277206451728366,0.8853282427712033,0.15473025628917422,0.0,0.5574068115353737,0.8452697437108257,41.40272139945303
industrial_organic_residues,hybrid_biorefinery,45.00071339131823,78.76075866364849,7.038701916952233,23.323452951126992,15.220285347420045,14.91482671070369,605.1747626503296,25.101103113986326,21.10321048157043,0.09825217401932587,7.257015461551257,0.4457333351204343,0.5512522503108993,0.6029631544516398,64.15551540649916,0.34428185640162473,0.7683543048586592,0.5162621173927704,0.5911196113431031,0.7528030918475719,64.77322350927389,158.23307384519637,0.8190347826704847,0.8410163257316123,0.196282629691826,0.40318643244344443,0.3328110283896428,0.803717370308174,64.55740684191618
food_waste,hybrid_biorefinery,73.24799272078303,65.09024142043238,13.945518775155378,14.489412833994354,8.241469791406228,2.981330830402162,595.6339071011373,23.283401176868345,54.47587181938748,0.2692884001147673,7.426687532943738,0.25185253470780455,0.7947687250947615,0.7060532944888285,29.26238901800712,0.2271624573460007,0.6253706768101622,0.5839125843585894,0.6230948735578223,0.5254298185285261,66.08510455080315,110.45657103217174,0.8950526053532648,0.9647017438507016,0.12728168419041241,0.3997789492186931,0.5342441862227403,0.8727183158095876,61.85823342445072
sewage_sludge,pyrolysis,74.10547719759595,57.765653841680695,21.072608251105034,11.06701747367491,6.557313777177936,13.79665660934516,669.0379990147278,1.1565738099700695,32.31786238250264,0.1999236001350152,6.30933407526327,0.2970619415467315,0.9307985725088469,0.8939024077117598,48.11648815384558,0.057402168766917366,0.8174298725774651,0.17232885233545128,0.18,0.05,311.5230869389128,100.16734635606468,0.45218835905832244,0.822051327259135,0.06917812095233747,0.0,0.48380344023123856,0.9308218790476626,36.16559086472841
msw_organic_fraction,hybrid_biorefinery,49.13247502877316,63.377426399158885,14.331493543346605,31.43108725090682,13.382860383304248,7.666912005982825,702.979337477619,25.56839155724083,31.2090426952591,0.11763030087932325,6.900911839514753,0.9295799165933822,0.9355855885912727,0.8823358548865667,24.303173555937224,0.05397574576582609,0.5134992145806057,0.7466162783973204,0.46923570493378935,0.6580274446542532,52.69264295645821,121.03871188972805,0.8780069355190382,0.9793376240369964,0.1717417384578108,0.43456456374945923,0.5077201857727355,0.8282582615421892,65.3143955931248
agricultural_residues,hybrid_biorefinery,25.175834666421103,72.43475744059266,11.073676788555105,48.13936242024873,20.43944753519191,5.345238850375947,643.5275842211258,29.02884124417433,45.567715108452134,0.16141151084281438,6.9365800095341035,0.6438813507480958,0.5055239093073952,0.4767749409367048,37.53004223767722,0.41499248389135135,0.7125398635657176,0.1680454630335425,0.8682390419638588,1.0792793342336873,-18.60894398516128,126.70292044750222,0.9711535965981808,0.8427187521385915,0.048961697834157394,0.6197634908705488,0.5705839774919258,0.9510383021658426,74.65087653955926
sewage_sludge,hybrid_biorefinery,83.61912992773368,50.90995317870286,18.971214224296812,8.01971933234677,8.284893459970661,3.5979431634988774,725.5063937854568,29.097189641613078,38.376198228800305,0.24979154479077936,7.444487665012758,0.31153830612150624,0.8311284117596943,0.6996647260595298,38.190270424721504,0.21184425765884618,0.6191158197899467,0.23969165004824214,0.3579914289915496,0.46363843152096146,125.38126597858981,115.91763242062149,0.8292353195931157,0.9487094187709753,0.052011342653494656,0.24576294551015634,0.49190765272081427,0.9479886573465054,59.11007079815138
sewage_sludge,hybrid_biorefinery,88.0,59.79412600632507,21.44363179757579,14.712103395697774,6.992974903850336,13.228326057797494,635.0973140629521,24.122370995190874,35.43519620030375,0.17059217966318688,6.190592810189035,0.2708838256253945,0.7833162342295686,0.7927417647615043,31.1514614018517,0.2678462196077493,0.6182399300816328,0.49187629039433994,0.49199650726973737,0.10615122627336754,195.07334933648625,127.57065429941359,0.7920715504628834,0.8909858416273608,0.15166488253921734,0.0647445471779578,0.3519287734674378,0.8483351174607827,46.509175047496676
mixed_biomass_stream,hybrid_biorefinery,38.44743657615807,59.48481121861482,17.65584187474014,33.05010171039374,17.147771796097903,9.849415969676459,647.8751167578986,26.4035858027823,48.13541949831197,0.20728302441922794,7.378162049577159,0.507738352707864,0.32960430599142376,0.5463939915100728,25.349853872719333,0.17950380121637413,0.6152573258303073,0.7065414333949819,0.2603139988910944,0.6742817456541753,67.42586568184991,125.53515027386078,0.7767516561516674,0.8239194459913398,0.26569447892537634,0.3962964527744158,0.4876306668130724,0.7343055210746237,59.453406593560516
industrial_organic_residues,hybrid_biorefinery,50.82679862766463,80.98834401197429,9.30206126311695,23.205688256130212,16.905297726929764,7.393148653753505,723.3439723029151,19.299260351060514,45.04262553482427,0.13650325454341344,6.560050559814117,0.213260642378566,0.9708857392139888,0.9058522005987258,9.92523006339631,0.32028930459760824,0.9550005723043744,0.5452887950529913,0.7301153276171373,0.6482991732942949,6.222657825713666,103.45068282831487,0.887837642718295,0.98,0.12049506171689141,0.5552658238293151,0.5981485400809824,0.8795049382831086,72.46091223409614
msw_organic_fraction,hybrid_biorefinery,53.453177060352964,66.49794100062806,10.11679181570722,25.20251201582394,13.063321188138929,9.12123285903291,510.51056533518783,21.599723108040823,32.1668307477184,0.01,6.738648328853467,0.40076410172835875,0.5515281349967034,0.636561546502829,5.1684124952073365,0.451161441215331,0.5398562582448738,0.6370610466800538,0.7724358504108503,0.49415653347194954,74.40378122332288,104.3823098305647,0.9013214607277509,0.8947901288029606,0.2046679757220369,0.378171996822538,0.5593338593082252,0.7953320242779631,58.9645522282752
food_waste,anaerobic_digestion,77.13128758019124,77.72608080081365,9.483241951289148,16.29172447493548,11.74358257322834,6.155187978273904,32.81180502681638,23.111703092048963,22.942740358034108,0.21765191279262244,7.241825381936659,0.13932694332649193,0.857965072340118,0.7277852314204774,17.448276795863137,0.1549418457460892,0.8247341913451431,0.29407118031087837,0.5294050967425467,0.2711483120207061,94.75257194291615,57.0982012505498,0.7604111138038386,0.926318594391819,0.07999996733632767,0.32531799495346453,0.7591357799574512,0.9200000326636724,59.09707128038853
industrial_organic_residues,hybrid_biorefinery,47.7147126987546,75.63959343414739,14.193719057109224,22.908442948335406,13.93541576649117,7.9329336937961195,731.9896354827283,11.731698402707874,36.33206389823576,0.18204666635711242,6.981894995896429,0.3329099149295884,0.3396693686932533,0.511070400040819,18.002610759945945,0.41032420977933404,0.6811037120061858,0.4302755246965849,0.8487237330022023,0.563210362810722,50.209068158329316,110.27350578047385,0.9232831905883447,0.8518724808158802,0.15134915398837773,0.4410154073809628,0.5435194072895492,0.8486508460116222,62.132396377687826
msw_organic_fraction,hybrid_biorefinery,56.55365344201193,55.44492190194849,15.69022513320861,29.009299783002778,12.355385136706778,11.822717430652263,700.9998629064784,25.566532010712443,57.454883697129304,0.21943354420066577,7.275236276706945,0.5522907215751423,0.6565422898000135,0.7399300274328448,23.050023621071976,0.2340156412815293,0.557481802587823,0.13725710042568864,0.8635926445442956,0.5746814202284909,74.95138485089397,122.46401268219542,0.9173223968475194,0.89183408048289,0.04459854037936275,0.3767496497379377,0.48188247728081846,0.9554014596206373,61.81000065172386
industrial_organic_residues,gasification,40.90427912607398,68.75976146900778,9.744696100496991,28.730336954979663,16.332718492753177,5.802710927194351,439.9091865649177,10.676270691901847,59.89087248247719,0.278674718093272,6.64950516357404,0.309771228665435,0.9279755749313573,0.7901390337261966,10.400787354197433,0.4821875778983095,0.47565828100892416,0.40866083891862454,0.7151115058103111,0.527860554325312,137.19258270590262,90.73139669725094,0.49294059825545217,0.8796438558938947,0.1504240283279589,0.2150842007638893,0.6385956551239321,0.8495759716720411,52.46691749726416
industrial_organic_residues,hybrid_biorefinery,47.160922088027554,67.74528828904587,12.458200861086281,13.83991226675122,15.179605795024248,5.382845817221891,699.916316997061,21.859354177381178,50.834106881890015,0.2752782724775006,7.392975589246706,0.8342778611354393,0.7768367016681165,0.6685844593997866,52.456976388044914,0.5375131856332109,0.6817007308075111,0.40241617634669896,0.459764289976039,0.8890777393363027,26.82204907899705,136.69186467784448,0.8840033806642916,0.9368751769299782,0.09731409611961982,0.5017609114831245,0.47616623592848933,0.9026859038803802,68.61090908106755
agricultural_residues,gasification,26.49859267057057,71.90718242250173,4.127604457014623,39.874931251485684,20.008424024309722,7.252758081930522,800.1142786260668,1.0,30.134886584580222,0.2354398315998107,6.8043879533391,0.20132699949385313,0.5021875185447275,0.7210275881546158,27.029444066021878,0.4664218338128668,0.7515499223171156,0.7229270791867138,0.783700366259813,0.908228147674578,112.74668884414898,104.64046078721327,0.4912619449509479,0.7644536448800058,0.38215609117447574,0.2785800289762364,0.6490709251872847,0.6178439088255243,58.03901320746998
msw_organic_fraction,gasification,53.349279396347384,54.42785043121128,19.49509080744201,28.39805621849248,11.919443789541642,14.53676964448292,664.2983222817679,7.169096047822278,34.02716463735766,0.28670641249629825,6.8872341119677944,0.3725299585918383,0.5777594151613112,0.7356240497626996,12.463364402831989,0.5230478414507717,0.8311324939007767,0.036490395513202135,0.25168819160951555,0.15257329130126895,238.93983855552526,107.40879867413813,0.3209670570783455,0.7485708541976122,0.02286992971614542,0.0,0.46825665738028904,0.9771300702838546,37.98363803113913
mixed_biomass_stream,hybrid_biorefinery,33.02322906365764,66.364617670343,14.010225535651601,41.44753737896951,20.59593630249921,8.413124282773099,614.9266564712219,21.081470285278805,45.863029078614574,0.1962376666976032,8.073327635732769,0.464353484231378,0.25,0.28662889792398405,14.474104761367915,0.6623216554999685,0.7955408784875635,0.42316128060381347,0.60684403236231,1.0815118933726935,-46.90356382137452,105.38199024159363,0.869967416849676,0.7731053410620298,0.15893703269640175,0.6932560099256481,0.6832905626388682,0.8410629673035983,75.8645000538355
industrial_organic_residues,hybrid_biorefinery,53.28088178450742,66.22502635515355,5.224693919464123,20.9540534181373,15.72887398173573,9.734980459968765,550.0530823091605,18.114069649210006,59.02362361411307,0.1933151199034255,6.424907154698658,0.42368165241543615,0.627764756572845,0.6332954553079329,8.303457359923605,0.6002394249055995,0.5452433157614469,0.29000596270286666,0.5905637380429153,0.4976613109611031,67.51117761737595,107.85464965455577,0.8533906034841823,0.892110151001121,0.09027457325986837,0.39607486333149106,0.5418294375979913,0.9097254267401316,65.55052268052472
industrial_organic_residues,anaerobic_digestion,45.04296451186232,69.65537537090276,8.455506137460238,33.6250336523032,17.712469140957424,8.229185411731791,38.98349810011355,26.917241056372596,12.70990373707284,0.19230044086800355,6.992288205595193,0.3068860744610236,0.9256707642515226,0.8023066863796913,33.822978529652126,0.6715503349588761,0.6031753146804217,0.4389488427302611,0.8196924104167144,0.42700828932177537,84.68181348582155,79.39684721656712,0.831869690678938,0.9289649903573974,0.12102370445598175,0.35147580912773624,0.6760636804057004,0.8789762955440182,62.794631292972326
mixed_biomass_stream,pyrolysis,61.23696600268899,56.205137425313396,13.430123058932555,30.408027519374826,15.530691840407183,16.575563795593844,637.2685735860364,6.773382880406192,19.090650783571135,0.08452314015028552,6.795063999243397,0.7944456015533834,0.518138963046809,0.7015326046083565,35.845998515976575,0.6258741817959075,0.6904301672130903,0.3070128508578998,0.6616451335789646,0.30498672270404925,216.16446665813876,123.57559327193366,0.5929379849498551,0.7339462414312209,0.17987542687419708,0.00996242426457464,0.4166992196689242,0.8201245731258029,40.57486956900179
food_waste,hybrid_biorefinery,67.05059450667353,74.03080421178386,6.773758557202143,17.38561261223641,11.731534151006223,0.5,682.1146335277499,24.507693099902884,33.43122029980485,0.16651893245172997,6.83613544736308,0.26675673388265075,0.4925431653649249,0.6224354328758386,14.833360549144142,0.6828583942900125,0.4462490525688262,0.2781961496127047,0.6043317792491798,0.5524552989446404,63.74872903963866,91.59807404867084,0.9089234835229071,0.9342388356053212,0.06749927356686547,0.4058474570398996,0.6394450391958691,0.9325007264331345,63.108776975148096
food_waste,anaerobic_digestion,72.30267403782082,78.84266362793585,6.127021466567045,13.205198511381484,10.305357532283903,1.1074682630184363,31.189170468570268,15.350768646194366,7.41773414465373,0.1751821440903227,7.109414440061169,0.6323692294684966,0.7023501234874578,0.6388255779432255,50.337792697814976,0.5860115763954693,0.5139146856481175,0.12870848023521947,0.380744822706401,0.22713535432916596,135.8434883067329,89.94728194097263,0.798023466192951,0.9243000835060543,0.03248715118119827,0.21858834206043404,0.5765630308946658,0.9675128488188017,58.038849938449445
msw_organic_fraction,hybrid_biorefinery,60.26145190512559,69.48232709196931,14.831420350176352,38.739294553562615,13.38580121025687,10.297056705398218,814.1820557658216,23.700328672067883,40.485344452174125,0.1420351129046246,7.885772585787097,0.37984366409171205,0.9476905944682925,0.9020440891854826,29.22561180229586,0.5513358206035777,0.7126796382085903,0.7722023038277498,0.6805610586168842,0.6437718906135446,37.54404454959986,126.20303440328063,0.8684483608437705,0.9441306548982378,0.19109051974433997,0.47391157259844197,0.47740331907560807,0.80890948025566,66.03436502631403
food_waste,hybrid_biorefinery,69.17179695409429,70.9441740004613,7.991708787723675,21.10232063508115,10.131735350826329,1.5588223628190465,671.7868226689433,24.910488077175305,56.46540961194364,0.20514906918975134,7.408194476722246,0.42711033191645764,0.7556927991449551,0.7876677441005115,19.752948548761324,0.4728046751853543,0.7601083188234251,0.7839939264906471,0.2921991254049151,0.6372410520817656,23.52573543107337,109.96031002081337,0.8363068513648121,0.98,0.1662197489999648,0.5103227651140951,0.5614545576642339,0.8337802510000352,65.14470969117687
agricultural_residues,pyrolysis,24.938898897185936,67.9141847209951,9.268004358042829,50.086091834382344,18.961608216536817,0.5,767.0163173709266,8.400370075421971,45.81755357683009,0.14900178991574325,7.2208951791646,0.27644329914040844,0.6073664599126316,0.7428947400554509,50.75512050332437,0.5248613604464364,0.5432813789402402,0.3274113673387013,0.5382988705854642,0.5752304517026151,117.45335178199792,96.40135530445562,0.6331901815775988,0.8321818254061648,0.10650411762805594,0.26635493043636904,0.6191751451405983,0.8934958823719441,54.91819184881566
msw_organic_fraction,gasification,49.47441793607094,67.94291754136613,18.11425970987245,16.337145563256243,14.284608253555994,14.521155909087579,679.030253295065,1.0,28.954812646819075,0.26670966725879053,7.458822677343377,0.44795483361731203,0.8647182124653298,0.8430602986113841,17.85643599246515,0.5007966682064421,0.6308658195919048,0.7383269218113555,0.570488821778888,0.30264697158736614,218.13314777487125,118.81423068140566,0.40681050077049385,0.7932651634771449,0.37482455147968924,0.004848966818516241,0.4412442775312961,0.6251754485203107,33.975416413853814
sewage_sludge,anaerobic_digestion,81.83898874372983,49.78892242661725,18.88626994263399,9.455205927670306,7.538535291002438,8.245890304871956,47.473731969657656,25.82336357138415,3.0,0.01,6.6072041855834875,0.42305795241756833,0.39098152893387256,0.5411353076851647,64.14476991963133,0.6169999119120438,0.9356711749386875,0.5585632885323512,0.4766997021519398,0.23637699016061536,219.71614839089966,90.02084061671746,0.7552983295972867,0.7972528208549878,0.22479187114655297,0.0007372769067541259,0.578209039852612,0.775208128853447,48.3407755518898
agricultural_residues,pyrolysis,33.26767046851501,71.46395084011336,7.1253614044885705,44.53060181005694,18.18929047364077,4.89379654958738,789.1012617198843,8.06842434678794,34.57953478344464,0.07047848637477441,6.511590694151038,0.435619424997535,0.7245715664451151,0.7738023768378495,18.719007024228244,0.5839419990949124,0.8410805593920629,0.21611819846524316,0.48948485831305993,0.5762150584782919,110.36760732977311,77.57976454645315,0.6029641927309561,0.8330728351615404,0.0771163274592506,0.2847594614811088,0.718452762620734,0.9228836725407494,54.7741927019925
agricultural_residues,hybrid_biorefinery,33.28601451508518,68.05327716860714,9.915623439940195,55.201349705364834,17.43576382868467,6.037330766069502,499.842167823967,23.616368319836425,36.90566505361198,0.31860083679445295,6.954840750228807,0.5932853844676365,0.8532498109143678,0.8460696255945824,60.51986723889535,0.6689046308752802,0.7553948205006265,0.7232039131620828,0.9246834848193961,0.8222857784817376,-5.707688715826929,129.24263195631576,0.9763723865997734,0.9157856081697349,0.16858508703501845,0.5862537369242258,0.5006784925485309,0.8314149129649815,67.43247685170508
food_waste,hybrid_biorefinery,79.39641984988913,85.95547496299866,7.909064657235838,19.993309705480613,8.592281944501988,3.1680360439759205,814.9774035138418,22.797362911853295,42.182048851045,0.17844850456324815,7.200244820098996,0.5930238279382951,0.8172994501777526,0.626249280307382,35.60302263324612,0.9338550434962352,0.780804977002872,0.4901402090374219,0.35348471175460294,0.6905512084999242,62.5214429768481,119.37072348057445,0.8536368318658828,0.9717943187741466,0.10575313374303905,0.4090352130471478,0.5236543001827494,0.8942468662569609,68.27089614505127
sewage_sludge,incineration_energy_recovery,76.88162335283555,53.133581448390984,22.800751110911502,17.147302077258608,9.457201653582594,8.524962933427863,864.2779123770415,7.1310655195804085,36.97916866110046,0.558323187938799,7.069244493674622,0.6380369251267676,0.4123311241130073,0.40526685589145117,30.130403386479976,0.6642851151394408,0.6533185461425357,0.1914480560066233,0.8447687352998129,0.06816195461976013,352.8173845182152,91.68431995743882,0.3825603973010996,0.7827208857318644,0.1498852986138603,0.0,0.5324465776087745,0.8501147013861396,36.870053941915934
sewage_sludge,hybrid_biorefinery,73.92924419311655,53.249853058775884,25.50520990206606,18.65534053505714,4.985258689634579,9.129838766747055,725.166793739133,22.953749600424086,62.23292188765454,0.14171447829205952,7.004786766531256,0.3581441228556232,0.6567888380111313,0.6889020493050102,58.64642483428307,0.850244548849322,0.822957906752263,0.42168625651661606,0.644730841433773,0.40357494761173346,115.4701805641775,145.79131027118154,0.8659253688196638,0.9019650807089985,0.1262455066285223,0.2715060245086299,0.3214638028367838,0.8737544933714777,55.80093177921519
sewage_sludge,anaerobic_digestion,74.3160945798903,62.69866927520965,20.155352043662774,19.408113948094364,6.497862267149889,5.366661982459312,37.78771567770849,19.558422758935716,5.808889204786118,0.30179811689638236,6.974986502126988,0.43557660977286533,0.7936654992173784,0.8005001387291552,46.214094631780036,0.8687065750972961,0.6360583113366894,0.7958928154833075,0.3979453828895121,0.3170517965398984,170.00435245417353,95.10387664997396,0.7567658406269921,0.9381284841455491,0.22153981729952435,0.12985882479435448,0.5692046760283883,0.7784601827004757,52.834479380604954
mixed_biomass_stream,gasification,37.03025999284332,51.86699734308718,13.649131934887816,34.7533598008438,14.067403778269085,8.871206738135907,559.090439339267,1.2877405250178344,33.03026753532309,0.3603004462136806,6.57516123622066,0.3507945628451846,0.8632275887826262,0.7848960399925999,17.95421121023789,0.5872020622495668,0.7142360321201713,0.541428312187078,0.5470753409677495,0.3835268173588197,225.27363206531592,100.20544339969727,0.43273395310260077,0.8291019251972094,0.23320033437724277,0.0,0.5569788292942178,0.7667996656227573,34.23736685107127
msw_organic_fraction,pyrolysis,59.62946345578105,63.912043289046686,12.936056097509272,36.49757402078135,13.665355041285528,10.700224904500772,565.7612460771479,3.2947021509464833,43.6986923841627,0.12384385803048531,6.7336752396561526,0.4369985877697101,0.8583390632952678,0.8782414675993622,23.575538241557073,0.495284535646106,0.6452344825923915,0.4356759469571747,0.6967894674575259,0.17582704901694898,164.60372213795398,99.68263943818617,0.6142556795544529,0.8395950772752131,0.16996558395795394,0.14388643600531434,0.5140364800564332,0.8300344160420461,43.87968172941681
msw_organic_fraction,pyrolysis,52.66711762245257,62.02355966373457,17.71044066610251,23.022991069403382,12.345250566821097,17.080686065852063,654.5931164371924,7.273739243392757,23.288114904311932,0.01,7.004995811333302,0.5677576243289978,0.7599450685341413,0.6603375818255065,26.684648598824836,0.6461481732213296,0.8491417908765613,0.32328503012211346,0.7586208233847088,0.1812426097385359,214.0373595736087,100.73487722506243,0.5955110133315326,0.7726403341129603,0.1623603605530137,0.015487377730886464,0.5096898098000441,0.8376396394469863,40.81031914981125
mixed_biomass_stream,hybrid_biorefinery,39.70426395413387,55.7871839183508,9.089276597709913,37.04452322792107,15.635721089203235,3.4233947908578273,541.7273591245774,20.25591972436036,26.144480087626192,0.18613715756150478,7.239277043125929,0.6497360778066731,0.5451916992310836,0.6319733564316323,32.35223218543993,0.7603506874158438,0.6240306721326998,0.356700934397513,0.7470551405811184,0.7635983248923952,64.19377573712725,123.78987466158995,0.9547789078338086,0.9092492746877877,0.09433441265810176,0.4046914915918773,0.5164659753626957,0.9056655873418983,69.70291972744218
sewage_sludge,anaerobic_digestion,88.0,52.3562667012054,21.529523948392367,12.220953519708727,5.596520627745472,6.9571272807306865,30.40139325193089,11.02300221108828,31.723070466786385,0.14455908285142138,7.04359980335951,0.34222317164813953,0.5975470645860385,0.619576329750094,9.411846032246256,1.1007860472353936,0.7165145013906459,0.7053312742381821,0.5911657025123698,0.06705942892560685,187.8441581369262,58.76637479625544,0.7864693883948288,0.8561562921597029,0.23891276856780735,0.08352166717681504,0.7054563649096575,0.7610872314321926,44.18545035868125
msw_organic_fraction,hybrid_biorefinery,51.60595969806006,63.409346473990254,12.457712143571735,22.28062085015769,11.40233119444696,11.146907791213048,800.4018809640954,18.709209071897114,34.55119996740666,0.1683119702927074,7.085565068340045,0.3413689276595419,0.6585150978958879,0.6117073455101653,16.928066419987015,0.9145553910407251,0.4777068200136123,0.37261115784137067,0.6313904265940765,0.4184773646554078,78.23116451155892,121.73047003716692,0.8471287663227912,0.8866765134651501,0.11852431124741515,0.3682307415284184,0.451378335818048,0.8814756887525849,59.24292342932649
food_waste,anaerobic_digestion,82.20025032731942,82.07674017870399,12.670880771322858,10.947806376990137,8.887625658324875,9.218648301086963,36.299502134667904,13.517351421628941,15.276476567770782,0.25434476618703616,7.12185973970144,0.6126250258731012,0.7176230327891433,0.6560718527791252,25.653161318499606,0.9735270032519558,0.6190213818485102,0.2576618671053015,0.604810288701945,0.39458704352975577,120.38848649699464,78.54368595656446,0.7956820361377256,0.8581079185857465,0.08642045672262956,0.25873120390391,0.6734213287525228,0.9135795432773705,57.788721926735526
msw_organic_fraction,hybrid_biorefinery,51.034960761550806,54.72146299390387,13.02510570396852,23.863591930240958,12.703357013784126,11.147432241072803,479.8160210205163,21.940917495439685,26.36354510749804,0.09110682353268938,7.529789101756184,0.243637460947595,0.900445311982993,0.7175282315045712,14.246018717924153,0.7661869049345287,0.5272755527065494,0.197568727324334,0.5317083228027633,0.4830077997380682,76.20973162774251,115.1591528941419,0.8143860518889887,0.9409788772798019,0.052231229748229045,0.37348121655131816,0.500160911236365,0.947768770251771,63.10758632341551
sewage_sludge,pyrolysis,77.94364203668636,56.35715245801948,21.16114659830045,10.957572268843876,6.281212956938297,11.229594534942727,466.95546378594815,1.815215172970313,56.801489902373206,0.06222587070947867,6.745053575905118,0.4719966313495492,0.7361869823773334,0.8356171127945823,14.126985354791888,0.9204563708074778,0.9570991637126799,0.11127939262637493,0.7587642259834079,0.05749995625880832,200.21611125996617,90.97932608168408,0.6288436252592167,0.8047649739803453,0.04847534000597419,0.05138672400008787,0.5338114320522848,0.9515246599940258,40.58237143061875
msw_organic_fraction,hybrid_biorefinery,58.4806014787768,62.50361576919825,21.09297822560248,26.13495183390371,13.215729360376164,14.33410450536815,691.3794845736259,26.459874506720986,52.29794844801355,0.15004638494309758,6.694702016382964,0.5381826625658677,0.6071531713378473,0.4979546337818008,36.59655246466361,0.6870282973619961,0.2766521256617841,0.19179027754806618,0.5277022815665351,0.3744013752899272,170.33677290193538,131.41129152696922,0.8146414518593261,0.8444093015023493,0.06918040557141025,0.12899539505990812,0.39072992610605123,0.9308195944285897,53.00077105620898
sewage_sludge,pyrolysis,83.100689017443,60.45911259160421,23.45658261481882,11.94570771002871,5.316889417410709,7.756614616608834,661.3198810239321,1.0,49.22739099092391,0.026050009274207392,6.634053456640056,0.359091855933237,0.696938214682647,0.8044165275106662,20.332924738844373,0.7122264486962633,0.5825912545787582,0.7470398757208468,0.6610101764866667,0.05,210.6023583498137,94.06655155158566,0.6196835902800638,0.825307284717598,0.30037417891133406,0.02440945883165273,0.5159128865706019,0.6996258210886659,36.28397160201488
food_waste,hybrid_biorefinery,73.15839770446719,71.06961250074083,12.169767790593113,7.572526566707017,10.51037801156202,1.6123017116986054,654.8948789527634,24.959283040755572,45.80541788884255,0.31914301644025034,6.97788735272078,0.15109086697209761,0.8921316665509385,0.8131199595219323,24.34243839145903,0.7238626285122812,0.8071493113005523,0.3868416960538416,0.4639759574693286,0.527240786806232,79.27063551810447,104.17901580925019,0.8567951467432098,0.98,0.07379967327432083,0.36553081683609223,0.5676823635750016,0.9262003267256792,63.58790108706308
industrial_organic_residues,gasification,38.0017646021693,75.80824799531733,9.21247198760106,21.68450031698105,16.50927705629101,6.040883333127941,448.84148555993704,2.3014694325913383,48.45436108699792,0.28247712562333516,6.7373194535100565,0.8864120045324649,0.6439165835485439,0.6219969246498445,28.055934814083162,0.7350111722192021,0.5394841063155826,0.4100169359460104,0.8080043603458456,0.6263430915440218,149.32639282563773,110.29579755273089,0.560627867117163,0.814830499206679,0.18936807229581912,0.1835678108424994,0.5572912824937327,0.8106319277041809,54.76490157036949
msw_organic_fraction,pyrolysis,59.01506777893404,56.94759560338331,17.36384070934947,15.516435054174535,12.275931988475413,11.530136388541516,646.292711130033,1.0,46.20605489643264,0.14117450887896443,7.292823162773157,0.35054365853211333,0.5023417490263459,0.4084951883609117,23.887617268771745,0.8682824843300131,0.7670574608260206,0.42402904697251775,0.593593362125962,0.21057918577870377,200.54046792791328,92.02715610643767,0.575730878494269,0.7293591470910198,0.21852931573855888,0.05054423914827719,0.5619739676795376,0.7814706842614412,45.42592769649714
mixed_biomass_stream,hybrid_biorefinery,34.660836804179084,65.66798750102494,15.329693174584996,32.34187857343291,15.283019518754418,10.690145641979694,619.9719833124124,25.405142128366773,62.23365694427487,0.01,7.500744701501761,0.6611923271798559,0.6692082601861994,0.8036740006281025,25.37964759926891,0.8331368078638164,0.6062513305354529,0.15784112595678013,0.7607788834488793,0.7320422844751074,28.38777119600369,124.32022227451357,0.9082590875427505,0.9016016001294636,0.04915655977578395,0.4976941007896008,0.5067323432449785,0.9508434402242161,67.80956952922377
food_waste,hybrid_biorefinery,60.51044367713032,79.16293193027614,15.03722488093473,15.294382535426124,11.394729023617689,1.5285509318329695,763.3210297005842,25.594751070317187,40.60097415065833,0.14972772289584463,7.375870846235306,0.7308227240507887,0.75967375638975,0.5736024398828896,37.93189388852315,0.8652400526837075,1.0,0.3897397401458066,0.5062432383039425,0.9260887477227349,12.685167946323471,118.21834732500766,0.9143267709772179,0.9581516182933795,0.08228128096338189,0.5384800832563027,0.5815376964726456,0.9177187190366181,75.41620837764225
msw_organic_fraction,hybrid_biorefinery,57.6631364826065,71.22539608563879,14.68750520125539,26.602359500634073,14.002818535511144,13.217662926753425,721.3866286648844,25.298065408506265,45.230135217141765,0.04408745886490387,7.452460125211618,0.08812853883655117,0.9194201253135512,0.7625236869546823,45.24187512737233,1.0190585757932416,0.6239762060339279,0.5912067107296641,0.3532438336629927,0.5835096036824639,133.39391130320573,126.5816377419483,0.7428376010353983,0.9312376234495706,0.16326929870467868,0.22495087973193317,0.4621529667998878,0.8367307012953213,58.677038897108396
msw_organic_fraction,hybrid_biorefinery,47.23137319768554,58.543945238134526,16.810851836931732,19.720215156361707,13.664726054997338,9.763996145084102,463.76479525355626,27.84904135164063,48.5327506542082,0.05378933127020466,7.378565880628635,0.5292262333047281,0.6934766327117045,0.6013376076227797,67.98518880768434,0.846174805786751,0.4643163530842863,0.5224192341620634,0.6387769907365579,0.6035739636450798,119.45021045137685,138.40882324044125,0.8736843733329289,0.8957919668026099,0.15545764245040453,0.2611682845418783,0.40431878126275306,0.8445423575495955,57.538066284776825
food_waste,anaerobic_digestion,74.0815183372242,77.833032124012,7.315418555596896,11.398258112178324,10.229239885422894,0.5,44.7089611200674,22.316596974488803,3.0,0.1614750706420134,7.35222894295704,0.305124119686274,0.6064967300849518,0.48197123044060064,8.663782670236795,0.8140867799916176,0.9899718198331944,0.15310755145804317,0.5807659077246785,0.7819499946969334,45.140733472875425,53.465439175244576,0.8261014065060717,0.8920519574425042,0.04025035679400318,0.45417991305746647,0.8906319505425644,0.9597496432059969,69.13199900681903
food_waste,anaerobic_digestion,74.41195497006038,76.08694566215742,9.986280060771902,25.318790463846007,10.106787091735898,3.9319409012937157,33.238345772938274,19.431846133126115,15.704826292358948,0.1955877316813614,7.740490632008006,0.25141881670593497,0.45247818181965843,0.5827238357770289,18.230712156517555,1.1035230973620123,0.4922557574970653,0.4278386171832054,0.828704434616111,0.2777978608792994,114.68729119366012,65.80345941418629,0.8597660276814465,0.8842436276566538,0.14266843393791173,0.27353950339309063,0.7147815324766759,0.8573315660620883,54.288335441908934
sewage_sludge,anaerobic_digestion,88.0,58.51642635313699,20.67430518072183,10.728953555622681,6.731057970065763,7.350245900559973,31.117241718296867,30.205462582925826,13.193468282394436,0.24090106026488392,7.381172396147016,0.26409535425340147,0.8471094328266316,0.8203954975151804,17.13780328185031,1.0799809323700347,0.7839625940854444,0.15714981984882065,0.7045990303888924,0.15934284296523293,183.9783870015902,69.94507237348708,0.8058256646335754,0.9113014306635078,0.04492653855286357,0.0935626311647008,0.666923465591893,0.9550734614471365,53.944957359602476
msw_organic_fraction,hybrid_biorefinery,61.119157026083826,53.56540339025567,22.260315223116905,27.42266001069413,14.829804030866812,15.335461680493681,414.5628911879809,30.60792282089694,47.242672795987225,0.22493418218359482,7.339671013241682,0.32359631916165343,0.9118284890112562,0.9390932140525838,19.27816785870454,0.9418843103047634,0.5427061926128435,0.20593852975680127,0.4038932971064012,0.4552927748062315,101.52701507619028,116.35369080086909,0.7595127980460769,0.9304524683169005,0.06063509685558495,0.30772203876314214,0.4877765641370073,0.939364903144415,58.922318482960804
msw_organic_fraction,hybrid_biorefinery,53.73368361869835,63.043794178478045,12.564323580481151,16.89001156451647,12.685676833234787,15.92559317481549,488.21015083215,29.165121182908518,42.77170064662634,0.19670587496215805,7.1755630205824685,0.6046056712006375,0.8822418188628003,0.7443630575585201,15.002053931696999,1.0129202564554862,0.9215725377666883,0.4353339501330601,0.9250255040249683,0.5325611574967929,71.70855543929403,124.30892220729852,0.9081456774785845,0.8853589108622527,0.13344239133266816,0.38517258327456094,0.4629059693477233,0.8665576086673319,65.03371363495752
mixed_biomass_stream,hybrid_biorefinery,47.27252393488601,55.36020951895397,11.16326376285806,27.90187682773422,15.850465576305215,12.117332938231637,639.3020285547392,25.957735138717982,51.0955187214889,0.17597351657564095,7.121548070939097,0.42374207926915625,0.7995835406378903,0.841830508598313,32.66689297368239,0.9250734944490735,0.6835089339254149,0.6271712221504796,0.4173461277003646,0.5332732549554073,104.08104792753906,135.5019377841251,0.7934145676990022,0.9263413668726882,0.1850373529861115,0.30108818720119723,0.40415202248953125,0.8149626470138885,55.124579836885914
agricultural_residues,hybrid_biorefinery,37.13941186048361,61.30659154776189,14.04230682472593,44.71246837033854,16.689624282809593,7.870525526739261,432.0959412275038,19.937324010482424,62.441075190325904,0.25063191889917374,6.961830289431323,0.2584082439124912,0.7761687717685015,0.7003479079987813,32.55308170225036,1.0606135534582095,0.7142873527820357,0.44726987615542646,0.43799827337908265,0.7110033773073295,35.07836991071778,112.96279119235962,0.8150785491705952,0.8989798982230657,0.11787070289254692,0.48031592230982395,0.5618797367320356,0.882129297107453,63.215487666378586
msw_organic_fraction,pyrolysis,52.41848912765033,64.27468005085987,25.266216160493077,23.57527886108453,14.949294056679209,11.474995583918423,775.6927442929623,7.632453252150645,46.082482845503336,0.13333416631596684,7.262410634153216,0.3603148210086756,0.5785855082785025,0.6642249364190718,18.275463660034145,0.9153422224005331,0.8891866530252954,0.41269503744674435,0.6635025274767284,0.18408132785732517,191.67121378609556,98.63924614047176,0.5943758484624472,0.7902766568120222,0.2021520540094277,0.07358126289325828,0.521343965073497,0.7978479459905723,43.27154754122515
msw_organic_fraction,gasification,61.73999147373502,58.539099777783996,23.29660789138212,28.402746291912635,14.839662512757226,10.536840240152456,456.15316854764245,1.0,59.23793138897153,0.2011035916319326,7.373332221017237,0.28262949021370054,0.629685924251082,0.5455468507295793,2.8427774701083224,1.0152850925462524,0.709220644672859,0.20752913229117873,0.6159969155808775,0.2967685424354422,252.8638848792657,90.91520026610198,0.4328517064312483,0.7679583138094256,0.11203801151305202,0.0,0.5867880253036816,0.887961988486948,41.169310594648564
agricultural_residues,pyrolysis,36.56563422690534,70.06974000435173,16.786191710839905,46.91167271468946,17.435209074319193,5.464361364797074,644.3794177871118,1.0,59.34532913158803,0.12603997429479025,7.882127184906801,0.46903002496417434,0.8807780433470599,0.6628321773525562,33.68558776813441,0.9131941472409904,0.9465994237308673,0.9292501879388506,0.6593439931001599,0.4481952779475603,129.9443513836345,98.48525326037665,0.6441078707185944,0.8353419537392105,0.2997883453556236,0.23391077562692333,0.5802595229359545,0.7002116546443764,50.5063334422262
food_waste,hybrid_biorefinery,76.15935922396086,72.66446123615334,5.7001064790967275,22.12432817592785,8.069117841205065,4.872159366668688,723.1530470402895,30.620493107453175,73.90169798961162,0.27938147162975824,6.938156338442635,0.39898049067752445,0.7100605262021128,0.6672960675015029,10.72602835131074,0.9284617647070994,0.7818078199624986,0.19923767554209168,0.34371265089618225,0.5534324397037804,83.09651142228613,106.16892282971378,0.8237414864115667,0.9508457971239737,0.04970161656564457,0.3555934768252308,0.5629713323679171,0.9502983834343555,60.050538215378666
industrial_organic_residues,anaerobic_digestion,46.11610677461264,61.68530113458971,12.910492809584944,22.639448568480667,13.930366789986913,4.191231902959167,35.859366093303116,25.525483809801568,10.958555141878396,0.16116941512688623,6.743607900993667,0.4152563195312105,0.6644089931553174,0.6870270752064569,88.0,0.8969525397267686,0.4124875071528098,0.5577269814950837,0.7175086594013188,0.2691782384811314,151.10618224682764,118.39309976058351,0.8432590470921125,0.9224471833750894,0.16351319502070258,0.17894498117707106,0.43609763477856733,0.8364868049792974,56.83346478578732
food_waste,anaerobic_digestion,80.0457236213292,70.52079025555835,12.237261604086017,20.35352672468547,9.177856915384913,8.079640757744144,36.250963300964266,23.011492469279336,3.0,0.01,7.521024814950783,0.37997172014009656,0.9523370459907855,0.7256744853449337,24.312118194769553,0.8443026624570001,0.5370489053334913,0.37954980003134814,0.6241570658863809,0.459219037970672,113.2001649615763,80.61514241061911,0.7898795187785939,0.9359448114962289,0.10175421020205569,0.27740216893097064,0.676737965139763,0.8982457897979443,58.03540632972589
industrial_organic_residues,hybrid_biorefinery,52.41911064469617,74.90095583273207,8.700558026658266,6.0,16.54167317043242,9.331571191295321,782.7365272261079,29.039079824559117,45.17674048985536,0.1508510130225338,6.5229552775694835,0.6029870211783971,0.4295408895843866,0.5253646286277205,35.998572328862544,0.8685301975207201,0.7241017978235388,0.2200690034171903,0.8794422914656491,0.6395579058702257,40.95545464452278,120.43513516383632,0.9427785362216168,0.8143640819521886,0.07681159472289208,0.4650507671570837,0.5068336068502058,0.9231884052771079,67.35382577490537
food_waste,hybrid_biorefinery,72.52332258109709,79.16456418224955,2.9985362628950956,23.430061551705386,12.026523321847224,8.351096537438533,569.391517486543,24.508675175869797,39.645054891519386,0.07596761055085374,7.18105235655973,0.114602741802897,0.8109260820379318,0.8268567625403545,18.708501963414985,0.9088725828176476,0.6170997225754365,0.639289043824618,0.7171289559024323,0.6661167638215119,15.037459962119073,93.1164933985469,0.8699927825577701,0.9599687985852633,0.1666157323779206,0.5323702338646258,0.6564588806799595,0.8333842676220794,67.15501926114663
agricultural_residues,hybrid_biorefinery,20.097191716904124,64.85326936228998,8.343499407644343,53.481903975640755,18.20630985546282,4.945907606661694,776.5160698207758,20.75228569256343,46.2055187837359,0.1977097868361489,7.362207827449087,0.2736649196125206,0.4277530174651295,0.637703174837285,7.542249466326235,0.8429026834965676,0.3093121240509269,0.1935935479616857,0.413544267901265,0.9155025956411633,-8.735505943117092,97.40707649985869,0.8306579072976861,0.8378158112341266,0.058323747052714724,0.5941181972548496,0.6887417473575892,0.9416762529472853,74.75526865891639
sewage_sludge,pyrolysis,87.59540254913982,49.37363743435021,28.063142199058444,6.353379611507746,6.480094461810534,9.907779890364164,627.3897388658708,5.559760155217268,41.60966439951632,0.21224299773791377,6.870771394926274,0.2725047367028339,0.5689645097010698,0.5261845581231506,7.310214192538016,0.7826291000347314,0.8393194524493582,0.5851851186416609,0.4699959619588081,0.05,241.72528109620555,87.62735368374064,0.5499449101933795,0.7430358328515738,0.2751605513708896,0.0,0.5498034016645229,0.7248394486291104,39.646112232395005
food_waste,hybrid_biorefinery,82.87159105056513,68.58014638694436,11.680939915764727,19.609141713680245,10.458862977753975,1.361257078133077,716.0264671800138,31.142444259885334,47.79014721550059,0.11866800671749025,6.636485934274391,0.701172388197778,0.5803555340884581,0.5606639994843766,42.39518890025836,0.65141387218032,1.0,0.6637544311625448,0.810703784737791,0.4691131426602678,49.7375771575985,129.85126220526953,0.98,0.9401627230565708,0.15789952246570027,0.442240059330913,0.4197771955680508,0.8421004775342997,60.10522302903338
msw_organic_fraction,pyrolysis,60.67638248873265,58.70893401243443,15.151442512809892,27.975068024457148,13.881180897563583,15.730474460737327,705.1462813390679,1.0,34.49781907582194,0.16777733548331747,7.419775408157947,0.6061634374359025,0.6265664832976036,0.5879880081103823,25.876930002848663,0.9982434234390786,0.7913890699033886,0.541544802793644,0.8318385651641468,0.2120877190318753,207.8138703038715,109.74818467622691,0.6263393950607477,0.7516478524727171,0.2890224363642636,0.031652284925009065,0.46903727357529196,0.7109775636357364,41.16132602293343
agricultural_residues,hybrid_biorefinery,34.587124030050234,70.08462964789717,8.72033048983137,44.84912654589226,17.94319938117217,3.188840221193674,706.7170532365317,22.48739914118762,28.67174868890965,0.16729487990981223,7.718757628130607,0.2366718899705691,0.5940589105568815,0.6985714356322605,40.40495507830293,1.02241895764136,0.6879585990686414,0.3789669766350045,0.8004479520307212,1.0429683449845175,-27.180750667633248,111.24425606728333,0.9367238576569701,0.9067587454743697,0.09617631522803419,0.6420279238120344,0.6439569513319447,0.9038236847719658,78.69587815471398
industrial_organic_residues,gasification,47.3753075943517,74.84501851496464,13.375254632334375,25.48660269335653,13.131562930465531,8.848333943615861,630.1569953675643,8.426559641202555,36.39499871523066,0.16277156407100435,6.642135560517432,0.5227746803300967,0.5505401961823416,0.7266815782581479,27.1902376811424,0.7612561704455131,0.8287459615368439,0.23747835917131632,0.8916391884972267,0.32412831464906233,186.5980521937587,109.67359485546987,0.5327934339454035,0.7960182267152527,0.12824324954059935,0.08675830599023716,0.4940787826150576,0.8717567504594006,41.92954444007855
agricultural_residues,hybrid_biorefinery,30.373021912263965,64.24324536137559,6.169098309076541,32.97238720235199,17.801625801337895,6.289511237847607,762.4666286942667,23.12427601809787,62.09710844537932,0.14250464222676112,7.436588568518241,0.24863080189561088,0.6393149621477918,0.5866760866861103,16.205255384307595,0.8856000538712258,0.28014498156309836,0.3493405291818726,0.8872519003041098,0.8148125813770093,-4.3757441070124505,113.50735778544048,0.9376768605627431,0.906577705570458,0.096354589197392,0.5827941405376946,0.5818516216637817,0.903645410802608,73.37802688647963
mixed_biomass_stream,hybrid_biorefinery,42.04852882097466,61.23149487709934,13.086812481176851,34.38159225559861,14.42616797488574,9.989856380172823,749.9655860346136,24.189604590155835,47.99122282529605,0.18490104201647917,7.337109457899651,0.5347041752444712,0.333792385055712,0.5474475988183279,46.26174381727766,1.044770153189769,0.7608107193601169,0.31190676196640305,0.5282680595574353,0.6954730261004392,68.59383354549101,127.85475613404671,0.8449143542477068,0.820253185798551,0.11752144563245259,0.39326277001171167,0.480084296615535,0.8824785543675474,59.95535867026268
agricultural_residues,gasification,36.161927520530654,62.98536834563842,12.653250518165171,50.10801855894071,17.116296263285918,6.473248924359025,734.3913126759626,11.866418708752619,51.98214189162871,0.2329941067676168,6.070955821602563,0.18755593936964374,0.7632868898874449,0.7303959140102481,14.28853359293212,0.828373026426809,0.46178064031805677,0.49403425505736576,0.3060603209499648,0.5236885733338925,170.30398212585698,80.57958355492815,0.37620681291654956,0.7879134151308945,0.2125201122042576,0.129080565906865,0.6911084147917292,0.7874798877957424,42.97783737539115
mixed_biomass_stream,gasification,49.67890814255873,55.923613402402836,16.95703176962848,26.603597383785203,14.92286754552308,9.971351105994383,892.6503946720445,5.3440484317792665,27.263939943879038,0.32209374104014715,7.1980168587594155,0.5674812159197696,0.6528783788442243,0.5341875469322444,47.35246402904925,1.1696994249672878,0.6970589625934954,0.4979931764407619,0.7313808196290682,0.36984792674766986,204.67599134500196,127.5327231390436,0.48844424443888795,0.7794413684702046,0.2600537872035979,0.03980261988311179,0.41014168525794215,0.739946212796402,40.744528065877546
mixed_biomass_stream,gasification,57.23387592916647,59.57152279874574,16.12064346027985,30.92962161130192,16.28276984628917,11.37799439886091,445.8322195634082,1.0,49.71301829995126,0.32416031385710964,6.852276898346756,0.08346599963070604,0.6904005293337322,0.7243986966648626,19.364278953958483,1.2236452483624127,0.5684333394233175,0.08996284299047942,0.671507282666745,0.3190471082505434,200.7939878057548,80.08717715352658,0.42490813984511644,0.78429993210739,0.04773510709342864,0.04988574595907845,0.648678905112348,0.9522648929065713,46.01883192999216
food_waste,anaerobic_digestion,75.40579524750457,75.83113655224967,12.717099134895072,18.91050363799455,8.371720036965858,11.207273089298074,40.17282499069655,18.275593961767818,10.269366672562871,0.20737582657245318,7.319433992965168,0.3713041257901707,0.9690554426200896,0.9205006630540244,14.654620583602155,0.8884359392622377,0.4355187913930385,0.1790056664078696,0.3153967704308202,0.47865716049711726,111.97096552261817,75.71931772960711,0.6901026110458323,0.9314220181357589,0.05212155069545302,0.28059489474644633,0.7067818504166967,0.947878449304547,54.45043701159265
mixed_biomass_stream,incineration_energy_recovery,46.49774107661184,58.07293476233378,18.392583529799648,27.011317395872254,13.96583105397608,9.447031627760364,491.5552612336893,1.1685199664393764,48.12926973760198,0.6014535373142801,6.786903687715077,0.37378795878814025,0.8627226601032789,0.8944451828614517,26.45120204103743,1.0431346578250569,0.4909098153966992,0.2714639215694453,0.757988063847077,0.29095476281378246,304.4312319208661,86.82269034451959,0.3332708312704979,0.9158200492195208,0.1601261317913318,0.0,0.6070485196899817,0.8398738682086682,39.53060302978188
mixed_biomass_stream,hybrid_biorefinery,36.74414308160724,62.04479468028471,10.3839077375015,33.011758694420394,14.535699957821961,8.371797267625094,831.1275528301641,24.828897858667474,40.84253693585151,0.23997767434801437,6.896775244399519,0.1539845280648322,0.6074477418277889,0.637788136511351,44.53185121496118,0.9721325869949284,0.6748995187826898,0.21030542259233062,0.7943840692055517,0.6633947578121829,66.88304462793377,120.87463441675285,0.8923121986731988,0.8903445588316433,0.0635671229119013,0.3977063775897824,0.5097645603147178,0.9364328770880987,64.24699721673821
sewage_sludge,anaerobic_digestion,87.80628961370834,54.09397932778179,20.085479371324215,11.529918796967422,6.965289303726952,15.513596777934646,45.595405318215896,38.961799393451585,3.0,0.2773858275296427,7.693519817693298,0.34080500376855444,0.8872304834813108,0.8770152234197275,33.765283742254304,0.9750741767957724,0.659948486626062,0.3191907740925933,0.5812979710497518,0.6313564073555615,145.79398382786937,84.30139748854256,0.7239937156183799,0.8606445747021211,0.11245805316850692,0.19274289914839124,0.6952068438890522,0.8875419468314931,58.607432764348665
mixed_biomass_stream,hybrid_biorefinery,35.31573085149424,55.35148456837034,11.271943264064076,38.12206788770819,13.923664949432087,9.467241711064798,810.8084340987492,26.25381872948618,62.056661098672954,0.13895589058482063,7.369850152483504,0.49403655597255414,0.8165030789076732,0.8225622995887691,45.15819790088446,0.935846446700858,0.5972372411566911,0.10078481804867621,0.48160382370878707,0.6640478000575305,86.68878977842,133.63681427995888,0.8336531884275475,0.9225792421722033,0.02709892282120568,0.34626288369241554,0.44273886190760997,0.9729010771787944,64.98566203648494
msw_organic_fraction,hybrid_biorefinery,57.128403771579976,58.203320168146405,18.480733291997968,33.74768238298623,11.463144079104927,13.93937183811991,750.0775814698361,24.72857786258237,48.934608032554216,0.034650501918185944,7.172939172911913,0.30776761304833505,0.25,0.37353514347610467,60.15255151074051,0.5946007124044084,0.7495112310753715,0.18999524094921513,0.8978703113137911,0.5000719617249205,109.1288779673288,143.96667340054879,0.8915133840054751,0.7577046851199467,0.08411818287392288,0.28797694034460053,0.35229649789238365,0.9158818171260771,53.85556493551132
industrial_organic_residues,hybrid_biorefinery,47.77514165259755,79.55510687143415,13.736238720912631,14.029768304560967,16.386735228389917,8.487397390403324,671.467149118674,18.61199562233331,34.73018939157076,0.01,6.9202532106733585,0.07911887587265622,0.8107126460572368,0.815114051419522,10.917091918328081,0.9657775571002398,0.6726756499276153,0.33921658998117954,0.5352079636322149,0.6002529362414297,29.32712137171797,99.54280265852462,0.820719719245043,0.9340518106634812,0.08881426745625393,0.49525423020333,0.6081461582966692,0.911185732543746,68.68476004345507
industrial_organic_residues,anaerobic_digestion,56.972995241141874,73.52416585444607,8.368619972006293,27.664990958073187,15.090259690279975,6.250973751934589,42.46554941007191,22.98047247266218,8.968235818191337,0.24021391752416243,6.974659916811156,0.10873874066040562,0.8684410784174312,0.8886754942670474,52.86988146626088,1.050165982222253,0.37978073698492765,0.44446305184878876,0.8047951215928341,0.5026793330176665,122.13664517791385,81.6813023737981,0.8261410633874988,0.9600346095055045,0.12028637897625095,0.2541905320054186,0.680687861822844,0.8797136210237491,57.004537709268284
industrial_organic_residues,gasification,51.85872648608224,71.29275729897014,16.777078191490666,20.107461869040193,14.846127470159875,0.9338442471667214,830.9049283149338,1.3281928351022345,60.58165616786316,0.22309139276482176,6.772447213746596,0.3373783353546949,0.649117180571439,0.6091020411728552,35.91093233060036,0.919339869298723,0.5465224330014204,0.2665159773944275,0.2583946883817666,0.34577098683999496,221.40744832828733,99.63204812276727,0.41505202919365014,0.8511578741157109,0.10070259059051044,0.0,0.5516904164586554,0.8992974094094895,39.572600463941185
food_waste,anaerobic_digestion,74.81840167278564,65.87448077501303,10.547441236625694,8.701308685897684,8.199508059025673,0.5,40.46933683370651,17.569161353042073,19.991894748175397,0.09894533183827103,6.445259660989948,0.22160319871318218,0.7834562649922975,0.8571908632694829,24.7581768230197,1.0889138597461225,0.6067492430003657,0.45763490078149505,0.9220545374501826,0.24751717631669462,86.23589109181829,42.79882007017333,0.9047418902596004,0.9548972690731549,0.10596531343931681,0.34743924391735503,0.8291968310519184,0.8940346865606832,61.07665834665406
agricultural_residues,hybrid_biorefinery,34.49857537099871,71.92961629117045,13.450412464124831,44.68180008592333,19.748863228376194,0.5,593.9473713417187,19.85684920748176,38.382398247134375,0.16938607251587726,7.721401671245945,0.6002430883698283,0.7256262978835254,0.7900862071969783,39.27640237107092,1.108618703157254,0.7737590607200984,0.10516684821094531,0.7246746654419793,1.1797477269007473,-73.96422312037649,115.23348270782088,0.9656881134300811,0.9598051902382234,0.021795821717736703,0.7635434366763025,0.6530524856664756,0.9782041782822632,88.83992951707133
mixed_biomass_stream,hybrid_biorefinery,33.653477669504426,63.37913803601528,15.279172325242616,35.36796689157711,15.497582975319018,7.773967236473659,715.330277978042,16.710753959319852,54.756841863429386,0.16878203699376954,7.252562643308918,0.8238761217208496,0.5461052430769663,0.6379600118529007,10.71816071209566,0.9442699630021144,0.9002330800386347,0.5107204764780974,0.390617327244295,0.7595718112907591,7.756666065146785,119.3318077330696,0.8491466508934261,0.8794407850754017,0.1576412555386219,0.5512813868437746,0.5390436525204428,0.842358744461378,69.26924730015236
msw_organic_fraction,hybrid_biorefinery,51.609612636826576,65.62806684568478,13.744237259559494,26.293828449009144,12.953126172519424,14.749911071078069,758.7051122464712,21.468023270925723,23.046598100281813,0.2507258029210342,6.936117123342252,0.3788569442593289,0.4438382972698352,0.5343167082318061,24.19991751025951,0.8654135620602019,0.6947299629410238,0.5654818050667977,0.6248022507124291,0.4862929158215095,114.33164876391707,125.33544741843725,0.8232597407213071,0.8185551057775249,0.2289813321576088,0.27446324996385174,0.44732419191000966,0.7710186678423911,51.81423923693816
msw_organic_fraction,pyrolysis,63.16881631102774,56.699452018624335,11.552711253862839,23.794846691208747,12.899448773459035,14.602668012819148,666.6572420749721,1.0,33.348116386221534,0.01,6.140182130984059,0.2814105256836448,0.7165585692375924,0.727595715274094,36.77551279012332,0.9188257532960231,0.8230801417739275,0.4824679105754791,0.5019104169494181,0.20274460040877396,247.95642706947785,97.63943636615117,0.5257717702023121,0.7948506723836337,0.23453942910744857,0.0,0.5307120417417662,0.7654605708925515,38.95160116618452
agricultural_residues,hybrid_biorefinery,18.802459858318386,70.80745851212144,13.256223222268405,39.77531232891892,18.6135220031735,8.285708144896603,540.6715561974274,18.09283264332181,58.02746838230401,0.19570308444747814,7.648693760099849,0.4351450515205065,0.7603737539982353,0.8292240557244475,14.1109430678575,0.7842959257523617,0.7329733943513823,0.5511254036258663,0.33636836448951984,1.0345176834272467,-42.73893638068323,120.06772005937101,0.8009037382297443,0.9196505007879368,0.14899439344002427,0.6824387957939825,0.5956585216204626,0.8510056065599757,78.19609530446219
sewage_sludge,pyrolysis,77.64508553925019,46.96921204835906,16.1858567461883,6.0,7.71361905524279,2.419598628164457,807.8683251194568,8.572718984636463,60.80890830792221,0.10413049179335651,7.3772009521413535,0.8121489252265995,0.5619118571292552,0.6865169562030191,30.409288668906676,0.8145423486756025,0.6569261690427682,0.25960991374680914,0.7930661040675097,0.05,149.05545213868035,107.75092193045857,0.7263012496378541,0.8185659732976973,0.09430045625612592,0.18427155288654454,0.4438898845765338,0.9056995437438741,43.97915341072565
mixed_biomass_stream,incineration_energy_recovery,41.72361400703346,61.997859647365715,15.16806302995952,27.597297561121593,17.10982522492519,9.481769403593956,662.918150913681,1.0,43.43297259291296,0.618229760549921,7.142301747507703,0.2512716047311552,0.8136896560122154,0.6309917765885552,22.91695826997101,0.8818944712033556,0.7105958998823391,0.687720928869257,0.5263575249266785,0.4483926468052346,279.5868424018392,87.75837776448675,0.2653187237850043,0.8772520412551399,0.42231405386266285,0.0,0.6367601835366951,0.5776859461373371,38.898426844567894
sewage_sludge,incineration_energy_recovery,88.0,47.12892090019853,24.14883154422845,6.0,8.15445149451289,7.949959551722053,939.7167998694067,1.0,38.8831171181261,0.5779711094540838,7.116297036424401,0.6118438251364404,0.9424761032774022,0.7622929990558015,26.546421246890525,1.1047271290082992,0.783049459969881,0.6084275233814492,0.43124025764031254,0.05,369.3884765760457,103.88649279248357,0.28110785355893897,0.8835487300067462,0.31985748483341125,0.0,0.46422898530271806,0.6801425151665887,33.07850218208526
food_waste,hybrid_biorefinery,76.55690236484915,73.27883360113864,8.197844785603356,15.00730359726922,8.910893638307547,6.369080978492981,845.5658148751919,20.95706078449835,34.173985754276295,0.09107808014704133,7.754250959065484,0.5763918970146515,0.7584241315970205,0.6309153078057604,29.795793695596906,1.0976399321254409,0.8514525585673762,0.19426716169404734,0.7829615633699362,0.6945024007134545,65.53707553004398,118.28686502430335,0.9372681757542053,0.9248141560793863,0.04932176445867579,0.401202401220665,0.5302280806606265,0.9506782355413242,67.13123939855404
food_waste,hybrid_biorefinery,72.69519427048287,82.06548654728469,11.991930728311253,17.07709916293403,9.364363893263123,11.43517593122328,738.1068733360778,27.793047327637446,42.46116754087634,0.18427014681622936,6.724123133662956,0.7365708688969577,0.8542565616124035,0.7670906599008036,39.97336019254034,1.2206831693863878,0.5662262663469062,0.5549942725592273,0.6501816937915524,0.42320534467755144,93.76956284878977,138.55112743926608,0.8814248614410818,0.9197723629046219,0.15371994910105827,0.32787126532781874,0.36388871562239766,0.8462800508989418,58.937038776450045
food_waste,hybrid_biorefinery,68.01612554241686,80.53076450430436,7.877096094342474,11.540134109238911,10.612316250699346,4.257553296478786,628.1672929703867,30.935040563522456,67.49588336851372,0.24718467347916617,7.300323272603086,0.6817814976115768,0.9080707703224995,0.843735490137334,44.83281814895191,0.8168204989933249,0.698124225202165,0.09071241927330212,0.40413610907310793,0.7590384978928009,63.371856610993476,142.7806062941637,0.8657736740018517,0.98,0.018948833087025926,0.406826346464952,0.41551159430397566,0.9810511669129741,65.34206663779803
food_waste,hybrid_biorefinery,82.70081695070094,74.51631998427723,6.494182740903869,18.01671868683948,12.88555589287116,4.01257171426772,870.1901066660612,18.31535074965794,62.52352947544204,0.14072477871585995,6.8806302809056845,0.1688372133321767,0.8335441831286368,0.8301002650191542,17.898177834384224,0.6826710474976578,0.9179578025327999,0.07080382056542005,0.6335573065565094,0.4082614656104532,80.47128296492374,96.42541612984526,0.8838083017058275,0.98,0.015578076058447328,0.3624122520391591,0.5823153322772194,0.9844219239415527,61.38521467655003
agricultural_residues,gasification,35.87472050997293,55.791860018871645,12.338604964868653,42.06033654673415,16.293531385137722,3.787772456942598,755.8632201486746,1.0,61.82385491809686,0.35024275879642197,6.929547982687098,0.185436517606384,0.5894951991114084,0.5835448668144924,13.31819814786487,0.9779766570527555,0.5979556696972976,0.500700232123943,0.4750030746384965,0.5526804832383573,167.80783679338825,88.57956180329391,0.43707128286953667,0.7855561461850432,0.22100560050749743,0.13556406027691364,0.6553814862951023,0.7789943994925026,49.09953677675586
industrial_organic_residues,gasification,51.50461326973775,75.13977002575315,7.055675342297407,27.656814565820998,15.333088568233649,6.613314518849886,674.5485336186765,8.655364326306369,63.702211911572995,0.2662463017881931,6.7193664334484255,0.4166803059613421,0.9501399506941871,0.87163086869779,19.000400291909273,0.7796190421076727,0.7392780838529042,0.4386819535334262,0.7039190496882252,0.3715282311361342,174.74767478322468,102.08719577184056,0.4930209852670145,0.8883532351024752,0.16293352561371358,0.11753850705655927,0.5444351804718414,0.8370664743862865,47.568643172912964
food_waste,hybrid_biorefinery,68.07340172140428,80.0187975152441,9.893377964445783,13.673186966493647,9.812610379857162,9.43339096530732,516.3553200462601,14.200494044743115,37.34456702459434,0.20890686389975976,7.648336528166908,0.43036260927086967,0.9703430206236117,0.911238324424477,28.416954420505213,1.0679046547652065,0.5474761417576404,0.26777861634244704,0.6909359994263093,0.508834434668028,65.45457217813883,120.21329326486067,0.8811292718410957,0.9617069386802459,0.06324152517817756,0.4014166956411978,0.4792420321276995,0.9367584748218224,64.85777926629669
agricultural_residues,hybrid_biorefinery,26.332561006062228,71.81095258777275,4.184595461065913,43.53857262986879,19.054789067306395,4.908489713486292,640.261452155501,14.920473840100755,41.9134896311697,0.2831673007478225,6.94144526792509,0.7571220467394396,0.8322006407355139,0.8676139533688818,74.58914689953856,0.8167029417896909,0.904357829228003,0.3983356751839789,0.6320694854496123,1.0065072450970927,17.192441002864456,145.2095740086842,0.9242277071071542,0.952975288105697,0.09069918664223058,0.5267728805120404,0.4571706780861804,0.9093008133577695,74.96820608706426
mixed_biomass_stream,hybrid_biorefinery,37.99802323674721,54.99859359085758,6.960260318931618,35.16443699544379,13.203405710940524,8.594812790269337,675.0702354803036,17.654415333153374,43.52125030888013,0.20232881444490486,7.0543277189951485,0.5666665894280222,0.8684650438732485,0.6850681105951645,12.162785423779976,0.9047014937996078,0.7328884739505143,0.35519329797783394,0.6553213764957656,0.60453951820727,6.563635655327655,119.38645848231347,0.8889999817462978,0.9301423043744236,0.08910983399249171,0.554380167129019,0.504648912519739,0.9108901660075083,68.4280413105456
mixed_biomass_stream,incineration_energy_recovery,44.02086174158695,68.07361124632165,15.71038163049515,29.004404467237258,14.200654522298347,9.27411469633479,801.1256124559156,1.1575121239146346,49.39894382084791,0.6574539407797884,6.179497995082581,0.4544812610399977,0.8849443382496226,0.7487706075931418,28.466341820894346,1.068901124710757,0.7294487958188175,0.7128493772540023,0.35299932550897933,0.3144306762840176,297.2500309413428,100.66143756856995,0.2396895293861011,0.8997519322164138,0.41063989030929315,0.0,0.5393777089479052,0.5893601096907068,35.018924273256296
msw_organic_fraction,pyrolysis,49.42163545381977,64.77475933515997,20.145619273978156,20.56311012045495,12.720549405537623,15.604246980595045,825.7088000143189,1.0,59.38412363569083,0.01,6.777906349781427,0.17614434740513243,0.6976453721415861,0.644186251582837,24.624673440310687,1.0047596598650719,0.6017659136975935,0.5416819860058409,0.5395004650914468,0.2417952573641233,219.361769709799,101.12080891240612,0.519736935201107,0.7665575466731428,0.27415481826119875,0.0016577410135090753,0.5209801728706012,0.7258451817388012,36.26576278650715
mixed_biomass_stream,hybrid_biorefinery,48.1897947015088,59.735433850755605,14.874309355522639,22.312783529330865,14.792110232959368,1.493802462947265,743.0507773159252,34.14469379244312,38.601585138187644,0.19601841740429565,7.2960329468594205,0.1822493307511428,0.8658547002583113,0.9194800258237172,19.643985800988844,0.9627731345234088,0.7028888949198024,0.2408582747250887,0.8940471141637574,0.8158417837916816,7.880858647412829,100.61897518704825,0.9676351077603998,0.98,0.04672614549468368,0.5509588087080186,0.6499116388181265,0.9532738545053163,70.22500466607006
food_waste,hybrid_biorefinery,72.79455585708934,77.24331034603318,10.232579520839025,23.121300823155828,8.491491683981705,4.264471416020156,815.4525502013946,19.049992526820613,37.477262949388646,0.18603846757147252,6.779972764470067,0.2541077994887656,0.4111388764028423,0.6110141818020878,56.85098158205631,0.9130315165387447,0.6759958894659294,0.5701261485028717,0.6595049414217916,0.3151742715637056,119.47297283132993,124.64402339219198,0.8953535594024081,0.9041812609524129,0.16917003630810476,0.26110916147706514,0.4133171639956364,0.8308299636918952,51.55253778145707
mixed_biomass_stream,gasification,48.00732494843585,58.070870978824345,20.969527634403036,22.330921250353178,15.08251105457818,11.254316500081732,646.4500873013435,10.882078870456654,20.123091440438003,0.26221653883298024,6.712733938151661,0.46915088076412087,0.7440870881442142,0.7385808238381391,19.424773374080832,0.8526760463680275,0.33058255672220327,0.5214149406880645,0.6674837665002487,0.3248178846324759,226.87154873906113,108.73801929523555,0.45562279658561977,0.8035905958504986,0.26509055974120155,0.0,0.4991545699073786,0.7349094402587985,35.77494068406042
msw_organic_fraction,pyrolysis,46.09593770909815,63.79453948078404,16.24663666524429,24.561132304419342,12.538634942289418,8.341145556081537,723.7506849107191,1.0,54.65510466708301,0.19861645966963,7.57587269192271,0.3168189609343929,0.8942724184707681,0.8813847492439353,18.23882230701125,0.8291381155237987,0.7929371043138208,0.49133459709635324,0.7898009773168442,0.22119810879119178,153.05326510431033,87.17753574754315,0.6444077423113916,0.8922095756845518,0.17286812977717264,0.17388762310568745,0.5898344484206772,0.8271318702228274,46.43748713839688
industrial_organic_residues,anaerobic_digestion,36.34492115955791,70.05766581541326,8.473136085313426,28.50368278259274,12.97901143555524,10.046025718683726,41.29858200465117,14.072289022317388,14.456751487994115,0.1148961793787305,7.349922745629138,0.6430267772905289,0.8675825318925491,0.5662409231938706,22.653754456566773,0.8535203920946224,0.6847872896814534,0.161835300860159,0.6529929909034993,0.4819605907633043,89.01725010275092,76.93072038083194,0.8043682098783311,0.8919722939481821,0.049614012596608664,0.34021493479804954,0.7011328016477589,0.9503859874033913,61.58009826038358
agricultural_residues,pyrolysis,35.3395587067611,67.87143599222625,10.70464911488327,38.004878684465794,18.08237722831649,7.824751594452558,811.7261876203161,1.121954222517617,40.50543294384041,0.1755877438936407,7.008249247940252,0.40465895411121855,0.49998884531688687,0.6690521318700373,18.626200581519946,0.8564266400801966,0.7042600575363515,0.3861177192099199,0.6472731980170023,0.502190417224153,103.27685782142161,96.10620495558838,0.6194177546719801,0.7784837402896211,0.17758659128140655,0.3031769926716322,0.6046597604441116,0.8224134087185935,54.05345465796196
food_waste,hybrid_biorefinery,70.72432798878408,65.12933141682095,11.273256645350216,17.07554554713416,10.447211531796249,6.094831056684963,718.8154474834815,24.235527286600764,25.095542772029642,0.2684660343855917,6.710054871763075,0.3175915780335441,0.898049142157872,0.8554488433615597,28.752331646885057,0.8694766045667863,0.15,0.14366410095262475,0.7306778047157428,0.29330726376239413,71.68681547735979,117.29470251070305,0.9054129600248245,0.9792174509293871,0.03234217233905768,0.3852290507081564,0.44718705849771073,0.9676578276609423,63.274232625490576
industrial_organic_residues,hybrid_biorefinery,46.287535066957275,70.70563355908243,8.597840621736765,31.25359967276733,15.769400054462341,8.585121568955874,687.5546393682462,20.716688465109076,41.121855859627665,0.11247948820125545,7.011354209489229,0.6376990206215878,0.8832445520365578,0.8920306831476699,28.81208432613599,1.0678436734488637,0.673537228982151,0.5157800237386875,0.5894911852271993,0.7725253823107008,28.014042441063115,120.58095955045786,0.8782928669738358,0.9651275317385276,0.127793080074986,0.4986648248284075,0.5353189548954181,0.872206919925014,70.5001768524799
msw_organic_fraction,pyrolysis,43.11103559058846,59.308686140141354,20.62564661961212,18.605079975672027,13.841640441153086,12.95918407986375,572.4285627767997,1.2739532150866042,60.616153977041655,0.13966622701278048,7.551153398452293,0.260692561604228,0.8240568668455027,0.8452786818635543,11.643122646111207,0.7230841025857879,1.0,0.4232970716911177,0.41891957140452896,0.32666157413792263,177.3957425665626,94.51685169737034,0.5148710092204242,0.8251689810005415,0.1812778488346562,0.11066040891801922,0.5744084321136569,0.8187221511653437,41.603754540677954
food_waste,anaerobic_digestion,88.0,75.7918079632456,8.55406603318316,20.281722006259905,9.197085980396128,0.5,28.277095821090633,22.43798320830126,4.465717151163583,0.15523419650031633,7.410364485200016,0.7042951668989732,0.7534877646429317,0.7342331968559366,38.97754483472667,0.7465558077614888,0.795325727819035,0.4562026204204292,0.45239336128702845,0.05,189.74219199784653,81.10229587174085,0.8259419536736751,0.9655279990126718,0.10805492862720029,0.07859170909650251,0.5841458112013639,0.8919450713727997,49.487006670874074
agricultural_residues,pyrolysis,26.565471813976544,66.08301517876787,10.705012484197898,44.17574823669223,18.1971617719052,2.850184084944832,710.5383689409092,7.008082189252359,44.53669905531423,0.20857188386243325,6.954571183387484,0.7844368638549643,0.578286923837719,0.6711431001412389,28.356879752553773,1.0259123673246147,0.6619902669289532,0.7946938998820288,0.5383369835426149,0.5402725137049833,146.71599844343825,95.58007685458286,0.6573879063994371,0.815610805558282,0.29050675531386044,0.19034805599106946,0.6158069169383444,0.7094932446861395,50.59955237927047
mixed_biomass_stream,hybrid_biorefinery,46.921184234474204,55.173847718888446,10.092547535225286,29.044055893220524,15.42907162303893,13.124108503126683,689.1586671244896,25.58057634135066,32.727973050358514,0.19307781072695535,6.758255438400342,0.598996461459191,0.8491994249623526,0.7394804285233161,4.128835531148897,0.6781025449521102,0.5936609259257299,0.278750815851624,0.4916976276976217,0.46133710154089896,86.13412931974517,108.26718371454643,0.8189753643192539,0.9121117473734763,0.0813812112467373,0.3477035602084541,0.5316668796308587,0.9186187887532626,58.59388907550473
sewage_sludge,pyrolysis,72.20047936468251,55.5446474866526,23.176260030959714,6.750171688229406,5.928363534941031,7.785680941135185,715.9676248694057,1.166383157250376,47.88517496720459,0.01,6.89466948300543,0.07414738943701603,0.9430471700954908,0.8888613559656321,2.162923298899222,0.7923944368538549,0.9868478501255613,0.11927366493755824,0.7569326447355499,0.05,216.20884438183097,72.29906956144924,0.6206651857509023,0.86075227806299,0.03952904608553485,0.009847157449789685,0.6304785812555304,0.9604709539144651,40.51281895472405
msw_organic_fraction,gasification,61.08738540409684,69.31453702481797,12.834393547950587,32.924663052567254,13.266057290775654,11.736314821699336,630.7450967633991,3.91639768825903,26.288084310484777,0.29845985078209286,6.871475451387572,0.4054980574024888,0.8804724907674236,0.7912850952866328,54.49738446735257,0.6897085171329342,0.8369773832854056,0.4706303928057178,0.5440026516003641,0.2445616388071432,276.16505896032857,119.82216282021126,0.41628630374039477,0.8142147827993045,0.2181123706699282,0.0,0.42316059832593333,0.7818876293300718,41.25804600653112
mixed_biomass_stream,gasification,36.824907924768624,56.8862860651481,12.340636396344422,26.917124154100414,16.482951280383148,9.760805225689724,698.6048773766494,4.015048444500877,38.66552780238299,0.2335551038400449,7.186973549210444,0.48506756412449203,0.613309507246091,0.6845019731877433,13.77717251143596,0.822357123959587,0.43121694563332524,0.40686146082794605,0.8129053026090923,0.38666088928271936,162.3562548600007,92.80624692627417,0.5037060942024044,0.7905454860192574,0.21689512313778772,0.14972401335064756,0.5966114644512817,0.7831048768622123,44.84942878113424
msw_organic_fraction,pyrolysis,70.74537570367212,61.80823079756793,11.41220837582781,22.04721853640769,12.176550210463855,14.057925985006989,496.3480010085925,1.0,48.1444909685697,0.04172204910512953,6.603084675778141,0.2518411376688216,0.6655932842942697,0.587368437113962,56.21195166961122,0.9078102111097544,0.7058926425416899,0.3681287182640481,0.8780154335063238,0.18452234856918942,241.07617533847377,115.13765335120144,0.6212456674950377,0.7712600920305823,0.1828677527128105,0.0,0.434607267468372,0.8171322472871895,39.35571458886025
sewage_sludge,hybrid_biorefinery,85.29901052244004,51.233854834553334,21.630324723759337,13.801267117438606,6.858464680792835,10.480651926192577,610.7893649618975,22.99989736803582,56.62990365987778,0.2809834574679968,6.856348306557123,0.5972772865562808,0.9472325377129078,0.8803810425066874,28.727770766225827,0.7340743118264327,0.6597595036288703,0.13947612581612825,0.7643017171851274,0.19291871359136215,137.71742964813762,121.50722540534585,0.9054930487374362,0.9465570730938568,0.03472212249106169,0.21372096195288928,0.40293040433038474,0.9652778775089383,55.01818074853523
industrial_organic_residues,anaerobic_digestion,50.40557540564847,76.66914852862148,17.852464478704007,25.395594695517858,15.190142910137128,7.376906884742253,40.3265280641288,29.866901705588944,3.0,0.13023528834949757,8.067667957773532,0.28069743835493377,0.3734056623046665,0.6335807306540419,15.025385533140312,0.6331113084490745,0.5715672236135928,0.36047523056474734,0.5349553844199462,0.7816387930906374,23.484124960310794,66.30318242811998,0.7645562929801855,0.8494345445239585,0.14242931963039324,0.510430844258933,0.8229964164372034,0.8575706803696068,66.7003262160804
food_waste,incineration_energy_recovery,82.26373047001547,70.18870739927696,13.300091289081312,22.625689665387593,8.889616002095886,5.363363748070442,569.3300754535862,1.0,58.65286760319043,0.5021782234282801,7.430271634933962,0.4969754807479819,0.8822750887906926,0.7481206067315254,28.207632547224136,0.3815745491868867,0.6596403440468565,0.19278196819156623,0.8651505218385661,0.06726333831866428,312.86431343127117,91.32248145726753,0.398502122682987,0.934614595125884,0.09760005210870025,0.0,0.5341532951813297,0.9023999478912997,38.84620421859616
